{
    "annotations": {
      "list": [
        {
          "builtIn": 1,
          "datasource": {
            "type": "datasource",
            "uid": "grafana"
          },
          "enable": true,
          "hide": true,
          "iconColor": "rgba(0, 211, 255, 1)",
          "name": "Annotations & Alerts",
          "target": {
            "limit": 100,
            "matchAny": false,
            "tags": [],
            "type": "dashboard"
          },
          "type": "dashboard"
        }
      ]
    },
    "description": "Kubernetes Cluster Overview - provides insignts into k8s health and its objects, including Percona Custom Resources",
    "editable": true,
    "fiscalYearStartMonth": 0,
    "graphTooltip": 1,
    "id": 74,
    "links": [],
    "liveNow": false,
    "panels": [
      {
        "collapsed": false,
        "gridPos": {
          "h": 1,
          "w": 24,
          "x": 0,
          "y": 0
        },
        "id": 27,
        "panels": [],
        "title": "Overview",
        "type": "row"
      },
      {
        "description": "The total number of nodes",
        "fieldConfig": {
          "defaults": {
            "color": {
              "mode": "thresholds"
            },
            "mappings": [],
            "thresholds": {
              "mode": "absolute",
              "steps": [
                {
                  "color": "text",
                  "value": null
                }
              ]
            }
          },
          "overrides": []
        },
        "gridPos": {
          "h": 4,
          "w": 3,
          "x": 0,
          "y": 1
        },
        "id": 25,
        "options": {
          "colorMode": "none",
          "graphMode": "none",
          "justifyMode": "auto",
          "orientation": "auto",
          "reduceOptions": {
            "calcs": [
              "lastNotNull"
            ],
            "fields": "",
            "values": false
          },
          "textMode": "auto"
        },
        "pluginVersion": "9.2.20",
        "targets": [
          {
            "editorMode": "code",
            "expr": "count(kube_node_info{k8s_cluster_id=\"$k8s_cluster\"})",
            "legendFormat": "__auto",
            "range": true,
            "refId": "A"
          }
        ],
        "title": "Total nodes",
        "type": "stat"
      },
      {
        "description": "The total number of nodes that are not in Ready state",
        "fieldConfig": {
          "defaults": {
            "color": {
              "mode": "thresholds"
            },
            "mappings": [],
            "thresholds": {
              "mode": "absolute",
              "steps": [
                {
                  "color": "green",
                  "value": null
                },
                {
                  "color": "yellow",
                  "value": 1
                }
              ]
            }
          },
          "overrides": []
        },
        "gridPos": {
          "h": 4,
          "w": 3,
          "x": 3,
          "y": 1
        },
        "id": 28,
        "options": {
          "colorMode": "value",
          "graphMode": "area",
          "justifyMode": "auto",
          "orientation": "auto",
          "reduceOptions": {
            "calcs": [
              "lastNotNull"
            ],
            "fields": "",
            "values": false
          },
          "textMode": "auto"
        },
        "pluginVersion": "9.2.20",
        "targets": [
          {
            "editorMode": "code",
            "expr": "sum(kube_node_status_condition{k8s_cluster_id=\"$k8s_cluster\",condition!=\"Ready\",status=\"true\"})",
            "legendFormat": "__auto",
            "range": true,
            "refId": "A"
          }
        ],
        "title": "Not Ready Nodes",
        "type": "stat"
      },
      {
        "description": "The total number of Pods in the cluster",
        "fieldConfig": {
          "defaults": {
            "color": {
              "mode": "thresholds"
            },
            "mappings": [],
            "thresholds": {
              "mode": "absolute",
              "steps": [
                {
                  "color": "text",
                  "value": null
                }
              ]
            }
          },
          "overrides": []
        },
        "gridPos": {
          "h": 4,
          "w": 3,
          "x": 6,
          "y": 1
        },
        "id": 29,
        "options": {
          "colorMode": "none",
          "graphMode": "none",
          "justifyMode": "auto",
          "orientation": "auto",
          "reduceOptions": {
            "calcs": [
              "lastNotNull"
            ],
            "fields": "",
            "values": false
          },
          "textMode": "auto"
        },
        "pluginVersion": "9.2.20",
        "targets": [
          {
            "editorMode": "code",
            "expr": "sum(kube_pod_status_phase{k8s_cluster_id=\"$k8s_cluster\"})",
            "legendFormat": "__auto",
            "range": true,
            "refId": "A"
          }
        ],
        "title": "Total Pods",
        "type": "stat"
      },
      {
        "description": "The total number of Pods not in the Running Status",
        "fieldConfig": {
          "defaults": {
            "color": {
              "mode": "thresholds"
            },
            "mappings": [],
            "thresholds": {
              "mode": "absolute",
              "steps": [
                {
                  "color": "green",
                  "value": null
                },
                {
                  "color": "#EAB839",
                  "value": 1
                }
              ]
            }
          },
          "overrides": []
        },
        "gridPos": {
          "h": 4,
          "w": 3,
          "x": 9,
          "y": 1
        },
        "id": 30,
        "options": {
          "colorMode": "value",
          "graphMode": "area",
          "justifyMode": "auto",
          "orientation": "auto",
          "reduceOptions": {
            "calcs": [
              "lastNotNull"
            ],
            "fields": "",
            "values": false
          },
          "textMode": "auto"
        },
        "pluginVersion": "9.2.20",
        "targets": [
          {
            "editorMode": "code",
            "expr": "sum(kube_pod_status_phase{k8s_cluster_id=\"$k8s_cluster\",phase!=\"Running\",phase!=\"Succeeded\"})",
            "legendFormat": "__auto",
            "range": true,
            "refId": "A"
          }
        ],
        "title": "Not Running Pods",
        "type": "stat"
      },
      {
        "description": "Total CPU (cores) capacity of the Kubernetes cluster",
        "fieldConfig": {
          "defaults": {
            "color": {
              "mode": "thresholds"
            },
            "mappings": [],
            "thresholds": {
              "mode": "absolute",
              "steps": [
                {
                  "color": "text",
                  "value": null
                }
              ]
            }
          },
          "overrides": []
        },
        "gridPos": {
          "h": 4,
          "w": 3,
          "x": 12,
          "y": 1
        },
        "id": 31,
        "options": {
          "colorMode": "none",
          "graphMode": "none",
          "justifyMode": "auto",
          "orientation": "auto",
          "reduceOptions": {
            "calcs": [
              "lastNotNull"
            ],
            "fields": "",
            "values": false
          },
          "textMode": "auto"
        },
        "pluginVersion": "9.2.20",
        "targets": [
          {
            "editorMode": "code",
            "expr": "sum(kube_node_status_capacity{k8s_cluster_id=\"$k8s_cluster\",resource=\"cpu\"})",
            "legendFormat": "__auto",
            "range": true,
            "refId": "A"
          }
        ],
        "title": "CPU capacity",
        "type": "stat"
      },
      {
        "description": "How many CPU cores were requested by Containers",
        "fieldConfig": {
          "defaults": {
            "color": {
              "mode": "thresholds"
            },
            "mappings": [],
            "thresholds": {
              "mode": "absolute",
              "steps": [
                {
                  "color": "text",
                  "value": null
                }
              ]
            }
          },
          "overrides": []
        },
        "gridPos": {
          "h": 4,
          "w": 3,
          "x": 15,
          "y": 1
        },
        "id": 33,
        "options": {
          "colorMode": "none",
          "graphMode": "none",
          "justifyMode": "auto",
          "orientation": "auto",
          "reduceOptions": {
            "calcs": [
              "lastNotNull"
            ],
            "fields": "",
            "values": false
          },
          "textMode": "auto"
        },
        "pluginVersion": "9.2.20",
        "targets": [
          {
            "editorMode": "code",
            "expr": "sum(kube_pod_container_resource_requests{k8s_cluster_id=\"$k8s_cluster\",resource=\"cpu\"})",
            "legendFormat": "__auto",
            "range": true,
            "refId": "A"
          }
        ],
        "title": "CPU requests",
        "type": "stat"
      },
      {
        "description": "Percentage showing the requested CPU cores or used CPU cluster capacity",
        "fieldConfig": {
          "defaults": {
            "color": {
              "mode": "thresholds"
            },
            "mappings": [],
            "max": 1,
            "min": 0,
            "thresholds": {
              "mode": "absolute",
              "steps": [
                {
                  "color": "green",
                  "value": null
                },
                {
                  "color": "#EAB839",
                  "value": 0.7
                },
                {
                  "color": "red",
                  "value": 0.9
                }
              ]
            },
            "unit": "percentunit"
          },
          "overrides": []
        },
        "gridPos": {
          "h": 4,
          "w": 3,
          "x": 18,
          "y": 1
        },
        "id": 32,
        "options": {
          "orientation": "auto",
          "reduceOptions": {
            "calcs": [
              "lastNotNull"
            ],
            "fields": "",
            "values": false
          },
          "showThresholdLabels": false,
          "showThresholdMarkers": false
        },
        "pluginVersion": "9.2.20",
        "targets": [
          {
            "editorMode": "code",
            "expr": "sum(kube_pod_container_resource_requests{k8s_cluster_id=\"$k8s_cluster\",resource=\"cpu\"}) / sum(kube_node_status_capacity{k8s_cluster_id=\"$k8s_cluster\",resource=\"cpu\"})",
            "legendFormat": "__auto",
            "range": true,
            "refId": "A"
          }
        ],
        "title": "CPU requests %",
        "type": "gauge"
      },
      {
        "description": "The sum of CPU (cores) limits for all containers in the cluster",
        "fieldConfig": {
          "defaults": {
            "color": {
              "mode": "thresholds"
            },
            "mappings": [],
            "thresholds": {
              "mode": "absolute",
              "steps": [
                {
                  "color": "text",
                  "value": null
                }
              ]
            }
          },
          "overrides": []
        },
        "gridPos": {
          "h": 4,
          "w": 3,
          "x": 21,
          "y": 1
        },
        "id": 47,
        "options": {
          "colorMode": "none",
          "graphMode": "none",
          "justifyMode": "auto",
          "orientation": "auto",
          "reduceOptions": {
            "calcs": [
              "lastNotNull"
            ],
            "fields": "",
            "values": false
          },
          "textMode": "auto"
        },
        "pluginVersion": "9.2.20",
        "targets": [
          {
            "editorMode": "code",
            "expr": "sum(kube_pod_container_resource_limits{k8s_cluster_id=\"$k8s_cluster\",resource=\"cpu\"})",
            "legendFormat": "__auto",
            "range": true,
            "refId": "A"
          }
        ],
        "title": "CPU limits",
        "type": "stat"
      },
      {
        "description": "The number of Percona Clusters (Custom Resources) deployed in the cluster",
        "fieldConfig": {
          "defaults": {
            "color": {
              "mode": "thresholds"
            },
            "mappings": [],
            "thresholds": {
              "mode": "percentage",
              "steps": [
                {
                  "color": "green",
                  "value": null
                },
                {
                  "color": "#EAB839",
                  "value": 70
                },
                {
                  "color": "red",
                  "value": 90
                }
              ]
            },
            "unit": "none"
          },
          "overrides": []
        },
        "gridPos": {
          "h": 4,
          "w": 6,
          "x": 0,
          "y": 5
        },
        "id": 40,
        "options": {
          "colorMode": "none",
          "graphMode": "none",
          "justifyMode": "auto",
          "orientation": "auto",
          "reduceOptions": {
            "calcs": [
              "lastNotNull"
            ],
            "fields": "",
            "values": false
          },
          "textMode": "auto"
        },
        "pluginVersion": "9.2.20",
        "targets": [
          {
            "editorMode": "code",
            "expr": "sum(sum(kube_pxc_info{k8s_cluster_id=\"$k8s_cluster\"}),sum(kube_psmdb_info{k8s_cluster_id=\"$k8s_cluster\"}),sum(kube_pg_info{k8s_cluster_id=\"$k8s_cluster\"}))",
            "legendFormat": "__auto",
            "range": true,
            "refId": "A"
          }
        ],
        "title": "Percona Clusters",
        "type": "stat"
      },
      {
        "description": "The number of Percona Clusters (Custom Resources) deployed in the cluster that are not in Ready state",
        "fieldConfig": {
          "defaults": {
            "color": {
              "mode": "thresholds"
            },
            "mappings": [],
            "thresholds": {
              "mode": "absolute",
              "steps": [
                {
                  "color": "green",
                  "value": null
                },
                {
                  "color": "#EAB839",
                  "value": 1
                }
              ]
            },
            "unit": "none"
          },
          "overrides": []
        },
        "gridPos": {
          "h": 4,
          "w": 6,
          "x": 6,
          "y": 5
        },
        "id": 42,
        "options": {
          "colorMode": "value",
          "graphMode": "area",
          "justifyMode": "auto",
          "orientation": "auto",
          "reduceOptions": {
            "calcs": [
              "lastNotNull"
            ],
            "fields": "",
            "values": false
          },
          "textMode": "auto"
        },
        "pluginVersion": "9.2.20",
        "targets": [
          {
            "editorMode": "code",
            "expr": "sum(sum(kube_pxc_status_state{k8s_cluster_id=\"$k8s_cluster\",state!=\"ready\"}),sum(kube_psmdb_status_state{k8s_cluster_id=\"$k8s_cluster\",state!=\"ready\"}),sum(kube_pg_status_state{k8s_cluster_id=\"$k8s_cluster\",state!=\"ready\"}))",
            "legendFormat": "__auto",
            "range": true,
            "refId": "A"
          }
        ],
        "title": "Percona Clusters not Ready",
        "type": "stat"
      },
      {
        "description": "Total Memory (RAM) capacity of the Kubernetes cluster",
        "fieldConfig": {
          "defaults": {
            "color": {
              "mode": "thresholds"
            },
            "mappings": [],
            "thresholds": {
              "mode": "absolute",
              "steps": [
                {
                  "color": "green",
                  "value": null
                }
              ]
            },
            "unit": "decbytes"
          },
          "overrides": []
        },
        "gridPos": {
          "h": 4,
          "w": 3,
          "x": 12,
          "y": 5
        },
        "id": 34,
        "options": {
          "colorMode": "none",
          "graphMode": "none",
          "justifyMode": "auto",
          "orientation": "auto",
          "reduceOptions": {
            "calcs": [
              "lastNotNull"
            ],
            "fields": "",
            "values": false
          },
          "textMode": "auto"
        },
        "pluginVersion": "9.2.20",
        "targets": [
          {
            "editorMode": "code",
            "expr": "sum(kube_node_status_capacity{k8s_cluster_id=\"$k8s_cluster\",resource=\"memory\"})",
            "legendFormat": "__auto",
            "range": true,
            "refId": "A"
          }
        ],
        "title": "Memory capacity",
        "type": "stat"
      },
      {
        "description": "How many Memory (RAM) bytes were requested by Containers",
        "fieldConfig": {
          "defaults": {
            "color": {
              "mode": "thresholds"
            },
            "mappings": [],
            "thresholds": {
              "mode": "absolute",
              "steps": [
                {
                  "color": "green",
                  "value": null
                }
              ]
            },
            "unit": "decbytes"
          },
          "overrides": []
        },
        "gridPos": {
          "h": 4,
          "w": 3,
          "x": 15,
          "y": 5
        },
        "id": 35,
        "options": {
          "colorMode": "none",
          "graphMode": "none",
          "justifyMode": "auto",
          "orientation": "auto",
          "reduceOptions": {
            "calcs": [
              "lastNotNull"
            ],
            "fields": "",
            "values": false
          },
          "textMode": "auto"
        },
        "pluginVersion": "9.2.20",
        "targets": [
          {
            "editorMode": "code",
            "expr": "sum(kube_pod_container_resource_requests{k8s_cluster_id=\"$k8s_cluster\",resource=\"memory\"})",
            "legendFormat": "__auto",
            "range": true,
            "refId": "A"
          }
        ],
        "title": "Memory requests",
        "type": "stat"
      },
      {
        "description": "Percentage showing the requested Memory or used Memory cluster capacity",
        "fieldConfig": {
          "defaults": {
            "color": {
              "mode": "thresholds"
            },
            "mappings": [],
            "max": 1,
            "min": 0,
            "thresholds": {
              "mode": "absolute",
              "steps": [
                {
                  "color": "green",
                  "value": null
                },
                {
                  "color": "#EAB839",
                  "value": 0.7
                },
                {
                  "color": "red",
                  "value": 0.9
                }
              ]
            },
            "unit": "percentunit"
          },
          "overrides": []
        },
        "gridPos": {
          "h": 4,
          "w": 3,
          "x": 18,
          "y": 5
        },
        "id": 36,
        "options": {
          "orientation": "auto",
          "reduceOptions": {
            "calcs": [
              "lastNotNull"
            ],
            "fields": "",
            "values": false
          },
          "showThresholdLabels": false,
          "showThresholdMarkers": false
        },
        "pluginVersion": "9.2.20",
        "targets": [
          {
            "editorMode": "code",
            "expr": "sum(kube_pod_container_resource_requests{k8s_cluster_id=\"$k8s_cluster\",resource=\"memory\"}) / sum(kube_node_status_capacity{k8s_cluster_id=\"$k8s_cluster\",resource=\"memory\"})",
            "legendFormat": "__auto",
            "range": true,
            "refId": "A"
          }
        ],
        "title": "Memory requests %",
        "type": "gauge"
      },
      {
        "description": "The sum of Memory (RAM) bytes limits set for containers",
        "fieldConfig": {
          "defaults": {
            "color": {
              "mode": "thresholds"
            },
            "mappings": [],
            "thresholds": {
              "mode": "absolute",
              "steps": [
                {
                  "color": "green",
                  "value": null
                }
              ]
            },
            "unit": "decbytes"
          },
          "overrides": []
        },
        "gridPos": {
          "h": 4,
          "w": 3,
          "x": 21,
          "y": 5
        },
        "id": 46,
        "options": {
          "colorMode": "none",
          "graphMode": "none",
          "justifyMode": "auto",
          "orientation": "auto",
          "reduceOptions": {
            "calcs": [
              "lastNotNull"
            ],
            "fields": "",
            "values": false
          },
          "textMode": "auto"
        },
        "pluginVersion": "9.2.20",
        "targets": [
          {
            "editorMode": "code",
            "expr": "sum(kube_pod_container_resource_limits{k8s_cluster_id=\"$k8s_cluster\",resource=\"memory\"})",
            "legendFormat": "__auto",
            "range": true,
            "refId": "A"
          }
        ],
        "title": "Memory limits",
        "type": "stat"
      },
      {
        "collapsed": false,
        "gridPos": {
          "h": 1,
          "w": 24,
          "x": 0,
          "y": 9
        },
        "id": 38,
        "panels": [],
        "title": "Cluster - Main",
        "type": "row"
      },
      {
        "fieldConfig": {
          "defaults": {
            "color": {
              "mode": "palette-classic"
            },
            "custom": {
              "axisCenteredZero": false,
              "axisColorMode": "text",
              "axisLabel": "",
              "axisPlacement": "auto",
              "barAlignment": 0,
              "drawStyle": "line",
              "fillOpacity": 20,
              "gradientMode": "none",
              "hideFrom": {
                "legend": false,
                "tooltip": false,
                "viz": false
              },
              "lineInterpolation": "linear",
              "lineWidth": 2,
              "pointSize": 1,
              "scaleDistribution": {
                "type": "linear"
              },
              "showPoints": "auto",
              "spanNulls": false,
              "stacking": {
                "group": "A",
                "mode": "none"
              },
              "thresholdsStyle": {
                "mode": "off"
              }
            },
            "mappings": [],
            "min": 0,
            "thresholds": {
              "mode": "absolute",
              "steps": [
                {
                  "color": "green",
                  "value": null
                },
                {
                  "color": "red",
                  "value": 80
                }
              ]
            }
          },
          "overrides": [
            {
              "matcher": {
                "id": "byName",
                "options": "Ready"
              },
              "properties": [
                {
                  "id": "color",
                  "value": {
                    "fixedColor": "green",
                    "mode": "fixed"
                  }
                }
              ]
            },
            {
              "matcher": {
                "id": "byName",
                "options": "CorruptDockerOverlay2"
              },
              "properties": [
                {
                  "id": "color",
                  "value": {
                    "fixedColor": "super-light-orange",
                    "mode": "fixed"
                  }
                }
              ]
            }
          ]
        },
        "gridPos": {
          "h": 9,
          "w": 12,
          "x": 0,
          "y": 10
        },
        "id": 6,
        "interval": "10s",
        "maxDataPoints": 100,
        "options": {
          "legend": {
            "calcs": [
              "mean",
              "max",
              "min"
            ],
            "displayMode": "table",
            "placement": "bottom",
            "showLegend": true,
            "sortBy": "Mean",
            "sortDesc": true
          },
          "tooltip": {
            "mode": "single",
            "sort": "none"
          }
        },
        "pluginVersion": "8.3.5",
        "targets": [
          {
            "editorMode": "code",
            "exemplar": true,
            "expr": "sum(kube_node_status_condition{k8s_cluster_id=\"$k8s_cluster\",status=\"true\"}) by (condition)",
            "interval": "",
            "legendFormat": "{{condition}}",
            "range": true,
            "refId": "Ready"
          }
        ],
        "title": "Node Status",
        "type": "timeseries"
      },
      {
        "fieldConfig": {
          "defaults": {
            "color": {
              "mode": "palette-classic"
            },
            "custom": {
              "axisCenteredZero": false,
              "axisColorMode": "text",
              "axisLabel": "",
              "axisPlacement": "auto",
              "barAlignment": 0,
              "drawStyle": "line",
              "fillOpacity": 20,
              "gradientMode": "none",
              "hideFrom": {
                "legend": false,
                "tooltip": false,
                "viz": false
              },
              "lineInterpolation": "linear",
              "lineWidth": 2,
              "pointSize": 1,
              "scaleDistribution": {
                "type": "linear"
              },
              "showPoints": "auto",
              "spanNulls": false,
              "stacking": {
                "group": "A",
                "mode": "none"
              },
              "thresholdsStyle": {
                "mode": "off"
              }
            },
            "mappings": [],
            "thresholds": {
              "mode": "absolute",
              "steps": [
                {
                  "color": "green",
                  "value": null
                },
                {
                  "color": "red",
                  "value": 80
                }
              ]
            },
            "unit": "none"
          },
          "overrides": [
            {
              "matcher": {
                "id": "byName",
                "options": "Running"
              },
              "properties": [
                {
                  "id": "color",
                  "value": {
                    "fixedColor": "green",
                    "mode": "fixed"
                  }
                }
              ]
            },
            {
              "matcher": {
                "id": "byName",
                "options": "Failed"
              },
              "properties": [
                {
                  "id": "color",
                  "value": {
                    "fixedColor": "dark-blue",
                    "mode": "fixed"
                  }
                }
              ]
            }
          ]
        },
        "gridPos": {
          "h": 9,
          "w": 12,
          "x": 12,
          "y": 10
        },
        "id": 4,
        "interval": "10s",
        "maxDataPoints": 100,
        "options": {
          "legend": {
            "calcs": [
              "mean",
              "max",
              "min"
            ],
            "displayMode": "table",
            "placement": "bottom",
            "showLegend": true,
            "sortBy": "Mean",
            "sortDesc": true
          },
          "tooltip": {
            "mode": "single",
            "sort": "none"
          }
        },
        "pluginVersion": "8.3.5",
        "targets": [
          {
            "editorMode": "code",
            "exemplar": true,
            "expr": "sum(kube_pod_status_phase{k8s_cluster_id=\"$k8s_cluster\"}) by (phase)",
            "interval": "",
            "legendFormat": "{{phase}}",
            "range": true,
            "refId": "Running"
          }
        ],
        "title": "Pod Status",
        "type": "timeseries"
      },
      {
        "description": "The health of Percona Custom Resources (CRs) for Clusters - PXC, Percona Server for MongoDB, Percona Distribution for PostgreSQL",
        "fieldConfig": {
          "defaults": {
            "color": {
              "mode": "palette-classic"
            },
            "custom": {
              "axisCenteredZero": false,
              "axisColorMode": "text",
              "axisLabel": "",
              "axisPlacement": "auto",
              "barAlignment": 0,
              "drawStyle": "line",
              "fillOpacity": 20,
              "gradientMode": "none",
              "hideFrom": {
                "legend": false,
                "tooltip": false,
                "viz": false
              },
              "lineInterpolation": "linear",
              "lineWidth": 2,
              "pointSize": 1,
              "scaleDistribution": {
                "type": "linear"
              },
              "showPoints": "auto",
              "spanNulls": false,
              "stacking": {
                "group": "A",
                "mode": "none"
              },
              "thresholdsStyle": {
                "mode": "off"
              }
            },
            "decimals": 1,
            "mappings": [],
            "min": 0,
            "thresholds": {
              "mode": "absolute",
              "steps": [
                {
                  "color": "green",
                  "value": null
                }
              ]
            }
          },
          "overrides": [
            {
              "matcher": {
                "id": "byName",
                "options": "ready"
              },
              "properties": [
                {
                  "id": "color",
                  "value": {
                    "fixedColor": "green",
                    "mode": "fixed"
                  }
                }
              ]
            },
            {
              "matcher": {
                "id": "byName",
                "options": "error"
              },
              "properties": [
                {
                  "id": "color",
                  "value": {
                    "fixedColor": "orange",
                    "mode": "fixed"
                  }
                }
              ]
            }
          ]
        },
        "gridPos": {
          "h": 8,
          "w": 12,
          "x": 0,
          "y": 19
        },
        "id": 39,
        "interval": "10s",
        "maxDataPoints": 100,
        "options": {
          "legend": {
            "calcs": [
              "mean",
              "max",
              "min"
            ],
            "displayMode": "table",
            "placement": "bottom",
            "showLegend": true,
            "sortBy": "Mean",
            "sortDesc": true
          },
          "tooltip": {
            "mode": "single",
            "sort": "none"
          }
        },
        "pluginVersion": "8.3.5",
        "targets": [
          {
            "editorMode": "code",
            "exemplar": true,
            "expr": "sum(kube_pxc_status_state{k8s_cluster_id=\"$k8s_cluster\"},kube_psmdb_status_state{k8s_cluster_id=\"$k8s_cluster\"},kube_pg_status_state{k8s_cluster_id=\"$k8s_cluster\"}) by (state)",
            "interval": "",
            "legendFormat": "{{phase}}",
            "range": true,
            "refId": "PVC Bound"
          }
        ],
        "title": "Percona Custom Resources - Clusters",
        "type": "timeseries"
      },
      {
        "description": "The table that lists Percona Custom Resources - Clusters",
        "fieldConfig": {
          "defaults": {
            "color": {
              "mode": "thresholds"
            },
            "custom": {
              "align": "auto",
              "displayMode": "auto",
              "inspect": false
            },
            "mappings": [],
            "noValue": "No databases on this Kubernetes cluster",
            "thresholds": {
              "mode": "absolute",
              "steps": [
                {
                  "color": "green",
                  "value": null
                }
              ]
            }
          },
          "overrides": [
            {
              "matcher": {
                "id": "byName",
                "options": "name"
              },
              "properties": [
                {
                  "id": "links",
                  "value": [
                    {
                      "title": "",
                      "url": "/d/k8s-db-summary/percona-db-cluster?var-namespace=${__data.fields[namespace]}&${k8s_cluster:queryparam}&var-k8s_db_type=${__data.fields[operator]}&var-k8s_db_cr=${__data.fields[name]}\n"
                    }
                  ]
                }
              ]
            },
            {
              "matcher": {
                "id": "byName",
                "options": "customresource_kind"
              },
              "properties": [
                {
                  "id": "mappings",
                  "value": [
                    {
                      "options": {
                        "PerconaPGCluster": {
                          "index": 1,
                          "text": "percona-postgresql-operator"
                        },
                        "PerconaServerMongoDB": {
                          "index": 2,
                          "text": "percona-server-mongodb-operator"
                        },
                        "PerconaServerMySQL": {
                          "index": 3,
                          "text": "percona-server-mysql-operator"
                        },
                        "PerconaXtraDBCluster": {
                          "index": 0,
                          "text": "percona-xtradb-cluster-operator"
                        }
                      },
                      "type": "value"
                    }
                  ]
                }
              ]
            },
            {
              "matcher": {
                "id": "byName",
                "options": "operator"
              },
              "properties": [
                {
                  "id": "custom.width",
                  "value": 260
                }
              ]
            }
          ]
        },
        "gridPos": {
          "h": 8,
          "w": 12,
          "x": 12,
          "y": 19
        },
        "id": 44,
        "options": {
          "footer": {
            "fields": "",
            "reducer": [
              "sum"
            ],
            "show": false
          },
          "showHeader": true,
          "sortBy": [
            {
              "desc": true,
              "displayName": "operator"
            }
          ]
        },
        "pluginVersion": "9.2.20",
        "targets": [
          {
            "editorMode": "code",
            "expr": "kube_pxc_status_state{k8s_cluster_id=\"$k8s_cluster\"}",
            "legendFormat": "__auto",
            "range": true,
            "refId": "A"
          },
          {
            "editorMode": "code",
            "expr": "kube_psmdb_status_state{k8s_cluster_id=\"$k8s_cluster\"}",
            "hide": false,
            "legendFormat": "__auto",
            "range": true,
            "refId": "B"
          },
          {
            "editorMode": "code",
            "expr": "kube_pg_status_state{k8s_cluster_id=\"$k8s_cluster\"}",
            "hide": false,
            "legendFormat": "__auto",
            "range": true,
            "refId": "C"
          }
        ],
        "title": "Percona Custom Resources - Clusters",
        "transformations": [
          {
            "id": "labelsToFields",
            "options": {}
          },
          {
            "id": "merge",
            "options": {}
          },
          {
            "id": "filterByValue",
            "options": {
              "filters": [
                {
                  "config": {
                    "id": "equal",
                    "options": {
                      "value": 1
                    }
                  },
                  "fieldName": "Value"
                }
              ],
              "match": "any",
              "type": "include"
            }
          },
          {
            "id": "organize",
            "options": {
              "excludeByName": {
                "container": false,
                "customresource_group": false,
                "customresource_kind": false,
                "customresource_version": false,
                "state": false
              },
              "indexByName": {},
              "renameByName": {
                "container": "",
                "customresource_group": "",
                "customresource_kind": "operator",
                "customresource_version": "",
                "name": ""
              }
            }
          },
          {
            "id": "groupBy",
            "options": {
              "fields": {
                "Operator": {
                  "aggregations": [],
                  "operation": "groupby"
                },
                "Value": {
                  "aggregations": [
                    "last"
                  ]
                },
                "cluster": {
                  "aggregations": []
                },
                "cluster name": {
                  "aggregations": [],
                  "operation": "groupby"
                },
                "container": {
                  "aggregations": []
                },
                "customresource_group": {
                  "aggregations": []
                },
                "customresource_kind": {
                  "aggregations": [],
                  "operation": "groupby"
                },
                "customresource_version": {
                  "aggregations": []
                },
                "instance": {
                  "aggregations": []
                },
                "name": {
                  "aggregations": [],
                  "operation": "groupby"
                },
                "namespace": {
                  "aggregations": [],
                  "operation": "groupby"
                },
                "operator": {
                  "aggregations": [],
                  "operation": "groupby"
                },
                "state": {
                  "aggregations": [
                    "last"
                  ],
                  "operation": "aggregate"
                }
              }
            }
          }
        ],
        "type": "table"
      },
      {
        "description": "The health of Percona Custom Resources (CRs) for Backups - pxc-backup, psmdb-backup, pg-backup",
        "fieldConfig": {
          "defaults": {
            "color": {
              "mode": "palette-classic"
            },
            "custom": {
              "axisCenteredZero": false,
              "axisColorMode": "text",
              "axisLabel": "",
              "axisPlacement": "auto",
              "barAlignment": 0,
              "drawStyle": "line",
              "fillOpacity": 20,
              "gradientMode": "none",
              "hideFrom": {
                "legend": false,
                "tooltip": false,
                "viz": false
              },
              "lineInterpolation": "linear",
              "lineWidth": 2,
              "pointSize": 1,
              "scaleDistribution": {
                "type": "linear"
              },
              "showPoints": "auto",
              "spanNulls": false,
              "stacking": {
                "group": "A",
                "mode": "none"
              },
              "thresholdsStyle": {
                "mode": "off"
              }
            },
            "decimals": 1,
            "mappings": [],
            "min": 0,
            "thresholds": {
              "mode": "absolute",
              "steps": [
                {
                  "color": "green",
                  "value": null
                },
                {
                  "color": "red",
                  "value": 80
                }
              ]
            }
          },
          "overrides": []
        },
        "gridPos": {
          "h": 8,
          "w": 12,
          "x": 0,
          "y": 27
        },
        "id": 41,
        "interval": "10s",
        "maxDataPoints": 100,
        "options": {
          "legend": {
            "calcs": [
              "mean",
              "max",
              "min"
            ],
            "displayMode": "table",
            "placement": "bottom",
            "showLegend": true
          },
          "tooltip": {
            "mode": "single",
            "sort": "none"
          }
        },
        "pluginVersion": "8.3.5",
        "targets": [
          {
            "editorMode": "code",
            "exemplar": true,
            "expr": "sum(kube_pxc_backup_status_state{k8s_cluster_id=\"$k8s_cluster\"},kube_psmdb_backup_status_state{k8s_cluster_id=\"$k8s_cluster\"},kube_pg_backup_status_state{k8s_cluster_id=\"$k8s_cluster\"}) by (state)",
            "interval": "",
            "legendFormat": "{{phase}}",
            "range": true,
            "refId": "PVC Bound"
          }
        ],
        "title": "Percona Custom Resources - Backups",
        "type": "timeseries"
      },
      {
        "description": "The table that lists Percona Custom Resources - Backups",
        "fieldConfig": {
          "defaults": {
            "color": {
              "mode": "thresholds"
            },
            "custom": {
              "align": "auto",
              "displayMode": "auto",
              "inspect": false
            },
            "mappings": [],
            "noValue": "No backups were created for databases",
            "thresholds": {
              "mode": "absolute",
              "steps": [
                {
                  "color": "green",
                  "value": null
                },
                {
                  "color": "red",
                  "value": 80
                }
              ]
            }
          },
          "overrides": []
        },
        "gridPos": {
          "h": 8,
          "w": 12,
          "x": 12,
          "y": 27
        },
        "id": 45,
        "options": {
          "footer": {
            "fields": "",
            "reducer": [
              "sum"
            ],
            "show": false
          },
          "showHeader": true
        },
        "pluginVersion": "9.2.20",
        "targets": [
          {
            "editorMode": "code",
            "expr": "kube_pxc_backup_status_state{k8s_cluster_id=\"$k8s_cluster\"}",
            "legendFormat": "__auto",
            "range": true,
            "refId": "A"
          },
          {
            "editorMode": "code",
            "expr": "kube_psmdb_backup_status_state{k8s_cluster_id=\"$k8s_cluster\"}",
            "hide": false,
            "legendFormat": "__auto",
            "range": true,
            "refId": "B"
          },
          {
            "editorMode": "code",
            "expr": "kube_pg_backup_status_state{k8s_cluster_id=\"$k8s_cluster\"}",
            "hide": false,
            "legendFormat": "__auto",
            "range": true,
            "refId": "C"
          }
        ],
        "title": "Percona Custom Resources - Backups",
        "transformations": [
          {
            "id": "labelsToFields",
            "options": {}
          },
          {
            "id": "merge",
            "options": {}
          },
          {
            "id": "filterByValue",
            "options": {
              "filters": [
                {
                  "config": {
                    "id": "equal",
                    "options": {
                      "value": 1
                    }
                  },
                  "fieldName": "Value"
                }
              ],
              "match": "any",
              "type": "include"
            }
          },
          {
            "id": "organize",
            "options": {
              "excludeByName": {
                "state": false
              },
              "indexByName": {},
              "renameByName": {}
            }
          },
          {
            "id": "groupBy",
            "options": {
              "fields": {
                "Value": {
                  "aggregations": [
                    "last"
                  ]
                },
                "customresource_kind": {
                  "aggregations": [],
                  "operation": "groupby"
                },
                "name": {
                  "aggregations": [],
                  "operation": "groupby"
                },
                "namespace": {
                  "aggregations": [],
                  "operation": "groupby"
                },
                "state": {
                  "aggregations": [
                    "last"
                  ],
                  "operation": "aggregate"
                }
              }
            }
          }
        ],
        "type": "table"
      },
      {
        "fieldConfig": {
          "defaults": {
            "color": {
              "mode": "palette-classic"
            },
            "custom": {
              "axisCenteredZero": false,
              "axisColorMode": "text",
              "axisLabel": "",
              "axisPlacement": "auto",
              "barAlignment": 0,
              "drawStyle": "line",
              "fillOpacity": 20,
              "gradientMode": "none",
              "hideFrom": {
                "legend": false,
                "tooltip": false,
                "viz": false
              },
              "lineInterpolation": "linear",
              "lineWidth": 2,
              "pointSize": 1,
              "scaleDistribution": {
                "type": "linear"
              },
              "showPoints": "auto",
              "spanNulls": false,
              "stacking": {
                "group": "A",
                "mode": "none"
              },
              "thresholdsStyle": {
                "mode": "off"
              }
            },
            "decimals": 1,
            "mappings": [],
            "min": 0,
            "thresholds": {
              "mode": "absolute",
              "steps": [
                {
                  "color": "green"
                },
                {
                  "color": "red",
                  "value": 80
                }
              ]
            }
          },
          "overrides": []
        },
        "gridPos": {
          "h": 8,
          "w": 12,
          "x": 0,
          "y": 35
        },
        "id": 5,
        "interval": "10s",
        "maxDataPoints": 100,
        "options": {
          "legend": {
            "calcs": [
              "mean",
              "max",
              "min"
            ],
            "displayMode": "table",
            "placement": "bottom",
            "showLegend": true
          },
          "tooltip": {
            "mode": "single",
            "sort": "none"
          }
        },
        "pluginVersion": "8.3.5",
        "targets": [
          {
            "editorMode": "code",
            "exemplar": true,
            "expr": "sum(kube_persistentvolumeclaim_status_phase{k8s_cluster_id=\"$k8s_cluster\"}) by (phase)",
            "interval": "",
            "legendFormat": "{{phase}}",
            "range": true,
            "refId": "PVC Bound"
          }
        ],
        "title": "PV and PVC Status",
        "type": "timeseries"
      },
      {
        "fieldConfig": {
          "defaults": {
            "color": {
              "mode": "thresholds"
            },
            "custom": {
              "align": "auto",
              "displayMode": "auto",
              "inspect": false
            },
            "mappings": [],
            "noValue": "Can't find any storage classes",
            "thresholds": {
              "mode": "absolute",
              "steps": [
                {
                  "color": "green"
                },
                {
                  "color": "red",
                  "value": 80
                }
              ]
            }
          },
          "overrides": [
            {
              "matcher": {
                "id": "byName",
                "options": "__name__"
              },
              "properties": [
                {
                  "id": "custom.width",
                  "value": 169
                }
              ]
            },
            {
              "matcher": {
                "id": "byName",
                "options": "instance"
              },
              "properties": [
                {
                  "id": "custom.width",
                  "value": 347
                }
              ]
            },
            {
              "matcher": {
                "id": "byName",
                "options": "Reclaim Policy"
              },
              "properties": [
                {
                  "id": "custom.width",
                  "value": 112
                }
              ]
            },
            {
              "matcher": {
                "id": "byName",
                "options": "Provisioner"
              },
              "properties": [
                {
                  "id": "custom.width",
                  "value": 172
                }
              ]
            },
            {
              "matcher": {
                "id": "byName",
                "options": "Storage Class"
              },
              "properties": [
                {
                  "id": "custom.width",
                  "value": 115
                }
              ]
            },
            {
              "matcher": {
                "id": "byName",
                "options": "container"
              },
              "properties": [
                {
                  "id": "custom.hidden",
                  "value": true
                }
              ]
            },
            {
              "matcher": {
                "id": "byName",
                "options": "namespace"
              },
              "properties": [
                {
                  "id": "custom.hidden",
                  "value": true
                }
              ]
            },
            {
              "matcher": {
                "id": "byName",
                "options": "pod"
              },
              "properties": [
                {
                  "id": "custom.width",
                  "value": 315
                }
              ]
            },
            {
              "matcher": {
                "id": "byName",
                "options": "endpoint"
              },
              "properties": [
                {
                  "id": "custom.hidden",
                  "value": true
                }
              ]
            },
            {
              "matcher": {
                "id": "byName",
                "options": "pod"
              },
              "properties": [
                {
                  "id": "custom.hidden",
                  "value": true
                }
              ]
            },
            {
              "matcher": {
                "id": "byName",
                "options": "service"
              },
              "properties": [
                {
                  "id": "custom.hidden",
                  "value": true
                }
              ]
            }
          ]
        },
        "gridPos": {
          "h": 8,
          "w": 12,
          "x": 12,
          "y": 35
        },
        "id": 11,
        "options": {
          "footer": {
            "fields": "",
            "reducer": [
              "sum"
            ],
            "show": false
          },
          "showHeader": true,
          "sortBy": [
            {
              "desc": false,
              "displayName": "cluster"
            }
          ]
        },
        "pluginVersion": "9.2.20",
        "targets": [
          {
            "editorMode": "code",
            "exemplar": false,
            "expr": "kube_storageclass_info{k8s_cluster_id=\"$k8s_cluster\"}",
            "format": "table",
            "instant": true,
            "interval": "",
            "legendFormat": "",
            "range": false,
            "refId": "A"
          }
        ],
        "title": "Storage Class",
        "transformations": [
          {
            "id": "organize",
            "options": {
              "excludeByName": {
                "Time": true,
                "Value": true,
                "__name__": true,
                "cluster": true,
                "instance": true,
                "job": true,
                "prometheus": true
              },
              "indexByName": {},
              "renameByName": {
                "provisioner": "Provisioner",
                "reclaim_policy": "Reclaim Policy",
                "storageclass": "Storage Class",
                "volume_binding_mode": "Bind Mode"
              }
            }
          }
        ],
        "type": "table"
      },
      {
        "collapsed": false,
        "gridPos": {
          "h": 1,
          "w": 24,
          "x": 0,
          "y": 43
        },
        "id": 49,
        "panels": [],
        "title": "Cluster - Compute and Network",
        "type": "row"
      },
      {
        "description": "CPU and Memory requests and limits utilization for the whole Kubernetes cluster",
        "fieldConfig": {
          "defaults": {
            "color": {
              "mode": "palette-classic"
            },
            "custom": {
              "axisCenteredZero": false,
              "axisColorMode": "text",
              "axisLabel": "",
              "axisPlacement": "auto",
              "barAlignment": 0,
              "drawStyle": "line",
              "fillOpacity": 20,
              "gradientMode": "none",
              "hideFrom": {
                "legend": false,
                "tooltip": false,
                "viz": false
              },
              "lineInterpolation": "linear",
              "lineWidth": 2,
              "pointSize": 1,
              "scaleDistribution": {
                "type": "linear"
              },
              "showPoints": "auto",
              "spanNulls": false,
              "stacking": {
                "group": "A",
                "mode": "none"
              },
              "thresholdsStyle": {
                "mode": "off"
              }
            },
            "mappings": [],
            "min": 0,
            "thresholds": {
              "mode": "absolute",
              "steps": [
                {
                  "color": "green"
                },
                {
                  "color": "red",
                  "value": 80
                }
              ]
            },
            "unit": "percent"
          },
          "overrides": []
        },
        "gridPos": {
          "h": 8,
          "w": 12,
          "x": 0,
          "y": 44
        },
        "id": 2,
        "interval": "1s",
        "maxDataPoints": 1000,
        "options": {
          "legend": {
            "calcs": [
              "mean",
              "max",
              "min"
            ],
            "displayMode": "table",
            "placement": "bottom",
            "showLegend": true
          },
          "tooltip": {
            "mode": "single",
            "sort": "none"
          }
        },
        "pluginVersion": "8.3.5",
        "targets": [
          {
            "editorMode": "code",
            "expr": "sum(kube_pod_container_resource_requests{k8s_cluster_id=\"$k8s_cluster\",resource=\"cpu\"}) / \r\nsum(kube_node_status_capacity{k8s_cluster_id=\"$k8s_cluster\",resource=\"cpu\"})\r\n* 100",
            "hide": false,
            "legendFormat": "CPU Request %",
            "range": true,
            "refId": "A"
          },
          {
            "editorMode": "code",
            "expr": "sum(kube_pod_container_resource_limits{k8s_cluster_id=\"$k8s_cluster\",resource=\"cpu\"}) / \r\nsum(kube_node_status_capacity{k8s_cluster_id=\"$k8s_cluster\",resource=\"cpu\"})\r\n* 100",
            "hide": false,
            "legendFormat": "CPU Limit %",
            "range": true,
            "refId": "B"
          },
          {
            "editorMode": "code",
            "expr": "sum(kube_pod_container_resource_requests{k8s_cluster_id=\"$k8s_cluster\",resource=\"memory\"}) / \r\nsum(kube_node_status_capacity{k8s_cluster_id=\"$k8s_cluster\",resource=\"memory\"})\r\n* 100",
            "hide": false,
            "legendFormat": "Memory Requests %",
            "range": true,
            "refId": "C"
          },
          {
            "editorMode": "code",
            "expr": "sum(kube_pod_container_resource_limits{k8s_cluster_id=\"$k8s_cluster\",resource=\"memory\"}) / \r\nsum(kube_node_status_capacity{k8s_cluster_id=\"$k8s_cluster\",resource=\"memory\"})\r\n* 100",
            "hide": false,
            "legendFormat": "Memory Limit %",
            "range": true,
            "refId": "D"
          }
        ],
        "title": "CPU and Memory %",
        "type": "timeseries"
      },
      {
        "fieldConfig": {
          "defaults": {
            "color": {
              "mode": "palette-classic"
            },
            "custom": {
              "axisCenteredZero": false,
              "axisColorMode": "text",
              "axisLabel": "",
              "axisPlacement": "auto",
              "barAlignment": 0,
              "drawStyle": "line",
              "fillOpacity": 20,
              "gradientMode": "none",
              "hideFrom": {
                "legend": false,
                "tooltip": false,
                "viz": false
              },
              "lineInterpolation": "linear",
              "lineWidth": 2,
              "pointSize": 5,
              "scaleDistribution": {
                "type": "linear"
              },
              "showPoints": "auto",
              "spanNulls": false,
              "stacking": {
                "group": "A",
                "mode": "none"
              },
              "thresholdsStyle": {
                "mode": "off"
              }
            },
            "mappings": [],
            "thresholds": {
              "mode": "absolute",
              "steps": [
                {
                  "color": "green"
                },
                {
                  "color": "red",
                  "value": 80
                }
              ]
            },
            "unit": "Bps"
          },
          "overrides": []
        },
        "gridPos": {
          "h": 8,
          "w": 12,
          "x": 12,
          "y": 44
        },
        "id": 3,
        "interval": "1s",
        "maxDataPoints": 1000,
        "options": {
          "legend": {
            "calcs": [
              "mean",
              "max",
              "min"
            ],
            "displayMode": "table",
            "placement": "bottom",
            "showLegend": true
          },
          "tooltip": {
            "mode": "single",
            "sort": "none"
          }
        },
        "pluginVersion": "8.3.5",
        "targets": [
          {
            "editorMode": "code",
            "exemplar": true,
            "expr": "sum (rate (container_network_receive_bytes_total{k8s_cluster_id=\"$k8s_cluster\"}[1m]))",
            "interval": "",
            "legendFormat": "Received",
            "range": true,
            "refId": "CPU"
          },
          {
            "editorMode": "code",
            "exemplar": true,
            "expr": "- sum (rate (container_network_transmit_bytes_total{k8s_cluster_id=\"$k8s_cluster\"}[1m]))",
            "hide": false,
            "interval": "",
            "legendFormat": "Sent",
            "range": true,
            "refId": "Memory"
          }
        ],
        "title": "Cluster Network",
        "type": "timeseries"
      }
    ],
    "refresh": "5m",
    "schemaVersion": 37,
    "style": "dark",
    "tags": [
      "Kubernetes",
      "Operators",
      "Percona"
    ],
    "templating": {
      "list": [
        {
          "current": {
            "selected": false,
            "text": "Metrics",
            "value": "Metrics"
          },
          "hide": 0,
          "includeAll": false,
          "multi": false,
          "name": "datasource",
          "options": [],
          "query": "prometheus",
          "queryValue": "",
          "refresh": 1,
          "regex": "",
          "skipUrlSync": false,
          "type": "datasource"
        },
        {
          "current": {
            "selected": false,
            "text": "1m",
            "value": "1m"
          },
          "hide": 0,
          "includeAll": false,
          "multi": false,
          "name": "Data_Usage_Interval",
          "options": [
            {
              "selected": true,
              "text": "1m",
              "value": "1m"
            },
            {
              "selected": false,
              "text": "1h",
              "value": "1h"
            },
            {
              "selected": false,
              "text": "1d",
              "value": "1d"
            },
            {
              "selected": false,
              "text": "1w",
              "value": "1w"
            }
          ],
          "query": "1m,1h,1d,1w",
          "queryValue": "",
          "skipUrlSync": false,
          "type": "custom"
        },
        {
          "allValue": ".*",
          "current": {
            "selected": false,
            "text": "sp-cluster",
            "value": "sp-cluster"
          },
          "definition": "label_values(k8s_cluster_id)",
          "hide": 0,
          "includeAll": false,
          "label": "K8S Cluster",
          "multi": false,
          "name": "k8s_cluster",
          "options": [],
          "query": {
            "query": "label_values(k8s_cluster_id)",
            "refId": "StandardVariableQuery"
          },
          "refresh": 2,
          "regex": "",
          "skipUrlSync": false,
          "sort": 1,
          "type": "query"
        }
      ]
    },
    "time": {
      "from": "now-12h",
      "to": "now"
    },
    "timepicker": {},
    "timezone": "",
    "title": "Kubernetes Cluster Overview",
    "uid": "k8s-cluster-overview",
    "version": 8,
    "weekStart": ""
  }
