{
  "annotations": {
    "list": [
      {
        "builtIn": 1,
        "datasource": "-- Grafana --",
        "enable": true,
        "hide": false,
        "iconColor": "#e0752d",
        "limit": 100,
        "matchAny": true,
        "name": "PMM Annotations",
        "showIn": 0,
        "tags": [
          "pmm_annotation",
          "$service_name"
        ],
        "target": {
          "limit": 100,
          "matchAny": true,
          "tags": [
            "pmm_annotation",
            "$service_name"
          ],
          "type": "tags"
        },
        "type": "tags"
      },
      {
        "builtIn": 1,
        "datasource": "-- Grafana --",
        "enable": true,
        "hide": true,
        "iconColor": "#6ed0e0",
        "limit": 100,
        "name": "Annotations & Alerts",
        "showIn": 0,
        "tags": [],
        "target": {
          "limit": 100,
          "matchAny": false,
          "tags": [],
          "type": "dashboard"
        },
        "type": "dashboard"
      }
    ]
  },
  "editable": false,
  "fiscalYearStartMonth": 0,
  "graphTooltip": 1,
  "id": null,
  "iteration": 1656498489966,
  "links": [
    {
      "icon": "doc",
      "includeVars": true,
      "keepTime": true,
      "tags": [
        "Home"
      ],
      "targetBlank": false,
      "title": "Home",
      "type": "link",
      "url": "/graph/d/pmm-home/home-dashboard"
    },
    {
      "icon": "dashboard",
      "includeVars": true,
      "keepTime": true,
      "tags": [
        "Query Analytics"
      ],
      "targetBlank": false,
      "title": "Query Analytics",
      "type": "link",
      "url": "/graph/d/pmm-qan/pmm-query-analytics"
    },
    {
      "icon": "bolt",
      "includeVars": true,
      "keepTime": true,
      "tags": [
        "Compare"
      ],
      "targetBlank": false,
      "title": "Compare",
      "type": "link",
      "url": "/graph/d/mysql-instance-compare/mysql-instances-compare"
    },
    {
      "asDropdown": true,
      "includeVars": true,
      "keepTime": true,
      "tags": [
        "MySQL"
      ],
      "targetBlank": false,
      "title": "MySQL",
      "type": "dashboards"
    },
    {
      "asDropdown": true,
      "includeVars": true,
      "keepTime": true,
      "tags": [
        "MySQL_HA"
      ],
      "targetBlank": false,
      "title": "HA",
      "type": "dashboards"
    },
    {
      "asDropdown": true,
      "includeVars": false,
      "keepTime": true,
      "tags": [
        "Services"
      ],
      "targetBlank": false,
      "title": "Services",
      "type": "dashboards"
    },
    {
      "asDropdown": true,
      "includeVars": false,
      "keepTime": true,
      "tags": [
        "PMM"
      ],
      "targetBlank": false,
      "title": "PMM",
      "type": "dashboards"
    }
  ],
  "liveNow": false,
  "panels": [
    {
      "aliasColors": {
        "Amazon Aurora Commit avg Latency": "#962d82",
        "Number of Amazon Aurora Commits ": "#0a50a1",
        "Write Transactions": "#e24d42"
      },
      "bars": false,
      "dashLength": 10,
      "dashes": false,
      "decimals": 2,
      "description": "This graph shows the number of Commits which Amazon Aurora engine performed as well as average commit latency. Graph Latency does not always correlate with the number of performed commits and can be quite high in certain situations.\n\n* **Number of Amazon Aurora Commits**: The average number of commit operations per second.\n\n* **Amazon Aurora Commit avg Latency**: The average amount of latency for commit operations",
      "editable": true,
      "error": false,
      "fieldConfig": {
        "defaults": {
          "links": []
        },
        "overrides": []
      },
      "fill": 2,
      "fillGradient": 0,
      "grid": {},
      "gridPos": {
        "h": 8,
        "w": 12,
        "x": 0,
        "y": 0
      },
      "hiddenSeries": false,
      "id": 3,
      "legend": {
        "alignAsTable": true,
        "avg": true,
        "current": false,
        "max": true,
        "min": true,
        "rightSide": false,
        "show": true,
        "sort": "avg",
        "sortDesc": true,
        "total": false,
        "values": true
      },
      "lines": true,
      "linewidth": 2,
      "links": [],
      "nullPointMode": "null",
      "options": {
        "alertThreshold": true
      },
      "paceLength": 10,
      "percentage": false,
      "pluginVersion": "8.3.5",
      "pointradius": 5,
      "points": false,
      "renderer": "flot",
      "seriesOverrides": [
        {
          "alias": "Key Reads",
          "fill": 0
        },
        {
          "alias": "Key Writes",
          "fill": 0,
          "transform": "negative-Y"
        },
        {
          "alias": "Key Write Requests",
          "transform": "negative-Y"
        },
        {
          "alias": "Avg Write Transactions Latency",
          "yaxis": 2
        },
        {
          "alias": "Amazon Aurora Commit avg Latency",
          "yaxis": 2
        }
      ],
      "spaceLength": 10,
      "stack": false,
      "steppedLine": false,
      "targets": [
        {
          "calculatedInterval": "2m",
          "datasourceErrors": {},
          "errors": {},
          "expr": "avg by (service_name) (rate(mysql_global_status_auroradb_commits{service_name=~\"$service_name\"}[$interval]) or irate(mysql_global_status_auroradb_commits{service_name=~\"$service_name\"}[5m]))",
          "format": "time_series",
          "interval": "$interval",
          "intervalFactor": 1,
          "legendFormat": "Number of Amazon Aurora Commits ",
          "metric": "",
          "refId": "D",
          "step": 300
        },
        {
          "calculatedInterval": "2m",
          "datasourceErrors": {},
          "errors": {},
          "expr": "avg by (service_name) (rate(mysql_global_status_auroradb_commit_latency{service_name=~\"$service_name\"}[$interval])/(rate(mysql_global_status_auroradb_commits{service_name=~\"$service_name\"}[$interval]) > 0)) or avg by (service_name) (irate(mysql_global_status_auroradb_commit_latency{service_name=~\"$service_name\"}[5m])/(irate(mysql_global_status_auroradb_commits{service_name=~\"$service_name\"}[5m]) > 0))",
          "format": "time_series",
          "interval": "$interval",
          "intervalFactor": 1,
          "legendFormat": "Amazon Aurora Commit avg Latency",
          "metric": "",
          "refId": "A",
          "step": 300
        }
      ],
      "thresholds": [],
      "timeRegions": [],
      "title": "Amazon Aurora Transaction Commits",
      "tooltip": {
        "msResolution": false,
        "shared": true,
        "sort": 5,
        "value_type": "individual"
      },
      "type": "graph",
      "xaxis": {
        "mode": "time",
        "show": true,
        "values": []
      },
      "yaxes": [
        {
          "decimals": 2,
          "format": "ops",
          "logBase": 1,
          "min": 0,
          "show": true
        },
        {
          "decimals": 2,
          "format": "µs",
          "label": "",
          "logBase": 1,
          "min": 0,
          "show": true
        }
      ],
      "yaxis": {
        "align": false
      }
    },
    {
      "aliasColors": {
        "DDL Load": "#962d82",
        "DELETE load": "#eab839",
        "INSERT load": "#0a437c",
        "SELECT load ": "#629e51",
        "UPDATE load": "#ea6460",
        "Write Transaction Commit Load": "#bf1b00"
      },
      "bars": false,
      "dashLength": 10,
      "dashes": false,
      "decimals": 2,
      "description": "This graph shows us what statements contribute most load on the system as well as what load corresponds to Amazon Aurora transaction commit.\n\n* **Write Transaction Commit Load**: Load in Average Active Sessions per second for COMMIT operations\n\n* **UPDATE load**: Load in Average Active Sessions per second for UPDATE queries\n\n* **SELECT load**: Load in Average Active Sessions per second for SELECT queries\n\n* **DELETE load**: Load in Average Active Sessions per second for DELETE queries\n\n* **INSERT load**: Load in Average Active Sessions per second for INSERT queries\n\nAn *active session* is a connection that has submitted work to the database engine and is waiting for a response from it. For example, if you submit an SQL query to the database engine, the database session is active while the database engine is processing that query.",
      "editable": true,
      "error": false,
      "fieldConfig": {
        "defaults": {
          "links": []
        },
        "overrides": []
      },
      "fill": 2,
      "fillGradient": 0,
      "grid": {},
      "gridPos": {
        "h": 8,
        "w": 12,
        "x": 12,
        "y": 0
      },
      "hiddenSeries": false,
      "id": 21,
      "legend": {
        "alignAsTable": true,
        "avg": true,
        "current": false,
        "max": true,
        "min": true,
        "rightSide": false,
        "show": true,
        "sort": "avg",
        "sortDesc": true,
        "total": false,
        "values": true
      },
      "lines": true,
      "linewidth": 2,
      "links": [],
      "nullPointMode": "null",
      "options": {
        "alertThreshold": true
      },
      "paceLength": 10,
      "percentage": false,
      "pluginVersion": "8.3.5",
      "pointradius": 5,
      "points": false,
      "renderer": "flot",
      "seriesOverrides": [
        {
          "alias": "Key Blocks Not Flushed",
          "fill": 0
        }
      ],
      "spaceLength": 10,
      "stack": false,
      "steppedLine": false,
      "targets": [
        {
          "calculatedInterval": "2m",
          "datasourceErrors": {},
          "errors": {},
          "expr": "avg by (service_name) (rate(mysql_global_status_auroradb_commit_latency{service_name=~\"$service_name\"}[$interval])/1000000 or irate(mysql_global_status_auroradb_commit_latency{service_name=~\"$service_name\"}[5m])/1000000)",
          "format": "time_series",
          "interval": "$interval",
          "intervalFactor": 1,
          "legendFormat": "Write Transaction Commit Load",
          "metric": "",
          "refId": "C",
          "step": 300
        },
        {
          "expr": "avg by (service_name) (rate(mysql_global_status_auroradb_ddl_stmt_duration{service_name=~\"$service_name\"}[$interval])/1000000 or irate(mysql_global_status_auroradb_ddl_stmt_duration{service_name=~\"$service_name\"}[5m])/1000000)",
          "format": "time_series",
          "interval": "$interval",
          "intervalFactor": 1,
          "legendFormat": "DDL Load",
          "refId": "A"
        },
        {
          "expr": "avg by (service_name) (rate(mysql_global_status_auroradb_select_stmt_duration{service_name=~\"$service_name\"}[$interval])/1000000 or irate(mysql_global_status_auroradb_select_stmt_duration{service_name=~\"$service_name\"}[5m])/1000000)",
          "format": "time_series",
          "interval": "$interval",
          "intervalFactor": 1,
          "legendFormat": "SELECT load ",
          "refId": "B"
        },
        {
          "expr": "avg by (service_name) (rate(mysql_global_status_auroradb_insert_stmt_duration{service_name=~\"$service_name\"}[$interval])/1000000 or irate(mysql_global_status_auroradb_insert_stmt_duration{service_name=~\"$service_name\"}[5m])/1000000)",
          "format": "time_series",
          "interval": "$interval",
          "intervalFactor": 1,
          "legendFormat": "INSERT load",
          "refId": "D"
        },
        {
          "expr": "avg by (service_name) (rate(mysql_global_status_auroradb_update_stmt_duration{service_name=~\"$service_name\"}[$interval])/1000000 or irate(mysql_global_status_auroradb_update_stmt_duration{service_name=~\"$service_name\"}[5m])/1000000)",
          "format": "time_series",
          "interval": "$interval",
          "intervalFactor": 1,
          "legendFormat": "UPDATE load",
          "refId": "E"
        },
        {
          "expr": "avg by (service_name) (rate(mysql_global_status_auroradb_delete_stmt_duration{service_name=~\"$service_name\"}[$interval])/1000000 or irate(mysql_global_status_auroradb_delete_stmt_duration{service_name=~\"$service_name\"}[5m])/1000000)",
          "format": "time_series",
          "interval": "$interval",
          "intervalFactor": 1,
          "legendFormat": "DELETE load",
          "refId": "F"
        }
      ],
      "thresholds": [],
      "timeRegions": [],
      "title": "Amazon Aurora Load",
      "tooltip": {
        "msResolution": false,
        "shared": true,
        "sort": 5,
        "value_type": "individual"
      },
      "type": "graph",
      "xaxis": {
        "mode": "time",
        "show": true,
        "values": []
      },
      "yaxes": [
        {
          "decimals": 2,
          "format": "short",
          "logBase": 1,
          "min": 0,
          "show": true
        },
        {
          "decimals": 2,
          "format": "short",
          "logBase": 1,
          "min": 0,
          "show": false
        }
      ],
      "yaxis": {
        "align": false
      }
    },
    {
      "aliasColors": {},
      "bars": false,
      "dashLength": 10,
      "dashes": false,
      "decimals": 2,
      "description": "This graph shows how much memory is used by Amazon Aurora lock manager as well as amount of memory used by Amazon Aurora to store Data Dictionary.\n\n* **Aurora Lock Manager Memory**: the amount of memory used by the Lock Manager, the module responsible for handling row lock requests for concurrent transactions.\n\n* **Aurora Dictionary Memory**: the amount of memory used by the Dictionary, the space that contains metadata used to keep track of database objects, such as tables and indexes.",
      "editable": true,
      "error": false,
      "fieldConfig": {
        "defaults": {
          "links": []
        },
        "overrides": []
      },
      "fill": 2,
      "fillGradient": 0,
      "grid": {},
      "gridPos": {
        "h": 9,
        "w": 12,
        "x": 0,
        "y": 8
      },
      "hiddenSeries": false,
      "id": 22,
      "legend": {
        "alignAsTable": true,
        "avg": true,
        "current": false,
        "max": true,
        "min": true,
        "rightSide": false,
        "show": true,
        "sort": "avg",
        "sortDesc": true,
        "total": false,
        "values": true
      },
      "lines": true,
      "linewidth": 2,
      "links": [],
      "nullPointMode": "null",
      "options": {
        "alertThreshold": true
      },
      "paceLength": 10,
      "percentage": false,
      "pluginVersion": "8.3.5",
      "pointradius": 5,
      "points": false,
      "renderer": "flot",
      "seriesOverrides": [
        {
          "alias": "Key Reads",
          "fill": 0
        },
        {
          "alias": "Key Writes",
          "fill": 0,
          "transform": "negative-Y"
        },
        {
          "alias": "Key Write Requests",
          "transform": "negative-Y"
        }
      ],
      "spaceLength": 10,
      "stack": false,
      "steppedLine": false,
      "targets": [
        {
          "calculatedInterval": "2m",
          "datasourceErrors": {},
          "errors": {},
          "expr": "avg by (service_name) (max_over_time(mysql_global_status_aurora_lockmgr_memory_used{service_name=~\"$service_name\"}[$interval]) or max_over_time(mysql_global_status_aurora_lockmgr_memory_used{service_name=~\"$service_name\"}[5m]))",
          "format": "time_series",
          "interval": "$interval",
          "intervalFactor": 1,
          "legendFormat": "Aurora Lock Manager Memory",
          "metric": "",
          "refId": "D",
          "step": 300
        },
        {
          "calculatedInterval": "2m",
          "datasourceErrors": {},
          "errors": {},
          "expr": "avg by (service_name) (max_over_time(mysql_global_status_aurora_dict_sys_mem_size{service_name=~\"$service_name\"}[$interval]) or max_over_time(mysql_global_status_aurora_dict_sys_mem_size{service_name=~\"$service_name\"}[5m]))",
          "format": "time_series",
          "interval": "$interval",
          "intervalFactor": 1,
          "legendFormat": "Aurora Dictionary Memory ",
          "metric": "",
          "refId": "A",
          "step": 300
        }
      ],
      "thresholds": [],
      "timeRegions": [],
      "title": "Aurora Memory Used",
      "tooltip": {
        "msResolution": false,
        "shared": true,
        "sort": 5,
        "value_type": "individual"
      },
      "type": "graph",
      "xaxis": {
        "mode": "time",
        "show": true,
        "values": []
      },
      "yaxes": [
        {
          "decimals": 2,
          "format": "bytes",
          "logBase": 1,
          "min": 0,
          "show": true
        },
        {
          "format": "short",
          "logBase": 1,
          "min": 0,
          "show": false
        }
      ],
      "yaxis": {
        "align": false
      }
    },
    {
      "aliasColors": {
        "DDL Latency": "#962d82",
        "DDL Load": "#962d82",
        "DELETE Latency": "#e5ac0e",
        "DELETE load": "#eab839",
        "INSERT Latency": "#0a437c",
        "INSERT load": "#0a437c",
        "SELECT Latency": "#508642",
        "SELECT load ": "#629e51",
        "UPDATE load": "#ea6460",
        "Write Transaction Commit Load": "#bf1b00"
      },
      "bars": false,
      "dashLength": 10,
      "dashes": false,
      "decimals": 2,
      "description": "This graph shows average latency for the most important types of statements. Latency spikes are often indicative of the instance overload.\n\n* **DDL Latency:** Average time to execute DDL queries\n\n* **DELETE Latency**: Average time to execute DELETE queries\n\n* **UPDATE Latency**: Average time to execute UPDATE queries\n\n* **SELECT Latency**: Average time to execute SELECT queries\n\n* **INSERT Latency**: Average time to execute INSERT queries",
      "editable": true,
      "error": false,
      "fieldConfig": {
        "defaults": {
          "links": []
        },
        "overrides": []
      },
      "fill": 1,
      "fillGradient": 0,
      "grid": {},
      "gridPos": {
        "h": 9,
        "w": 12,
        "x": 12,
        "y": 8
      },
      "hiddenSeries": false,
      "id": 24,
      "legend": {
        "alignAsTable": true,
        "avg": true,
        "current": false,
        "max": true,
        "min": true,
        "rightSide": false,
        "show": true,
        "sort": "avg",
        "sortDesc": true,
        "total": false,
        "values": true
      },
      "lines": true,
      "linewidth": 2,
      "links": [],
      "nullPointMode": "null",
      "options": {
        "alertThreshold": true
      },
      "paceLength": 10,
      "percentage": false,
      "pluginVersion": "8.3.5",
      "pointradius": 5,
      "points": false,
      "renderer": "flot",
      "seriesOverrides": [
        {
          "alias": "Key Blocks Not Flushed",
          "fill": 0
        }
      ],
      "spaceLength": 10,
      "stack": false,
      "steppedLine": false,
      "targets": [
        {
          "expr": "avg by (service_name) ((rate(mysql_global_status_auroradb_ddl_stmt_duration{service_name=~\"$service_name\"}[$interval])/ (sum(rate(mysql_global_status_commands_total{service_name=~\"$service_name\",command=~'alter_table|create_index|drop_index|drop_table'}[$interval])) without(command))))",
          "format": "time_series",
          "hide": false,
          "interval": "$interval",
          "intervalFactor": 1,
          "legendFormat": "DDL Latency",
          "refId": "A"
        },
        {
          "expr": "avg by (service_name) ((rate(mysql_global_status_auroradb_select_stmt_duration{service_name=~\"$service_name\"}[$interval])/ (sum(rate(mysql_global_status_commands_total{service_name=~\"$service_name\",command='select'}[$interval])) without(command))+rate(mysql_global_status_qcache_hits{service_name=~\"$service_name\"}[$interval])))",
          "format": "time_series",
          "hide": false,
          "interval": "$interval",
          "intervalFactor": 1,
          "legendFormat": "SELECT Latency",
          "refId": "B"
        },
        {
          "expr": "avg by (service_name) ((rate(mysql_global_status_auroradb_insert_stmt_duration{service_name=~\"$service_name\"}[$interval])/ (sum(rate(mysql_global_status_commands_total{service_name=~\"$service_name\",command=~'insert|insert_select'}[$interval])) without(command))))",
          "format": "time_series",
          "hide": false,
          "interval": "$interval",
          "intervalFactor": 1,
          "legendFormat": "INSERT Latency",
          "refId": "D"
        },
        {
          "expr": "avg by (service_name) ((rate(mysql_global_status_auroradb_update_stmt_duration{service_name=~\"$service_name\"}[$interval])/ (sum(rate(mysql_global_status_commands_total{service_name=~\"$service_name\",command=~'update|update_multi'}[$interval])) without(command))))",
          "format": "time_series",
          "hide": false,
          "interval": "$interval",
          "intervalFactor": 1,
          "legendFormat": "UPDATE Latency",
          "refId": "E"
        },
        {
          "expr": "avg by (service_name) ((rate(mysql_global_status_auroradb_delete_stmt_duration{service_name=~\"$service_name\"}[$interval])/ (sum(rate(mysql_global_status_commands_total{service_name=~\"$service_name\",command=~'delete|delete_multi'}[$interval])) without(command))))",
          "format": "time_series",
          "hide": false,
          "interval": "$interval",
          "intervalFactor": 1,
          "legendFormat": "DELETE Latency",
          "refId": "F"
        }
      ],
      "thresholds": [],
      "timeRegions": [],
      "title": "Amazon Aurora Statement Latency",
      "tooltip": {
        "msResolution": false,
        "shared": true,
        "sort": 5,
        "value_type": "individual"
      },
      "type": "graph",
      "xaxis": {
        "mode": "time",
        "show": true,
        "values": []
      },
      "yaxes": [
        {
          "decimals": 2,
          "format": "µs",
          "logBase": 1,
          "min": 0,
          "show": true
        },
        {
          "decimals": 5,
          "format": "short",
          "logBase": 1,
          "min": 0,
          "show": false
        }
      ],
      "yaxis": {
        "align": false
      }
    },
    {
      "aliasColors": {
        "DDL Latency": "#962d82",
        "DDL Load": "#962d82",
        "DELETE Latency": "#e5ac0e",
        "DELETE load": "#eab839",
        "INSERT Latency": "#0a437c",
        "INSERT load": "#0a437c",
        "SELECT Latency": "#508642",
        "SELECT load ": "#629e51",
        "UPDATE load": "#ea6460",
        "Write Transaction Commit Load": "#bf1b00"
      },
      "bars": false,
      "dashLength": 10,
      "dashes": false,
      "decimals": 2,
      "description": "Amazon Aurora MySQL allows a number of commands which are not available in standard MySQL. This graph shows usage of such commands.  Regular “unit_test” calls can be seen in default Amazon Aurora install,  the rest will depend on your workload.\n\n* `show_volume_status`: The number of executions per second of the command SHOW VOLUME STATUS. The SHOW VOLUME STATUS query returns two server status variables, Disks and Nodes. These variables represent the total number of logical blocks of data and storage nodes, respectively, for the DB cluster volume.\n\n* `awslambda`: The number of AWS Lambda calls per second. AWS Lambda is an event-drive, server-less computing platform provided by AWS. It is a compute service that run codes in response to an event. You can run any kind of code from Aurora invoking Lambda from a stored procedure or a trigger.\n\n* `alter_system`: The number of executions per second of the special query ALTER SYSTEM, that is a special query to simulate an instance crash, a disk failure, a disk congestion or a replica failure. It’s a useful query for testing the system.",
      "editable": true,
      "error": false,
      "fieldConfig": {
        "defaults": {
          "links": []
        },
        "overrides": []
      },
      "fill": 1,
      "fillGradient": 0,
      "grid": {},
      "gridPos": {
        "h": 8,
        "w": 12,
        "x": 0,
        "y": 17
      },
      "hiddenSeries": false,
      "id": 25,
      "legend": {
        "alignAsTable": true,
        "avg": true,
        "current": false,
        "max": true,
        "min": true,
        "rightSide": false,
        "show": true,
        "sort": "avg",
        "sortDesc": true,
        "total": false,
        "values": true
      },
      "lines": true,
      "linewidth": 2,
      "links": [],
      "nullPointMode": "null",
      "options": {
        "alertThreshold": true
      },
      "paceLength": 10,
      "percentage": false,
      "pluginVersion": "8.3.5",
      "pointradius": 5,
      "points": false,
      "renderer": "flot",
      "seriesOverrides": [
        {
          "alias": "Key Blocks Not Flushed",
          "fill": 0
        }
      ],
      "spaceLength": 10,
      "stack": false,
      "steppedLine": false,
      "targets": [
        {
          "expr": "avg by (service_name) (rate(mysql_global_status_commands_total{service_name=~\"$service_name\",command=~'awslambda|alter_system|unit_test|show_volume_status'}[$interval]))",
          "format": "time_series",
          "hide": false,
          "interval": "$interval",
          "intervalFactor": 1,
          "legendFormat": "{{command}}",
          "refId": "A"
        }
      ],
      "thresholds": [],
      "timeRegions": [],
      "title": "Amazon Aurora Special Command Counters",
      "tooltip": {
        "msResolution": false,
        "shared": true,
        "sort": 5,
        "value_type": "individual"
      },
      "type": "graph",
      "xaxis": {
        "mode": "time",
        "show": true,
        "values": []
      },
      "yaxes": [
        {
          "decimals": 4,
          "format": "ops",
          "logBase": 1,
          "min": 0,
          "show": true
        },
        {
          "format": "short",
          "logBase": 1,
          "min": 0,
          "show": false
        }
      ],
      "yaxis": {
        "align": false
      }
    },
    {
      "aliasColors": {
        "DDL Latency": "#962d82",
        "DDL Load": "#962d82",
        "DELETE Latency": "#e5ac0e",
        "DELETE load": "#eab839",
        "INSERT Latency": "#0a437c",
        "INSERT load": "#0a437c",
        "Missing History on Replica Incidents": "#e0752d",
        "Reserved Mem Exceeded Incidents": "#bf1b00",
        "SELECT Latency": "#508642",
        "SELECT load ": "#629e51",
        "Thread Deadlocks": "#ea6460",
        "UPDATE load": "#ea6460",
        "Write Transaction Commit Load": "#bf1b00"
      },
      "bars": false,
      "dashLength": 10,
      "dashes": false,
      "decimals": 2,
      "description": "This graph shows different kinds of Internal Amazon Aurora MySQL Problems which general should be zero in normal operation.\n\nAnything non-zero is worth examining in greater depth.",
      "editable": true,
      "error": false,
      "fieldConfig": {
        "defaults": {
          "links": []
        },
        "overrides": []
      },
      "fill": 1,
      "fillGradient": 0,
      "grid": {},
      "gridPos": {
        "h": 8,
        "w": 12,
        "x": 12,
        "y": 17
      },
      "hiddenSeries": false,
      "id": 26,
      "legend": {
        "alignAsTable": true,
        "avg": true,
        "current": false,
        "max": true,
        "min": true,
        "rightSide": false,
        "show": true,
        "sort": "avg",
        "sortDesc": true,
        "total": false,
        "values": true
      },
      "lines": true,
      "linewidth": 2,
      "links": [],
      "nullPointMode": "null",
      "options": {
        "alertThreshold": true
      },
      "paceLength": 10,
      "percentage": false,
      "pluginVersion": "8.3.5",
      "pointradius": 5,
      "points": false,
      "renderer": "flot",
      "seriesOverrides": [
        {
          "alias": "Key Blocks Not Flushed",
          "fill": 0
        }
      ],
      "spaceLength": 10,
      "stack": false,
      "steppedLine": false,
      "targets": [
        {
          "expr": "avg by (service_name) (rate(mysql_global_status_auroradb_thread_deadlocks{service_name=~\"$service_name\"}[$interval]))",
          "format": "time_series",
          "hide": false,
          "interval": "$interval",
          "intervalFactor": 1,
          "legendFormat": "Thread Deadlocks",
          "refId": "A"
        },
        {
          "expr": "avg by (service_name) (rate(mysql_global_status_aurora_missing_history_on_replica_incidents{service_name=~\"$service_name\"}[$interval]))",
          "format": "time_series",
          "interval": "$interval",
          "intervalFactor": 1,
          "legendFormat": "Missing History on Replica Incidents",
          "refId": "B"
        },
        {
          "expr": "avg by (service_name) (rate(mysql_global_status_aurora_reserved_mem_exceeded_incidents{service_name=~\"$service_name\"}[$interval]))",
          "format": "time_series",
          "interval": "$interval",
          "intervalFactor": 1,
          "legendFormat": "Reserved Mem Exceeded Incidents",
          "refId": "C"
        }
      ],
      "thresholds": [],
      "timeRegions": [],
      "title": "Amazon Aurora Problems",
      "tooltip": {
        "msResolution": false,
        "shared": true,
        "sort": 5,
        "value_type": "individual"
      },
      "type": "graph",
      "xaxis": {
        "mode": "time",
        "show": true,
        "values": []
      },
      "yaxes": [
        {
          "decimals": 2,
          "format": "ops",
          "logBase": 1,
          "min": 0,
          "show": true
        },
        {
          "format": "short",
          "logBase": 1,
          "min": 0,
          "show": false
        }
      ],
      "yaxis": {
        "align": false
      }
    }
  ],
  "refresh": "1m",
  "schemaVersion": 34,
  "style": "dark",
  "tags": [
    "Percona",
    "MySQL"
  ],
  "templating": {
    "list": [
      {
        "allFormat": "glob",
        "auto": true,
        "auto_count": 200,
        "auto_min": "1s",
        "current": {
          "selected": false,
          "text": "auto",
          "value": "$__auto_interval_interval"
        },
        "datasource": "Metrics",
        "hide": 0,
        "includeAll": false,
        "label": "Interval",
        "multi": false,
        "multiFormat": "glob",
        "name": "interval",
        "options": [
          {
            "selected": true,
            "text": "auto",
            "value": "$__auto_interval_interval"
          },
          {
            "selected": false,
            "text": "1s",
            "value": "1s"
          },
          {
            "selected": false,
            "text": "5s",
            "value": "5s"
          },
          {
            "selected": false,
            "text": "1m",
            "value": "1m"
          },
          {
            "selected": false,
            "text": "5m",
            "value": "5m"
          },
          {
            "selected": false,
            "text": "1h",
            "value": "1h"
          },
          {
            "selected": false,
            "text": "6h",
            "value": "6h"
          },
          {
            "selected": false,
            "text": "1d",
            "value": "1d"
          }
        ],
        "query": "1s,5s,1m,5m,1h,6h,1d",
        "refresh": 2,
        "skipUrlSync": false,
        "type": "interval"
      },
      {
        "current": {
          "isNone": true,
          "selected": false,
          "text": "None",
          "value": ""
        },
        "datasource": "Metrics",
        "definition": "label_values(mysql_global_status_auroradb_thread_deadlocks, service_name)",
        "hide": 0,
        "includeAll": false,
        "label": "Service Name",
        "multi": false,
        "name": "service_name",
        "options": [],
        "query": {
          "query": "label_values(mysql_global_status_auroradb_thread_deadlocks, service_name)",
          "refId": "Metrics-service_name-Variable-Query"
        },
        "refresh": 2,
        "regex": "",
        "skipUrlSync": false,
        "sort": 5,
        "tagValuesQuery": "",
        "tagsQuery": "",
        "type": "query",
        "useTags": false
      },
      {
        "allFormat": "glob",
        "current": {
          "isNone": true,
          "selected": false,
          "text": "None",
          "value": ""
        },
        "datasource": "Metrics",
        "definition": "label_values(mysql_global_status_auroradb_thread_deadlocks{service_name=~\"$service_name\"}, node_name)",
        "hide": 2,
        "includeAll": false,
        "label": "Node Name",
        "multi": false,
        "multiFormat": "regex values",
        "name": "node_name",
        "options": [],
        "query": {
          "query": "label_values(mysql_global_status_auroradb_thread_deadlocks{service_name=~\"$service_name\"}, node_name)",
          "refId": "Metrics-node_name-Variable-Query"
        },
        "refresh": 2,
        "refresh_on_load": false,
        "regex": "",
        "skipUrlSync": false,
        "sort": 5,
        "type": "query",
        "useTags": false
      },
      {
        "allValue": ".*",
        "current": {
          "selected": false,
          "text": "All",
          "value": "$__all"
        },
        "datasource": "Metrics",
        "definition": "label_values({__name__=~\"pg_up|mysql_up|mongodb_up|proxysql_mysql_status_active_transactions\"}, environment)",
        "hide": 2,
        "includeAll": true,
        "label": "Environment",
        "multi": true,
        "name": "environment",
        "options": [],
        "query": {
          "query": "label_values({__name__=~\"pg_up|mysql_up|mongodb_up|proxysql_mysql_status_active_transactions\"}, environment)",
          "refId": "Metrics-environment-Variable-Query"
        },
        "refresh": 2,
        "regex": "",
        "skipUrlSync": false,
        "sort": 5,
        "tagValuesQuery": "",
        "tagsQuery": "",
        "type": "query",
        "useTags": false
      },
      {
        "current": {
          "selected": false,
          "text": "All",
          "value": "$__all"
        },
        "datasource": "Metrics",
        "definition": "label_values({__name__=~\"pg_up|mysql_up|mongodb_up|proxysql_mysql_status_active_transactions\"}, cluster)",
        "hide": 2,
        "includeAll": true,
        "label": "Cluster",
        "multi": true,
        "name": "cluster",
        "options": [],
        "query": {
          "query": "label_values({__name__=~\"pg_up|mysql_up|mongodb_up|proxysql_mysql_status_active_transactions\"}, cluster)",
          "refId": "Metrics-cluster-Variable-Query"
        },
        "refresh": 2,
        "regex": "",
        "skipUrlSync": false,
        "sort": 5,
        "tagValuesQuery": "",
        "tagsQuery": "",
        "type": "query",
        "useTags": false
      },
      {
        "current": {
          "selected": false,
          "text": "All",
          "value": "$__all"
        },
        "datasource": "Metrics",
        "definition": "label_values({__name__=~\"pg_up|mysql_up|mongodb_up|proxysql_mysql_status_active_transactions\"}, replication_set)",
        "hide": 2,
        "includeAll": true,
        "label": "Replication Set",
        "multi": true,
        "name": "replication_set",
        "options": [],
        "query": {
          "query": "label_values({__name__=~\"pg_up|mysql_up|mongodb_up|proxysql_mysql_status_active_transactions\"}, replication_set)",
          "refId": "Metrics-replication_set-Variable-Query"
        },
        "refresh": 2,
        "regex": "",
        "skipUrlSync": false,
        "sort": 5,
        "tagValuesQuery": "",
        "tagsQuery": "",
        "type": "query",
        "useTags": false
      },
      {
        "current": {
          "selected": false,
          "text": "All",
          "value": "$__all"
        },
        "datasource": "Metrics",
        "definition": "label_values(pg_stat_database_tup_fetched{service_name=~\"$service_name\",datname!~\"template.*|postgres\"},datname)",
        "hide": 2,
        "includeAll": true,
        "label": "Database",
        "multi": true,
        "name": "database",
        "options": [],
        "query": {
          "query": "label_values(pg_stat_database_tup_fetched{service_name=~\"$service_name\",datname!~\"template.*|postgres\"},datname)",
          "refId": "Metrics-database-Variable-Query"
        },
        "refresh": 1,
        "regex": "",
        "skipUrlSync": false,
        "sort": 5,
        "tagValuesQuery": "",
        "tagsQuery": "",
        "type": "query",
        "useTags": false
      },
      {
        "current": {
          "selected": false,
          "text": "All",
          "value": "$__all"
        },
        "datasource": "Metrics",
        "definition": "label_values({__name__=~\"pg_up|mysql_up|mongodb_up|proxysql_mysql_status_active_transactions\"}, node_type)",
        "hide": 2,
        "includeAll": true,
        "label": "Type",
        "multi": true,
        "name": "node_type",
        "options": [],
        "query": {
          "query": "label_values({__name__=~\"pg_up|mysql_up|mongodb_up|proxysql_mysql_status_active_transactions\"}, node_type)",
          "refId": "Metrics-node_type-Variable-Query"
        },
        "refresh": 1,
        "regex": "",
        "skipUrlSync": false,
        "sort": 5,
        "tagValuesQuery": "",
        "tagsQuery": "",
        "type": "query",
        "useTags": false
      },
      {
        "current": {
          "selected": false,
          "text": "All",
          "value": "$__all"
        },
        "datasource": "Metrics",
        "definition": "label_values({__name__=~\"pg_up|mysql_up|mongodb_up|proxysql_mysql_status_active_transactions\"}, service_type)",
        "hide": 2,
        "includeAll": true,
        "label": "Type",
        "multi": true,
        "name": "service_type",
        "options": [],
        "query": {
          "query": "label_values({__name__=~\"pg_up|mysql_up|mongodb_up|proxysql_mysql_status_active_transactions\"}, service_type)",
          "refId": "Metrics-service_type-Variable-Query"
        },
        "refresh": 1,
        "regex": "",
        "skipUrlSync": false,
        "sort": 5,
        "tagValuesQuery": "",
        "tagsQuery": "",
        "type": "query",
        "useTags": false
      },
      {
        "current": {
          "selected": false,
          "text": "All",
          "value": "$__all"
        },
        "datasource": "Metrics",
        "definition": "label_values(mysql_info_schema_user_statistics_connected_time_seconds_total{service_name=\"$service_name\"},user)",
        "hide": 2,
        "includeAll": true,
        "label": "Username",
        "multi": true,
        "name": "username",
        "options": [],
        "query": {
          "query": "label_values(mysql_info_schema_user_statistics_connected_time_seconds_total{service_name=\"$service_name\"},user)",
          "refId": "Metrics-username-Variable-Query"
        },
        "refresh": 1,
        "regex": "",
        "skipUrlSync": false,
        "sort": 5,
        "tagValuesQuery": "",
        "tagsQuery": "",
        "type": "query",
        "useTags": false
      },
      {
        "current": {
          "selected": false,
          "text": "All",
          "value": "$__all"
        },
        "datasource": "Metrics",
        "definition": "label_values({__name__=~\"pg_up|mysql_up|mongodb_up|proxysql_mysql_status_active_transactions\"}, schema)",
        "hide": 2,
        "includeAll": true,
        "label": "Schema",
        "multi": true,
        "name": "schema",
        "options": [],
        "query": {
          "query": "label_values({__name__=~\"pg_up|mysql_up|mongodb_up|proxysql_mysql_status_active_transactions\"}, schema)",
          "refId": "Metrics-schema-Variable-Query"
        },
        "refresh": 1,
        "regex": "",
        "skipUrlSync": false,
        "sort": 5,
        "tagValuesQuery": "",
        "tagsQuery": "",
        "type": "query",
        "useTags": false
      }
    ]
  },
  "time": {
    "from": "now-12h",
    "to": "now"
  },
  "timepicker": {
    "collapse": false,
    "enable": true,
    "hidden": false,
    "notice": false,
    "now": true,
    "refresh_intervals": [
      "5s",
      "10s",
      "30s",
      "1m",
      "5m",
      "15m",
      "30m",
      "1h",
      "2h",
      "1d"
    ],
    "status": "Stable",
    "time_options": [
      "5m",
      "15m",
      "1h",
      "6h",
      "12h",
      "24h",
      "2d",
      "7d",
      "30d"
    ],
    "type": "timepicker"
  },
  "timezone": "",
  "title": "MySQL Amazon Aurora Details",
  "uid": "mysql-amazonaurora",
  "version": 1,
  "weekStart": ""
}
