{
  "annotations": {
    "list": [
      {
        "$$hashKey": "object:491",
        "builtIn": 1,
        "datasource": "-- Grafana --",
        "enable": true,
        "hide": false,
        "iconColor": "#e0752d",
        "limit": 100,
        "matchAny": true,
        "name": "PMM Annotations",
        "showIn": 0,
        "tags": [
          "pmm_annotation",
          "$service_name"
        ],
        "target": {
          "limit": 100,
          "matchAny": true,
          "tags": [
            "pmm_annotation",
            "$service_name"
          ],
          "type": "tags"
        },
        "type": "tags"
      },
      {
        "$$hashKey": "object:492",
        "builtIn": 1,
        "datasource": "-- Grafana --",
        "enable": true,
        "hide": true,
        "iconColor": "#6ed0e0",
        "limit": 100,
        "name": "Annotations & Alerts",
        "showIn": 0,
        "tags": [],
        "target": {
          "limit": 100,
          "matchAny": false,
          "tags": [],
          "type": "dashboard"
        },
        "type": "dashboard"
      }
    ]
  },
  "editable": false,
  "fiscalYearStartMonth": 0,
  "graphTooltip": 1,
  "id": null,
  "iteration": 1656498740522,
  "links": [
    {
      "icon": "doc",
      "includeVars": true,
      "keepTime": true,
      "tags": [
        "Home"
      ],
      "targetBlank": false,
      "title": "Home",
      "type": "link",
      "url": "/graph/d/pmm-home/home-dashboard"
    },
    {
      "icon": "dashboard",
      "includeVars": true,
      "keepTime": true,
      "tags": [
        "Query Analytics"
      ],
      "targetBlank": false,
      "title": "Query Analytics",
      "type": "link",
      "url": "/graph/d/pmm-qan/pmm-query-analytics"
    },
    {
      "icon": "bolt",
      "includeVars": true,
      "keepTime": true,
      "tags": [
        "Compare"
      ],
      "targetBlank": false,
      "title": "Compare",
      "type": "link",
      "url": "/graph/d/mysql-instance-compare/mysql-instances-compare"
    },
    {
      "asDropdown": true,
      "includeVars": true,
      "keepTime": true,
      "tags": [
        "MySQL"
      ],
      "targetBlank": false,
      "title": "MySQL",
      "type": "dashboards"
    },
    {
      "asDropdown": true,
      "includeVars": true,
      "keepTime": true,
      "tags": [
        "MySQL_HA"
      ],
      "targetBlank": false,
      "title": "HA",
      "type": "dashboards"
    },
    {
      "asDropdown": true,
      "includeVars": false,
      "keepTime": true,
      "tags": [
        "Services"
      ],
      "targetBlank": false,
      "title": "Services",
      "type": "dashboards"
    },
    {
      "asDropdown": true,
      "includeVars": false,
      "keepTime": true,
      "tags": [
        "PMM"
      ],
      "targetBlank": false,
      "title": "PMM",
      "type": "dashboards"
    }
  ],
  "liveNow": false,
  "panels": [
    {
      "collapsed": false,
      "gridPos": {
        "h": 1,
        "w": 24,
        "x": 0,
        "y": 0
      },
      "id": 1023,
      "panels": [],
      "title": "Overview",
      "type": "row"
    },
    {
      "backgroundColor": "rgba(128,128,128,0.1)",
      "colorMaps": [
        {
          "$$hashKey": "object:2148",
          "color": "#56A64B",
          "text": "ONLINE"
        },
        {
          "$$hashKey": "object:973",
          "color": "#F2CC0C",
          "text": "RECOVERING"
        },
        {
          "$$hashKey": "object:976",
          "color": "#FF780A",
          "text": "OFFLINE"
        },
        {
          "$$hashKey": "object:991",
          "color": "#E02F44",
          "text": "ERROR"
        },
        {
          "$$hashKey": "object:994",
          "color": "#8AB8FF",
          "text": "UNREACHABLE"
        }
      ],
      "crosshairColor": "#8F070C",
      "description": "There are various states that a server instance can be in. If servers are communicating properly, all report the same states for all servers. However, if there is a network partition, or a server leaves the group, then different information could be reported, depending on which server is queried. If the server has left the group then it cannot report updated information about the other servers' states. If there is a partition, such that quorum is lost, servers are not able to coordinate between themselves. As a consequence, they cannot guess what the status of different servers is. Therefore, instead of guessing their state they report that some servers are unreachable.",
      "display": "timeline",
      "expandFromQueryS": 0,
      "extendLastValue": true,
      "gridPos": {
        "h": 8,
        "w": 24,
        "x": 0,
        "y": 1
      },
      "highlightOnMouseover": true,
      "id": 1044,
      "legendSortBy": "-ms",
      "lineColor": "rgba(0,0,0,0.1)",
      "metricNameColor": "#000000",
      "pluginVersion": "7.1.3",
      "rangeMaps": [
        {
          "$$hashKey": "object:194",
          "from": "null",
          "text": "N/A",
          "to": "null"
        }
      ],
      "rowHeight": 50,
      "showLegend": true,
      "showLegendCounts": false,
      "showLegendNames": true,
      "showLegendPercent": true,
      "showLegendTime": false,
      "showLegendValues": true,
      "showTimeAxis": true,
      "targets": [
        {
          "expr": "max by (service_name) (mysql_perf_schema_replication_group_member_info{replication_set=~\"$replication_set\"} or mysql_perf_schema_replication_group_5_member_info{replication_set=~\"$replication_set\"})",
          "format": "time_series",
          "instant": false,
          "interval": "1s",
          "legendFormat": "{{service_name}}",
          "refId": "A"
        }
      ],
      "textSize": 24,
      "textSizeTime": 12,
      "timeOptions": [
        {
          "name": "Years",
          "value": "years"
        },
        {
          "name": "Months",
          "value": "months"
        },
        {
          "name": "Weeks",
          "value": "weeks"
        },
        {
          "name": "Days",
          "value": "days"
        },
        {
          "name": "Hours",
          "value": "hours"
        },
        {
          "name": "Minutes",
          "value": "minutes"
        },
        {
          "name": "Seconds",
          "value": "seconds"
        },
        {
          "name": "Milliseconds",
          "value": "milliseconds"
        }
      ],
      "timePrecision": {
        "name": "Minutes",
        "value": "minutes"
      },
      "timeTextColor": "#d8d9da",
      "title": "Group Replication Service States",
      "type": "natel-discrete-panel",
      "units": "short",
      "use12HourClock": false,
      "useTimePrecision": false,
      "valueMaps": [
        {
          "$$hashKey": "object:2151",
          "op": "=",
          "text": "ONLINE",
          "value": "1"
        },
        {
          "$$hashKey": "object:196",
          "op": "=",
          "text": "RECOVERING",
          "value": "2"
        },
        {
          "$$hashKey": "object:541",
          "op": "=",
          "text": "OFFLINE",
          "value": "3"
        },
        {
          "$$hashKey": "object:543",
          "op": "=",
          "text": "ERROR",
          "value": "4"
        },
        {
          "$$hashKey": "object:545",
          "op": "=",
          "text": "UNREACHABLE",
          "value": "5"
        },
        {
          "$$hashKey": "object:650",
          "op": "=",
          "text": "OFFLINE",
          "value": "null"
        }
      ],
      "valueTextColor": "#000000",
      "writeAllValues": false,
      "writeLastValue": false,
      "writeMetricNames": true
    },
    {
      "backgroundColor": "rgba(128,128,128,0.1)",
      "colorMaps": [
        {
          "$$hashKey": "object:2148",
          "color": "#C0D8FF",
          "text": "Other"
        },
        {
          "$$hashKey": "object:752",
          "color": "#3274D9",
          "text": "Primary"
        }
      ],
      "crosshairColor": "#8F070C",
      "description": "Notice: Collected for MySQL 8.x",
      "display": "timeline",
      "expandFromQueryS": 0,
      "extendLastValue": true,
      "gridPos": {
        "h": 7,
        "w": 24,
        "x": 0,
        "y": 9
      },
      "highlightOnMouseover": true,
      "id": 1018,
      "legendSortBy": "-ms",
      "lineColor": "rgba(0,0,0,0.1)",
      "metricNameColor": "#000000",
      "pluginVersion": "7.1.3",
      "rangeMaps": [
        {
          "$$hashKey": "object:194",
          "from": "null",
          "text": "N/A",
          "to": "null"
        }
      ],
      "rowHeight": 50,
      "showLegend": true,
      "showLegendCounts": false,
      "showLegendNames": true,
      "showLegendPercent": true,
      "showLegendTime": false,
      "showLegendValues": true,
      "showTimeAxis": true,
      "targets": [
        {
          "expr": "max by (service_name) (mysql_perf_schema_replication_group_member_info{member_role=\"PRIMARY\",replication_set=~\"$replication_set\"})",
          "format": "time_series",
          "instant": false,
          "interval": "$interval",
          "legendFormat": "{{service_name}}",
          "refId": "A"
        }
      ],
      "textSize": 24,
      "textSizeTime": 12,
      "timeOptions": [
        {
          "name": "Years",
          "value": "years"
        },
        {
          "name": "Months",
          "value": "months"
        },
        {
          "name": "Weeks",
          "value": "weeks"
        },
        {
          "name": "Days",
          "value": "days"
        },
        {
          "name": "Hours",
          "value": "hours"
        },
        {
          "name": "Minutes",
          "value": "minutes"
        },
        {
          "name": "Seconds",
          "value": "seconds"
        },
        {
          "name": "Milliseconds",
          "value": "milliseconds"
        }
      ],
      "timePrecision": {
        "name": "Minutes",
        "value": "minutes"
      },
      "timeTextColor": "#d8d9da",
      "title": "PRIMARY Service",
      "type": "natel-discrete-panel",
      "units": "short",
      "use12HourClock": false,
      "useTimePrecision": false,
      "valueMaps": [
        {
          "$$hashKey": "object:2151",
          "op": "=",
          "text": "Primary",
          "value": "1"
        },
        {
          "$$hashKey": "object:196",
          "op": "=",
          "text": "Other",
          "value": "null"
        }
      ],
      "valueTextColor": "#000000",
      "writeAllValues": false,
      "writeLastValue": false,
      "writeMetricNames": true
    },
    {
      "columns": [],
      "description": "This table shows network and status information for replication group members. The network addresses shown are the addresses used to connect clients to the group, and should not be confused with the member's internal group communication address specified by group_replication_local_address.",
      "fontSize": "100%",
      "gridPos": {
        "h": 6,
        "w": 24,
        "x": 0,
        "y": 16
      },
      "id": 1016,
      "showHeader": true,
      "sort": {
        "col": 0,
        "desc": false
      },
      "styles": [
        {
          "$$hashKey": "object:259",
          "alias": "Time",
          "align": "auto",
          "dateFormat": "YYYY-MM-DD HH:mm:ss",
          "pattern": "Time",
          "type": "hidden"
        },
        {
          "$$hashKey": "object:470",
          "alias": "Host",
          "align": "auto",
          "colors": [
            "rgba(245, 54, 54, 0.9)",
            "rgba(237, 129, 40, 0.89)",
            "rgba(50, 172, 45, 0.97)"
          ],
          "dateFormat": "YYYY-MM-DD HH:mm:ss",
          "decimals": 2,
          "mappingType": 1,
          "pattern": "member_host",
          "thresholds": [],
          "type": "string",
          "unit": "short"
        },
        {
          "$$hashKey": "object:497",
          "alias": "",
          "align": "auto",
          "colors": [
            "rgba(245, 54, 54, 0.9)",
            "rgba(237, 129, 40, 0.89)",
            "rgba(50, 172, 45, 0.97)"
          ],
          "dateFormat": "YYYY-MM-DD HH:mm:ss",
          "decimals": 2,
          "mappingType": 1,
          "pattern": "Value",
          "thresholds": [],
          "type": "hidden",
          "unit": "short"
        },
        {
          "$$hashKey": "object:528",
          "alias": "Port",
          "align": "auto",
          "colors": [
            "rgba(245, 54, 54, 0.9)",
            "rgba(237, 129, 40, 0.89)",
            "rgba(50, 172, 45, 0.97)"
          ],
          "dateFormat": "YYYY-MM-DD HH:mm:ss",
          "decimals": 2,
          "mappingType": 1,
          "pattern": "member_port",
          "thresholds": [],
          "type": "string",
          "unit": "short"
        },
        {
          "$$hashKey": "object:549",
          "alias": "Role",
          "align": "auto",
          "colors": [
            "rgba(245, 54, 54, 0.9)",
            "rgba(237, 129, 40, 0.89)",
            "rgba(50, 172, 45, 0.97)"
          ],
          "dateFormat": "YYYY-MM-DD HH:mm:ss",
          "decimals": 2,
          "mappingType": 1,
          "pattern": "member_role",
          "thresholds": [],
          "type": "string",
          "unit": "short"
        },
        {
          "$$hashKey": "object:560",
          "alias": "State",
          "align": "auto",
          "colors": [
            "rgba(245, 54, 54, 0.9)",
            "rgba(237, 129, 40, 0.89)",
            "rgba(50, 172, 45, 0.97)"
          ],
          "dateFormat": "YYYY-MM-DD HH:mm:ss",
          "decimals": 2,
          "mappingType": 1,
          "pattern": "member_state",
          "thresholds": [],
          "type": "number",
          "unit": "short"
        },
        {
          "$$hashKey": "object:571",
          "alias": "MySQL Version",
          "align": "auto",
          "colors": [
            "rgba(245, 54, 54, 0.9)",
            "rgba(237, 129, 40, 0.89)",
            "rgba(50, 172, 45, 0.97)"
          ],
          "dateFormat": "YYYY-MM-DD HH:mm:ss",
          "decimals": 2,
          "mappingType": 1,
          "pattern": "member_version",
          "thresholds": [],
          "type": "string",
          "unit": "short"
        }
      ],
      "targets": [
        {
          "expr": "mysql_perf_schema_replication_group_member_info{replication_set=~\"$replication_set\"} or mysql_perf_schema_replication_group_5_member_info{replication_set=~\"$replication_set\"}",
          "format": "table",
          "hide": false,
          "instant": true,
          "interval": "$interval",
          "legendFormat": "{{service_name}}",
          "refId": "B"
        }
      ],
      "title": "Replication Group Members",
      "transform": "table",
      "transformations": [
        {
          "id": "organize",
          "options": {
            "excludeByName": {
              "Time": true,
              "Value": true,
              "__name__": true,
              "agent_id": true,
              "agent_type": true,
              "channel_name": true,
              "cluster": true,
              "environment": true,
              "instance": true,
              "job": true,
              "machine_id": true,
              "member_id": true,
              "member_version": false,
              "node_id": true,
              "node_name": true,
              "node_type": true,
              "replication_set": true,
              "service_id": true,
              "service_name": false,
              "service_type": true
            },
            "indexByName": {
              "Time": 1,
              "Value": 23,
              "__name__": 2,
              "agent_id": 3,
              "agent_type": 4,
              "channel_name": 5,
              "cluster": 6,
              "environment": 7,
              "instance": 8,
              "job": 9,
              "machine_id": 10,
              "member_host": 11,
              "member_id": 12,
              "member_port": 13,
              "member_role": 14,
              "member_state": 15,
              "member_version": 16,
              "node_id": 17,
              "node_name": 18,
              "node_type": 19,
              "replication_set": 20,
              "service_id": 21,
              "service_name": 0,
              "service_type": 22
            },
            "renameByName": {
              "Time": "",
              "member_version": "Version",
              "node_id": "",
              "node_name": "",
              "service_name": "Service Name"
            }
          }
        }
      ],
      "type": "table-old"
    },
    {
      "collapsed": true,
      "gridPos": {
        "h": 1,
        "w": 24,
        "x": 0,
        "y": 22
      },
      "id": 1046,
      "panels": [
        {
          "aliasColors": {},
          "bars": false,
          "dashLength": 10,
          "dashes": false,
          "decimals": 2,
          "description": "Lag in seconds from when the LAST transaction is COMMITTED in the Primary and the time on local Replica.\n\nNotice: Collected for MySQL 8.x",
          "fill": 2,
          "fillGradient": 0,
          "gridPos": {
            "h": 8,
            "w": 24,
            "x": 0,
            "y": 25
          },
          "hiddenSeries": false,
          "id": 1050,
          "legend": {
            "alignAsTable": true,
            "avg": true,
            "current": false,
            "max": true,
            "min": true,
            "rightSide": true,
            "show": true,
            "sort": "avg",
            "sortDesc": true,
            "total": false,
            "values": true
          },
          "lines": true,
          "linewidth": 2,
          "nullPointMode": "null",
          "options": {
            "alertThreshold": true
          },
          "percentage": false,
          "pluginVersion": "8.3.5",
          "pointradius": 2,
          "points": false,
          "renderer": "flot",
          "seriesOverrides": [],
          "spaceLength": 10,
          "stack": false,
          "steppedLine": false,
          "targets": [
            {
              "expr": "max by (service_name) (max_over_time(mysql_perf_schema_replication_group_worker_lag_in_seconds{replication_set=~\"$replication_set\"}[$interval]) or max_over_time(mysql_perf_schema_replication_group_worker_lag_in_seconds{replication_set=~\"$replication_set\"}[5m]))",
              "interval": "$interval",
              "legendFormat": "{{service_name}}",
              "refId": "A"
            }
          ],
          "thresholds": [],
          "timeRegions": [],
          "title": "Replication Lag",
          "tooltip": {
            "shared": true,
            "sort": 0,
            "value_type": "individual"
          },
          "type": "graph",
          "xaxis": {
            "mode": "time",
            "show": true,
            "values": []
          },
          "yaxes": [
            {
              "$$hashKey": "object:679",
              "format": "s",
              "logBase": 1,
              "min": "0",
              "show": true
            },
            {
              "$$hashKey": "object:680",
              "format": "short",
              "logBase": 1,
              "show": true
            }
          ],
          "yaxis": {
            "align": false
          }
        },
        {
          "aliasColors": {},
          "bars": false,
          "dashLength": 10,
          "dashes": false,
          "decimals": 2,
          "description": "Time difference from the moment the transaction is COMMITTED on the Primary and the time \ntransaction ENTER the local queue on the Replica.\n\nNotice: Collected for MySQL 8.x",
          "fill": 2,
          "fillGradient": 0,
          "gridPos": {
            "h": 8,
            "w": 12,
            "x": 0,
            "y": 33
          },
          "hiddenSeries": false,
          "id": 1052,
          "legend": {
            "alignAsTable": true,
            "avg": true,
            "current": false,
            "max": true,
            "min": true,
            "show": true,
            "sort": "avg",
            "sortDesc": true,
            "total": false,
            "values": true
          },
          "lines": true,
          "linewidth": 2,
          "nullPointMode": "null",
          "options": {
            "alertThreshold": true
          },
          "percentage": false,
          "pluginVersion": "8.3.5",
          "pointradius": 2,
          "points": false,
          "renderer": "flot",
          "seriesOverrides": [],
          "spaceLength": 10,
          "stack": false,
          "steppedLine": false,
          "targets": [
            {
              "expr": "max by (service_name) (max_over_time(mysql_perf_schema_replication_group_worker_transport_time_seconds{replication_set=~\"$replication_set\"}[$interval]) or max_over_time(mysql_perf_schema_replication_group_worker_transport_time_seconds{replication_set=~\"$replication_set\"}[5m])) < 20202020",
              "interval": "$interval",
              "legendFormat": "{{service_name}}",
              "refId": "A"
            }
          ],
          "thresholds": [],
          "timeRegions": [],
          "title": "Transport Time",
          "tooltip": {
            "shared": true,
            "sort": 0,
            "value_type": "individual"
          },
          "type": "graph",
          "xaxis": {
            "mode": "time",
            "show": true,
            "values": []
          },
          "yaxes": [
            {
              "$$hashKey": "object:679",
              "format": "s",
              "logBase": 1,
              "min": "0",
              "show": true
            },
            {
              "$$hashKey": "object:680",
              "format": "short",
              "logBase": 1,
              "show": true
            }
          ],
          "yaxis": {
            "align": false
          }
        },
        {
          "aliasColors": {},
          "bars": false,
          "dashLength": 10,
          "dashes": false,
          "decimals": 2,
          "description": "Time difference from the moment the transaction has being COMMITTED on the Primary and the time transaction exit the queue to be apply in the local Replica.\n\nNotice: Collected for MySQL 8.x",
          "fill": 2,
          "fillGradient": 0,
          "gridPos": {
            "h": 8,
            "w": 12,
            "x": 12,
            "y": 33
          },
          "hiddenSeries": false,
          "id": 1051,
          "legend": {
            "alignAsTable": true,
            "avg": true,
            "current": false,
            "max": true,
            "min": true,
            "show": true,
            "sort": "avg",
            "sortDesc": true,
            "total": false,
            "values": true
          },
          "lines": true,
          "linewidth": 2,
          "nullPointMode": "null",
          "options": {
            "alertThreshold": true
          },
          "percentage": false,
          "pluginVersion": "8.3.5",
          "pointradius": 2,
          "points": false,
          "renderer": "flot",
          "seriesOverrides": [],
          "spaceLength": 10,
          "stack": false,
          "steppedLine": false,
          "targets": [
            {
              "expr": "max by (service_name) (max_over_time(mysql_perf_schema_replication_group_worker_rep_delay_seconds{replication_set=~\"$replication_set\"}[$interval]) or max_over_time(mysql_perf_schema_replication_group_worker_rep_delay_seconds{replication_set=~\"$replication_set\"}[5m]))  < 20202020",
              "interval": "$interval",
              "legendFormat": "{{service_name}}",
              "refId": "A"
            }
          ],
          "thresholds": [],
          "timeRegions": [],
          "title": "Replication Delay",
          "tooltip": {
            "shared": true,
            "sort": 0,
            "value_type": "individual"
          },
          "type": "graph",
          "xaxis": {
            "mode": "time",
            "show": true,
            "values": []
          },
          "yaxes": [
            {
              "$$hashKey": "object:679",
              "format": "s",
              "logBase": 1,
              "min": "0",
              "show": true
            },
            {
              "$$hashKey": "object:680",
              "format": "short",
              "logBase": 1,
              "show": true
            }
          ],
          "yaxis": {
            "align": false
          }
        },
        {
          "aliasColors": {},
          "bars": false,
          "dashLength": 10,
          "dashes": false,
          "decimals": 2,
          "description": "Time pass to apply the transaction on the local node.\n\nNotice: Collected for MySQL 8.x",
          "fill": 2,
          "fillGradient": 0,
          "gridPos": {
            "h": 8,
            "w": 12,
            "x": 0,
            "y": 41
          },
          "hiddenSeries": false,
          "id": 1054,
          "legend": {
            "alignAsTable": true,
            "avg": true,
            "current": false,
            "max": true,
            "min": true,
            "show": true,
            "sort": "avg",
            "sortDesc": true,
            "total": false,
            "values": true
          },
          "lines": true,
          "linewidth": 2,
          "nullPointMode": "null",
          "options": {
            "alertThreshold": true
          },
          "percentage": false,
          "pluginVersion": "8.3.5",
          "pointradius": 2,
          "points": false,
          "renderer": "flot",
          "seriesOverrides": [],
          "spaceLength": 10,
          "stack": false,
          "steppedLine": false,
          "targets": [
            {
              "expr": "max by (service_name) (max_over_time(mysql_perf_schema_replication_group_worker_apply_time_seconds{replication_set=~\"$replication_set\"}[$interval]) or max_over_time(mysql_perf_schema_replication_group_worker_apply_time_seconds{replication_set=~\"$replication_set\"}[5m]))",
              "interval": "$interval",
              "legendFormat": "{{service_name}}",
              "refId": "A"
            }
          ],
          "thresholds": [],
          "timeRegions": [],
          "title": "Transaction Apply Time",
          "tooltip": {
            "shared": true,
            "sort": 0,
            "value_type": "individual"
          },
          "type": "graph",
          "xaxis": {
            "mode": "time",
            "show": true,
            "values": []
          },
          "yaxes": [
            {
              "$$hashKey": "object:679",
              "format": "s",
              "logBase": 1,
              "min": "0",
              "show": true
            },
            {
              "$$hashKey": "object:680",
              "format": "short",
              "logBase": 1,
              "show": true
            }
          ],
          "yaxis": {
            "align": false
          }
        },
        {
          "aliasColors": {},
          "bars": false,
          "dashLength": 10,
          "dashes": false,
          "decimals": 2,
          "description": "Time spent by transaction inside the local queue in the Replica. \n\nNotice: Collected for MySQL 8.x",
          "fill": 2,
          "fillGradient": 0,
          "gridPos": {
            "h": 8,
            "w": 12,
            "x": 12,
            "y": 41
          },
          "hiddenSeries": false,
          "id": 1053,
          "legend": {
            "alignAsTable": true,
            "avg": true,
            "current": false,
            "max": true,
            "min": true,
            "show": true,
            "sort": "avg",
            "sortDesc": true,
            "total": false,
            "values": true
          },
          "lines": true,
          "linewidth": 2,
          "nullPointMode": "null",
          "options": {
            "alertThreshold": true
          },
          "percentage": false,
          "pluginVersion": "8.3.5",
          "pointradius": 2,
          "points": false,
          "renderer": "flot",
          "seriesOverrides": [],
          "spaceLength": 10,
          "stack": false,
          "steppedLine": false,
          "targets": [
            {
              "expr": "max by (service_name) (max_over_time(mysql_perf_schema_replication_group_worker_time_RL_seconds{replication_set=~\"$replication_set\"}[$interval]) or max_over_time(mysql_perf_schema_replication_group_worker_time_RL_seconds{replication_set=~\"$replication_set\"}[5m]))",
              "interval": "$interval",
              "legendFormat": "{{service_name}}",
              "refId": "A"
            }
          ],
          "thresholds": [],
          "timeRegions": [],
          "title": "Transaction Time Inside the Local Queue",
          "tooltip": {
            "shared": true,
            "sort": 0,
            "value_type": "individual"
          },
          "type": "graph",
          "xaxis": {
            "mode": "time",
            "show": true,
            "values": []
          },
          "yaxes": [
            {
              "$$hashKey": "object:679",
              "format": "s",
              "logBase": 1,
              "min": "0",
              "show": true
            },
            {
              "$$hashKey": "object:680",
              "format": "short",
              "logBase": 1,
              "show": true
            }
          ],
          "yaxis": {
            "align": false
          }
        }
      ],
      "title": "Replication Delay Details",
      "type": "row"
    },
    {
      "collapsed": true,
      "gridPos": {
        "h": 1,
        "w": 24,
        "x": 0,
        "y": 23
      },
      "id": 1025,
      "panels": [
        {
          "aliasColors": {},
          "bars": false,
          "dashLength": 10,
          "dashes": false,
          "decimals": 2,
          "description": "The number of transactions that have been checked for conflicts.",
          "editable": true,
          "error": false,
          "fieldConfig": {
            "defaults": {
              "links": []
            },
            "overrides": []
          },
          "fill": 2,
          "fillGradient": 0,
          "grid": {},
          "gridPos": {
            "h": 8,
            "w": 12,
            "x": 0,
            "y": 32
          },
          "hiddenSeries": false,
          "id": 1030,
          "legend": {
            "alignAsTable": true,
            "avg": true,
            "current": false,
            "max": true,
            "min": true,
            "rightSide": false,
            "show": true,
            "sort": "avg",
            "sortDesc": true,
            "total": false,
            "values": true
          },
          "lines": true,
          "linewidth": 2,
          "links": [],
          "nullPointMode": "null",
          "options": {
            "alertThreshold": true
          },
          "paceLength": 10,
          "percentage": false,
          "pluginVersion": "8.3.5",
          "pointradius": 5,
          "points": false,
          "renderer": "flot",
          "seriesOverrides": [],
          "spaceLength": 10,
          "stack": false,
          "steppedLine": false,
          "targets": [
            {
              "calculatedInterval": "2m",
              "datasourceErrors": {},
              "errors": {},
              "expr": "avg by (service_name) (rate(mysql_perf_schema_transactions_checked_total{replication_set=~\"$replication_set\"}[$interval]) or irate(mysql_perf_schema_transactions_checked_total{replication_set=~\"$replication_set\"}[5m]) or\nrate(mysql_perf_schema_5_transactions_checked_total{replication_set=~\"$replication_set\"}[$interval]) or irate(mysql_perf_schema_5_transactions_checked_total{replication_set=~\"$replication_set\"}[5m]))",
              "format": "time_series",
              "interval": "$interval",
              "intervalFactor": 1,
              "legendFormat": "{{service_name}}",
              "metric": "",
              "refId": "A",
              "step": 300
            }
          ],
          "thresholds": [],
          "timeRegions": [],
          "title": "Checked Transactions",
          "tooltip": {
            "msResolution": false,
            "shared": true,
            "sort": 5,
            "value_type": "individual"
          },
          "type": "graph",
          "xaxis": {
            "mode": "time",
            "show": true,
            "values": []
          },
          "yaxes": [
            {
              "$$hashKey": "object:541",
              "decimals": 2,
              "format": "short",
              "logBase": 1,
              "min": 0,
              "show": true
            },
            {
              "$$hashKey": "object:542",
              "format": "short",
              "logBase": 1,
              "min": 0,
              "show": false
            }
          ],
          "yaxis": {
            "align": false
          }
        },
        {
          "aliasColors": {},
          "bars": false,
          "dashLength": 10,
          "dashes": false,
          "decimals": 2,
          "description": "Number of transaction rows which can be used for certification, but have not been garbage collected. Can be thought of as the current size of the conflict detection database against which each transaction is certified.",
          "editable": true,
          "error": false,
          "fieldConfig": {
            "defaults": {
              "links": []
            },
            "overrides": []
          },
          "fill": 2,
          "fillGradient": 0,
          "grid": {},
          "gridPos": {
            "h": 8,
            "w": 12,
            "x": 12,
            "y": 32
          },
          "hiddenSeries": false,
          "id": 1019,
          "legend": {
            "alignAsTable": true,
            "avg": true,
            "current": false,
            "max": true,
            "min": true,
            "rightSide": false,
            "show": true,
            "sort": "avg",
            "sortDesc": true,
            "total": false,
            "values": true
          },
          "lines": true,
          "linewidth": 2,
          "links": [],
          "nullPointMode": "null",
          "options": {
            "alertThreshold": true
          },
          "paceLength": 10,
          "percentage": false,
          "pluginVersion": "8.3.5",
          "pointradius": 5,
          "points": false,
          "renderer": "flot",
          "seriesOverrides": [],
          "spaceLength": 10,
          "stack": false,
          "steppedLine": false,
          "targets": [
            {
              "calculatedInterval": "2m",
              "datasourceErrors": {},
              "errors": {},
              "expr": "avg by (service_name) (rate(mysql_perf_schema_transactions_rows_validating_total{replication_set=~\"$replication_set\"}[$interval]) or irate(mysql_perf_schema_transactions_rows_validating_total{replication_set=~\"$replication_set\"}[5m]) or\nrate(mysql_perf_schema_5_transactions_rows_validating_total{replication_set=~\"$replication_set\"}[$interval]) or irate(mysql_perf_schema_5_transactions_rows_validating_total{replication_set=~\"$replication_set\"}[5m]))",
              "format": "time_series",
              "interval": "$interval",
              "intervalFactor": 1,
              "legendFormat": "{{service_name}}",
              "metric": "",
              "refId": "A",
              "step": 300
            }
          ],
          "thresholds": [],
          "timeRegions": [],
          "title": "Transactions Row Validating",
          "tooltip": {
            "msResolution": false,
            "shared": true,
            "sort": 5,
            "value_type": "individual"
          },
          "type": "graph",
          "xaxis": {
            "mode": "time",
            "show": true,
            "values": []
          },
          "yaxes": [
            {
              "$$hashKey": "object:1326",
              "decimals": 2,
              "format": "short",
              "logBase": 1,
              "min": 0,
              "show": true
            },
            {
              "$$hashKey": "object:1327",
              "format": "short",
              "logBase": 1,
              "min": 0,
              "show": false
            }
          ],
          "yaxis": {
            "align": false
          }
        },
        {
          "aliasColors": {},
          "bars": false,
          "dashLength": 10,
          "dashes": false,
          "decimals": 2,
          "description": "Number of transactions that members have received from the group and applied.\n\nNotice: Collected for MySQL 8.x",
          "editable": true,
          "error": false,
          "fieldConfig": {
            "defaults": {
              "links": []
            },
            "overrides": []
          },
          "fill": 2,
          "fillGradient": 0,
          "grid": {},
          "gridPos": {
            "h": 8,
            "w": 12,
            "x": 0,
            "y": 40
          },
          "hiddenSeries": false,
          "id": 1033,
          "legend": {
            "alignAsTable": true,
            "avg": true,
            "current": false,
            "max": true,
            "min": true,
            "rightSide": false,
            "show": true,
            "sort": "avg",
            "sortDesc": true,
            "total": false,
            "values": true
          },
          "lines": true,
          "linewidth": 2,
          "links": [],
          "nullPointMode": "null",
          "options": {
            "alertThreshold": true
          },
          "paceLength": 10,
          "percentage": false,
          "pluginVersion": "8.3.5",
          "pointradius": 5,
          "points": false,
          "renderer": "flot",
          "seriesOverrides": [],
          "spaceLength": 10,
          "stack": false,
          "steppedLine": false,
          "targets": [
            {
              "calculatedInterval": "2m",
              "datasourceErrors": {},
              "errors": {},
              "expr": "avg by (service_name) (rate(mysql_perf_schema_transactions_remote_applied_total{replication_set=~\"$replication_set\"}[$interval]) or irate(mysql_perf_schema_transactions_remote_applied_total{replication_set=~\"$replication_set\"}[5m]))",
              "format": "time_series",
              "interval": "$interval",
              "intervalFactor": 1,
              "legendFormat": "{{service_name}}",
              "metric": "",
              "refId": "A",
              "step": 300
            }
          ],
          "thresholds": [],
          "timeRegions": [],
          "title": "Applied Transactions ",
          "tooltip": {
            "msResolution": false,
            "shared": true,
            "sort": 5,
            "value_type": "individual"
          },
          "type": "graph",
          "xaxis": {
            "mode": "time",
            "show": true,
            "values": []
          },
          "yaxes": [
            {
              "$$hashKey": "object:1326",
              "decimals": 2,
              "format": "short",
              "logBase": 1,
              "min": 0,
              "show": true
            },
            {
              "$$hashKey": "object:1327",
              "format": "short",
              "logBase": 1,
              "min": 0,
              "show": false
            }
          ],
          "yaxis": {
            "align": false
          }
        },
        {
          "aliasColors": {},
          "bars": false,
          "dashLength": 10,
          "dashes": false,
          "decimals": 2,
          "description": "Number of transactions which originated on members and were sent to the group.\n\nNotice: Collected for MySQL 8.x",
          "editable": true,
          "error": false,
          "fieldConfig": {
            "defaults": {
              "links": []
            },
            "overrides": []
          },
          "fill": 2,
          "fillGradient": 0,
          "grid": {},
          "gridPos": {
            "h": 8,
            "w": 12,
            "x": 12,
            "y": 40
          },
          "hiddenSeries": false,
          "id": 1034,
          "legend": {
            "alignAsTable": true,
            "avg": true,
            "current": false,
            "max": true,
            "min": true,
            "rightSide": false,
            "show": true,
            "sort": "avg",
            "sortDesc": true,
            "total": false,
            "values": true
          },
          "lines": true,
          "linewidth": 2,
          "links": [],
          "nullPointMode": "null",
          "options": {
            "alertThreshold": true
          },
          "paceLength": 10,
          "percentage": false,
          "pluginVersion": "8.3.5",
          "pointradius": 5,
          "points": false,
          "renderer": "flot",
          "seriesOverrides": [],
          "spaceLength": 10,
          "stack": false,
          "steppedLine": false,
          "targets": [
            {
              "calculatedInterval": "2m",
              "datasourceErrors": {},
              "errors": {},
              "expr": "avg by (service_name) (rate(mysql_perf_schema_transactions_local_proposed_total{replication_set=~\"$replication_set\"}[$interval]) or irate(mysql_perf_schema_transactions_local_proposed_total{replication_set=~\"$replication_set\"}[5m]))",
              "format": "time_series",
              "interval": "$interval",
              "intervalFactor": 1,
              "legendFormat": "{{service_name}}",
              "metric": "",
              "refId": "A",
              "step": 300
            }
          ],
          "thresholds": [],
          "timeRegions": [],
          "title": "Sent Transactions ",
          "tooltip": {
            "msResolution": false,
            "shared": true,
            "sort": 5,
            "value_type": "individual"
          },
          "type": "graph",
          "xaxis": {
            "mode": "time",
            "show": true,
            "values": []
          },
          "yaxes": [
            {
              "$$hashKey": "object:1326",
              "decimals": 2,
              "format": "short",
              "logBase": 1,
              "min": 0,
              "show": true
            },
            {
              "$$hashKey": "object:1327",
              "format": "short",
              "logBase": 1,
              "min": 0,
              "show": false
            }
          ],
          "yaxis": {
            "align": false
          }
        },
        {
          "aliasColors": {},
          "bars": false,
          "dashLength": 10,
          "dashes": false,
          "decimals": 2,
          "description": "The number of transactions that members have received from the replication group which are waiting to be applied.\n\nNotice: Collected for MySQL 8.x",
          "editable": true,
          "error": false,
          "fieldConfig": {
            "defaults": {
              "links": []
            },
            "overrides": []
          },
          "fill": 2,
          "fillGradient": 0,
          "grid": {},
          "gridPos": {
            "h": 8,
            "w": 12,
            "x": 0,
            "y": 48
          },
          "hiddenSeries": false,
          "id": 16,
          "legend": {
            "alignAsTable": true,
            "avg": true,
            "current": false,
            "max": true,
            "min": true,
            "rightSide": false,
            "show": true,
            "sort": "avg",
            "sortDesc": true,
            "total": false,
            "values": true
          },
          "lines": true,
          "linewidth": 2,
          "links": [],
          "nullPointMode": "null",
          "options": {
            "alertThreshold": true
          },
          "paceLength": 10,
          "percentage": false,
          "pluginVersion": "8.3.5",
          "pointradius": 5,
          "points": false,
          "renderer": "flot",
          "seriesOverrides": [],
          "spaceLength": 10,
          "stack": false,
          "steppedLine": false,
          "targets": [
            {
              "calculatedInterval": "2m",
              "datasourceErrors": {},
              "errors": {},
              "expr": "avg by (service_name) (mysql_perf_schema_transactions_remote_in_applier_queue{replication_set=~\"$replication_set\"})",
              "format": "time_series",
              "interval": "$interval",
              "intervalFactor": 1,
              "legendFormat": "{{service_name}}",
              "metric": "",
              "refId": "A",
              "step": 300
            }
          ],
          "thresholds": [],
          "timeRegions": [],
          "title": "Received Transactions Queue",
          "tooltip": {
            "msResolution": false,
            "shared": true,
            "sort": 5,
            "value_type": "individual"
          },
          "type": "graph",
          "xaxis": {
            "mode": "time",
            "show": true,
            "values": []
          },
          "yaxes": [
            {
              "$$hashKey": "object:1612",
              "decimals": 2,
              "format": "short",
              "logBase": 1,
              "min": 0,
              "show": true
            },
            {
              "$$hashKey": "object:1613",
              "format": "short",
              "logBase": 1,
              "min": 0,
              "show": false
            }
          ],
          "yaxis": {
            "align": false
          }
        },
        {
          "aliasColors": {},
          "bars": false,
          "dashLength": 10,
          "dashes": false,
          "decimals": 2,
          "description": "Number of transactions which originated on members and were rolled back by the group.\n\nNotice: Collected for MySQL 8.x",
          "editable": true,
          "error": false,
          "fieldConfig": {
            "defaults": {
              "links": []
            },
            "overrides": []
          },
          "fill": 2,
          "fillGradient": 0,
          "grid": {},
          "gridPos": {
            "h": 8,
            "w": 12,
            "x": 12,
            "y": 48
          },
          "hiddenSeries": false,
          "id": 1035,
          "legend": {
            "alignAsTable": true,
            "avg": true,
            "current": false,
            "max": true,
            "min": true,
            "rightSide": false,
            "show": true,
            "sort": "avg",
            "sortDesc": true,
            "total": false,
            "values": true
          },
          "lines": true,
          "linewidth": 2,
          "links": [],
          "nullPointMode": "null",
          "options": {
            "alertThreshold": true
          },
          "paceLength": 10,
          "percentage": false,
          "pluginVersion": "8.3.5",
          "pointradius": 5,
          "points": false,
          "renderer": "flot",
          "seriesOverrides": [],
          "spaceLength": 10,
          "stack": false,
          "steppedLine": false,
          "targets": [
            {
              "calculatedInterval": "2m",
              "datasourceErrors": {},
              "errors": {},
              "expr": "avg by (service_name) (rate(mysql_perf_schema_transactions_local_rollback_total{replication_set=~\"$replication_set\"}[$interval]) or irate(mysql_perf_schema_transactions_local_rollback_total{replication_set=~\"$replication_set\"}[5m]))",
              "format": "time_series",
              "interval": "$interval",
              "intervalFactor": 1,
              "legendFormat": "{{service_name}}",
              "metric": "",
              "refId": "A",
              "step": 300
            }
          ],
          "thresholds": [],
          "timeRegions": [],
          "title": "Rolled Back Transactions ",
          "tooltip": {
            "msResolution": false,
            "shared": true,
            "sort": 5,
            "value_type": "individual"
          },
          "type": "graph",
          "xaxis": {
            "mode": "time",
            "show": true,
            "values": []
          },
          "yaxes": [
            {
              "$$hashKey": "object:1326",
              "decimals": 2,
              "format": "short",
              "logBase": 1,
              "min": 0,
              "show": true
            },
            {
              "$$hashKey": "object:1327",
              "format": "short",
              "logBase": 1,
              "min": 0,
              "show": false
            }
          ],
          "yaxis": {
            "align": false
          }
        },
        {
          "aliasColors": {},
          "bars": false,
          "dashLength": 10,
          "dashes": false,
          "decimals": 2,
          "description": "The number of transactions in the queue pending conflict detection checks. Once the transactions have been checked for conflicts, if they pass the check, they are queued to be applied as well.",
          "editable": true,
          "error": false,
          "fieldConfig": {
            "defaults": {
              "links": []
            },
            "overrides": []
          },
          "fill": 2,
          "fillGradient": 0,
          "grid": {},
          "gridPos": {
            "h": 8,
            "w": 12,
            "x": 0,
            "y": 56
          },
          "hiddenSeries": false,
          "id": 1031,
          "legend": {
            "alignAsTable": true,
            "avg": true,
            "current": false,
            "max": true,
            "min": true,
            "rightSide": false,
            "show": true,
            "sort": "avg",
            "sortDesc": true,
            "total": false,
            "values": true
          },
          "lines": true,
          "linewidth": 2,
          "links": [],
          "nullPointMode": "null",
          "options": {
            "alertThreshold": true
          },
          "paceLength": 10,
          "percentage": false,
          "pluginVersion": "8.3.5",
          "pointradius": 5,
          "points": false,
          "renderer": "flot",
          "seriesOverrides": [],
          "spaceLength": 10,
          "stack": false,
          "steppedLine": false,
          "targets": [
            {
              "calculatedInterval": "2m",
              "datasourceErrors": {},
              "errors": {},
              "expr": "avg by (service_name) (mysql_perf_schema_transactions_in_queue{replication_set=~\"$replication_set\"} or mysql_perf_schema_5_transactions_in_queue{replication_set=~\"$replication_set\"})",
              "format": "time_series",
              "interval": "$interval",
              "intervalFactor": 1,
              "legendFormat": "{{service_name}}",
              "metric": "",
              "refId": "A",
              "step": 300
            }
          ],
          "thresholds": [],
          "timeRegions": [],
          "title": "Transactions in the Queue for Checking",
          "tooltip": {
            "msResolution": false,
            "shared": true,
            "sort": 5,
            "value_type": "individual"
          },
          "type": "graph",
          "xaxis": {
            "mode": "time",
            "show": true,
            "values": []
          },
          "yaxes": [
            {
              "$$hashKey": "object:638",
              "decimals": 2,
              "format": "short",
              "logBase": 1,
              "min": 0,
              "show": true
            },
            {
              "$$hashKey": "object:639",
              "format": "short",
              "logBase": 1,
              "min": 0,
              "show": false
            }
          ],
          "yaxis": {
            "align": false
          }
        }
      ],
      "title": "Transactions",
      "type": "row"
    },
    {
      "collapsed": true,
      "gridPos": {
        "h": 1,
        "w": 24,
        "x": 0,
        "y": 24
      },
      "id": 1021,
      "panels": [
        {
          "aliasColors": {},
          "bars": false,
          "dashLength": 10,
          "dashes": false,
          "decimals": 2,
          "description": "The number of transactions that have not passed the conflict detection check.",
          "editable": true,
          "error": false,
          "fieldConfig": {
            "defaults": {
              "links": []
            },
            "overrides": []
          },
          "fill": 2,
          "fillGradient": 0,
          "grid": {},
          "gridPos": {
            "h": 9,
            "w": 24,
            "x": 0,
            "y": 27
          },
          "hiddenSeries": false,
          "id": 1027,
          "legend": {
            "alignAsTable": true,
            "avg": true,
            "current": false,
            "max": true,
            "min": true,
            "rightSide": false,
            "show": true,
            "sort": "avg",
            "sortDesc": true,
            "total": false,
            "values": true
          },
          "lines": true,
          "linewidth": 2,
          "links": [],
          "nullPointMode": "null",
          "options": {
            "alertThreshold": true
          },
          "paceLength": 10,
          "percentage": false,
          "pluginVersion": "8.3.5",
          "pointradius": 5,
          "points": false,
          "renderer": "flot",
          "seriesOverrides": [],
          "spaceLength": 10,
          "stack": false,
          "steppedLine": false,
          "targets": [
            {
              "calculatedInterval": "2m",
              "datasourceErrors": {},
              "errors": {},
              "expr": "avg by (service_name) (rate(mysql_perf_schema_conflicts_detected_total{replication_set=~\"$replication_set\"}[$interval]) or irate(mysql_perf_schema_conflicts_detected_total{replication_set=~\"$replication_set\"}[5m]) or \nrate(mysql_perf_schema_5_conflicts_detected_total{replication_set=~\"$replication_set\"}[$interval]) or irate(mysql_perf_schema_5_conflicts_detected_total{replication_set=~\"$replication_set\"}[5m]))",
              "format": "time_series",
              "interval": "$interval",
              "intervalFactor": 1,
              "legendFormat": "{{service_name}}",
              "metric": "",
              "refId": "A",
              "step": 300
            }
          ],
          "thresholds": [],
          "timeRegions": [],
          "title": "Detected Conflicts",
          "tooltip": {
            "msResolution": false,
            "shared": true,
            "sort": 5,
            "value_type": "individual"
          },
          "type": "graph",
          "xaxis": {
            "mode": "time",
            "show": true,
            "values": []
          },
          "yaxes": [
            {
              "$$hashKey": "object:464",
              "decimals": 2,
              "format": "short",
              "logBase": 1,
              "min": 0,
              "show": true
            },
            {
              "$$hashKey": "object:465",
              "format": "short",
              "logBase": 1,
              "min": 0,
              "show": false
            }
          ],
          "yaxis": {
            "align": false
          }
        }
      ],
      "title": "Conflicts",
      "type": "row"
    }
  ],
  "refresh": "1m",
  "schemaVersion": 34,
  "style": "dark",
  "tags": [
    "Percona",
    "MySQL_HA"
  ],
  "templating": {
    "list": [
      {
        "allFormat": "glob",
        "auto": true,
        "auto_count": 200,
        "auto_min": "1s",
        "current": {
          "selected": false,
          "text": "auto",
          "value": "$__auto_interval_interval"
        },
        "datasource": "Metrics",
        "hide": 0,
        "includeAll": false,
        "label": "Interval",
        "multi": false,
        "multiFormat": "glob",
        "name": "interval",
        "options": [
          {
            "selected": true,
            "text": "auto",
            "value": "$__auto_interval_interval"
          },
          {
            "selected": false,
            "text": "1s",
            "value": "1s"
          },
          {
            "selected": false,
            "text": "5s",
            "value": "5s"
          },
          {
            "selected": false,
            "text": "1m",
            "value": "1m"
          },
          {
            "selected": false,
            "text": "5m",
            "value": "5m"
          },
          {
            "selected": false,
            "text": "1h",
            "value": "1h"
          },
          {
            "selected": false,
            "text": "6h",
            "value": "6h"
          },
          {
            "selected": false,
            "text": "1d",
            "value": "1d"
          }
        ],
        "query": "1s,5s,1m,5m,1h,6h,1d",
        "queryValue": "",
        "refresh": 2,
        "skipUrlSync": false,
        "type": "interval"
      },
      {
        "current": {
          "selected": false,
          "text": "All",
          "value": "$__all"
        },
        "datasource": "Metrics",
        "definition": "label_values({__name__=~\"mysql_perf_schema_replication_group_member_info|mysql_perf_schema_replication_group_5_member_info\"}, replication_set)",
        "hide": 0,
        "includeAll": true,
        "label": "Replication Set",
        "multi": false,
        "name": "replication_set",
        "options": [],
        "query": {
          "query": "label_values({__name__=~\"mysql_perf_schema_replication_group_member_info|mysql_perf_schema_replication_group_5_member_info\"}, replication_set)",
          "refId": "Metrics-replication_set-Variable-Query"
        },
        "refresh": 2,
        "regex": "",
        "skipUrlSync": false,
        "sort": 5,
        "tagValuesQuery": "",
        "tagsQuery": "",
        "type": "query",
        "useTags": false
      },
      {
        "current": {
          "isNone": true,
          "selected": false,
          "text": "None",
          "value": ""
        },
        "datasource": "Metrics",
        "definition": "label_values(mysql_perf_schema_replication_group_member_info, channel_name)",
        "hide": 2,
        "includeAll": false,
        "label": "Channel Name",
        "multi": false,
        "name": "channel_name",
        "options": [],
        "query": {
          "query": "label_values(mysql_perf_schema_replication_group_member_info, channel_name)",
          "refId": "Metrics-channel_name-Variable-Query"
        },
        "refresh": 2,
        "regex": "",
        "skipUrlSync": false,
        "sort": 5,
        "tagValuesQuery": "",
        "tagsQuery": "",
        "type": "query",
        "useTags": false
      },
      {
        "current": {
          "selected": false,
          "text": "All",
          "value": "$__all"
        },
        "datasource": "Metrics",
        "definition": "label_values(mysql_perf_schema_replication_group_member_info{channel_name=~\"$channel_name\"}, service_name)",
        "hide": 2,
        "includeAll": true,
        "label": "Service Name",
        "multi": true,
        "name": "service_name",
        "options": [],
        "query": {
          "query": "label_values(mysql_perf_schema_replication_group_member_info{channel_name=~\"$channel_name\"}, service_name)",
          "refId": "Metrics-service_name-Variable-Query"
        },
        "refresh": 2,
        "regex": "",
        "skipUrlSync": false,
        "sort": 5,
        "tagValuesQuery": "",
        "tagsQuery": "",
        "type": "query",
        "useTags": false
      },
      {
        "allFormat": "glob",
        "current": {
          "isNone": true,
          "selected": false,
          "text": "None",
          "value": ""
        },
        "datasource": "Metrics",
        "definition": "label_values(mysql_up{service_name=~\"$service_name\"}, node_name)",
        "hide": 2,
        "includeAll": false,
        "label": "Node Name",
        "multi": false,
        "multiFormat": "regex values",
        "name": "node_name",
        "options": [],
        "query": {
          "query": "label_values(mysql_up{service_name=~\"$service_name\"}, node_name)",
          "refId": "Metrics-node_name-Variable-Query"
        },
        "refresh": 2,
        "refresh_on_load": false,
        "regex": "",
        "skipUrlSync": false,
        "sort": 5,
        "type": "query",
        "useTags": false
      },
      {
        "current": {
          "isNone": true,
          "selected": false,
          "text": "None",
          "value": ""
        },
        "datasource": "Metrics",
        "definition": "query_result(mysql_version_info{service_name=~\"$service_name\"})",
        "hide": 2,
        "includeAll": false,
        "multi": false,
        "name": "version",
        "options": [],
        "query": {
          "query": "query_result(mysql_version_info{service_name=~\"$service_name\"})",
          "refId": "Metrics-version-Variable-Query"
        },
        "refresh": 2,
        "regex": "/(([0-9\\.]+)\\.([0-9\\.]+)\\.([0-9\\.]+)-?([0-9?]+))/",
        "skipUrlSync": false,
        "sort": 5,
        "tagValuesQuery": "",
        "tagsQuery": "",
        "type": "query",
        "useTags": false
      },
      {
        "allValue": ".*",
        "current": {
          "selected": false,
          "text": "All",
          "value": "$__all"
        },
        "datasource": "Metrics",
        "definition": "label_values({__name__=~\"pg_up|mysql_up|mongodb_up|proxysql_mysql_status_active_transactions\"}, environment)",
        "hide": 2,
        "includeAll": true,
        "label": "Environment",
        "multi": true,
        "name": "environment",
        "options": [],
        "query": {
          "query": "label_values({__name__=~\"pg_up|mysql_up|mongodb_up|proxysql_mysql_status_active_transactions\"}, environment)",
          "refId": "Metrics-environment-Variable-Query"
        },
        "refresh": 2,
        "regex": "",
        "skipUrlSync": false,
        "sort": 5,
        "tagValuesQuery": "",
        "tagsQuery": "",
        "type": "query",
        "useTags": false
      },
      {
        "current": {
          "selected": false,
          "text": "All",
          "value": "$__all"
        },
        "datasource": "Metrics",
        "definition": "label_values({__name__=~\"pg_up|mysql_up|mongodb_up|proxysql_mysql_status_active_transactions\"}, cluster)",
        "hide": 2,
        "includeAll": true,
        "label": "Cluster",
        "multi": true,
        "name": "cluster",
        "options": [],
        "query": {
          "query": "label_values({__name__=~\"pg_up|mysql_up|mongodb_up|proxysql_mysql_status_active_transactions\"}, cluster)",
          "refId": "Metrics-cluster-Variable-Query"
        },
        "refresh": 2,
        "regex": "",
        "skipUrlSync": false,
        "sort": 5,
        "tagValuesQuery": "",
        "tagsQuery": "",
        "type": "query",
        "useTags": false
      },
      {
        "current": {
          "selected": false,
          "text": "All",
          "value": "$__all"
        },
        "datasource": "Metrics",
        "definition": "label_values(pg_stat_database_tup_fetched{service_name=~\"$service_name\",datname!~\"template.*|postgres\"},datname)",
        "hide": 2,
        "includeAll": true,
        "label": "Database",
        "multi": true,
        "name": "database",
        "options": [],
        "query": {
          "query": "label_values(pg_stat_database_tup_fetched{service_name=~\"$service_name\",datname!~\"template.*|postgres\"},datname)",
          "refId": "Metrics-database-Variable-Query"
        },
        "refresh": 1,
        "regex": "",
        "skipUrlSync": false,
        "sort": 5,
        "tagValuesQuery": "",
        "tagsQuery": "",
        "type": "query",
        "useTags": false
      },
      {
        "current": {
          "selected": false,
          "text": "All",
          "value": "$__all"
        },
        "datasource": "Metrics",
        "definition": "label_values({__name__=~\"pg_up|mysql_up|mongodb_up|proxysql_mysql_status_active_transactions\"}, node_type)",
        "hide": 2,
        "includeAll": true,
        "label": "Type",
        "multi": true,
        "name": "node_type",
        "options": [],
        "query": {
          "query": "label_values({__name__=~\"pg_up|mysql_up|mongodb_up|proxysql_mysql_status_active_transactions\"}, node_type)",
          "refId": "Metrics-node_type-Variable-Query"
        },
        "refresh": 1,
        "regex": "",
        "skipUrlSync": false,
        "sort": 5,
        "tagValuesQuery": "",
        "tagsQuery": "",
        "type": "query",
        "useTags": false
      },
      {
        "current": {
          "selected": false,
          "text": "All",
          "value": "$__all"
        },
        "datasource": "Metrics",
        "definition": "label_values({__name__=~\"pg_up|mysql_up|mongodb_up|proxysql_mysql_status_active_transactions\"}, service_type)",
        "hide": 2,
        "includeAll": true,
        "label": "Type",
        "multi": true,
        "name": "service_type",
        "options": [],
        "query": {
          "query": "label_values({__name__=~\"pg_up|mysql_up|mongodb_up|proxysql_mysql_status_active_transactions\"}, service_type)",
          "refId": "Metrics-service_type-Variable-Query"
        },
        "refresh": 1,
        "regex": "",
        "skipUrlSync": false,
        "sort": 5,
        "tagValuesQuery": "",
        "tagsQuery": "",
        "type": "query",
        "useTags": false
      },
      {
        "current": {
          "selected": false,
          "text": "All",
          "value": "$__all"
        },
        "datasource": "Metrics",
        "definition": "label_values({__name__=~\"pg_up|mysql_up|mongodb_up|proxysql_mysql_status_active_transactions\"}, schema)",
        "hide": 2,
        "includeAll": true,
        "label": "Schema",
        "multi": true,
        "name": "schema",
        "options": [],
        "query": {
          "query": "label_values({__name__=~\"pg_up|mysql_up|mongodb_up|proxysql_mysql_status_active_transactions\"}, schema)",
          "refId": "Metrics-schema-Variable-Query"
        },
        "refresh": 1,
        "regex": "",
        "skipUrlSync": false,
        "sort": 5,
        "tagValuesQuery": "",
        "tagsQuery": "",
        "type": "query",
        "useTags": false
      }
    ]
  },
  "time": {
    "from": "now-12h",
    "to": "now"
  },
  "timepicker": {
    "collapse": false,
    "enable": true,
    "hidden": false,
    "notice": false,
    "now": true,
    "refresh_intervals": [
      "5s",
      "10s",
      "30s",
      "1m",
      "5m",
      "15m",
      "30m",
      "1h",
      "2h",
      "1d"
    ],
    "status": "Stable",
    "time_options": [
      "5m",
      "15m",
      "1h",
      "6h",
      "12h",
      "24h",
      "2d",
      "7d",
      "30d"
    ],
    "type": "timepicker"
  },
  "timezone": "",
  "title": "MySQL Group Replication Summary",
  "uid": "mysql-group-replicaset-summary",
  "version": 1,
  "weekStart": ""
}
