{
  "annotations": {
    "list": [
      {
        "builtIn": 1,
        "datasource": {
          "type": "datasource",
          "uid": "grafana"
        },
        "enable": true,
        "hide": false,
        "iconColor": "#e0752d",
        "limit": 100,
        "matchAny": true,
        "name": "PMM Annotations",
        "showIn": 0,
        "tags": [
          "pmm_annotation",
          "$service_name"
        ],
        "target": {
          "limit": 100,
          "matchAny": true,
          "tags": [
            "pmm_annotation",
            "$service_name"
          ],
          "type": "tags"
        },
        "type": "tags"
      },
      {
        "builtIn": 1,
        "datasource": {
          "type": "datasource",
          "uid": "grafana"
        },
        "enable": true,
        "hide": true,
        "iconColor": "#6ed0e0",
        "limit": 100,
        "name": "Annotations & Alerts",
        "showIn": 0,
        "tags": [],
        "target": {
          "limit": 100,
          "matchAny": false,
          "tags": [],
          "type": "dashboard"
        },
        "type": "dashboard"
      }
    ]
  },
  "editable": false,
  "fiscalYearStartMonth": 0,
  "graphTooltip": 1,
  "id": null,
  "links": [
    {
      "icon": "doc",
      "includeVars": true,
      "keepTime": true,
      "tags": [
        "Home"
      ],
      "targetBlank": false,
      "title": "Home",
      "type": "link",
      "url": "/graph/d/pmm-home/home-dashboard"
    },
    {
      "icon": "dashboard",
      "includeVars": true,
      "keepTime": true,
      "tags": [
        "Query Analytics"
      ],
      "targetBlank": false,
      "title": "Query Analytics",
      "type": "link",
      "url": "/graph/d/pmm-qan/pmm-query-analytics"
    },
    {
      "icon": "bolt",
      "includeVars": true,
      "keepTime": true,
      "tags": [
        "Compare"
      ],
      "targetBlank": false,
      "title": "Compare",
      "type": "link",
      "url": "/graph/d/pxc-nodes-compare/pxc-galera-nodes-compare"
    },
    {
      "asDropdown": true,
      "includeVars": true,
      "keepTime": true,
      "tags": [
        "MySQL"
      ],
      "targetBlank": false,
      "title": "MySQL",
      "type": "dashboards"
    },
    {
      "asDropdown": true,
      "includeVars": true,
      "keepTime": true,
      "tags": [
        "MySQL_HA"
      ],
      "targetBlank": false,
      "title": "HA",
      "type": "dashboards"
    },
    {
      "asDropdown": true,
      "includeVars": false,
      "keepTime": true,
      "tags": [
        "Services"
      ],
      "targetBlank": false,
      "title": "Services",
      "type": "dashboards"
    },
    {
      "asDropdown": true,
      "includeVars": false,
      "keepTime": true,
      "tags": [
        "PMM"
      ],
      "targetBlank": false,
      "title": "PMM",
      "type": "dashboards"
    }
  ],
  "liveNow": false,
  "panels": [
    {
      "datasource": "Metrics",
      "fieldConfig": {
        "defaults": {
          "color": {
            "mode": "thresholds"
          },
          "decimals": 0,
          "mappings": [
            {
              "options": {
                "0": {
                  "text": "OFF"
                },
                "1": {
                  "text": "ON"
                }
              },
              "type": "value"
            }
          ],
          "thresholds": {
            "mode": "absolute",
            "steps": [
              {
                "color": "#FA6400",
                "value": null
              },
              {
                "color": "rgba(237, 129, 40, 0.89)",
                "value": 0.5
              },
              {
                "color": "rgba(255, 255, 255, 0.97)",
                "value": 1
              }
            ]
          },
          "unit": "none"
        },
        "overrides": []
      },
      "gridPos": {
        "h": 3,
        "w": 4,
        "x": 0,
        "y": 0
      },
      "hideTimeOverride": true,
      "id": 50,
      "interval": "$interval",
      "links": [],
      "maxDataPoints": 100,
      "options": {
        "colorMode": "none",
        "graphMode": "area",
        "justifyMode": "auto",
        "orientation": "horizontal",
        "reduceOptions": {
          "calcs": [
            "lastNotNull"
          ],
          "fields": "",
          "values": false
        },
        "text": {
          "valueSize": 20
        },
        "textMode": "auto"
      },
      "pluginVersion": "9.2.5",
      "targets": [
        {
          "calculatedInterval": "10m",
          "datasource": "Metrics",
          "datasourceErrors": {},
          "errors": {},
          "expr": "mysql_global_status_wsrep_ready{service_name=~\"$service_name\"}",
          "interval": "5m",
          "intervalFactor": 1,
          "legendFormat": "",
          "metric": "",
          "refId": "A",
          "step": 300
        }
      ],
      "timeFrom": "1m",
      "timeShift": "1m",
      "title": "Ready to Accept Queries",
      "type": "stat"
    },
    {
      "datasource": "Metrics",
      "fieldConfig": {
        "defaults": {
          "color": {
            "mode": "thresholds"
          },
          "decimals": 0,
          "mappings": [
            {
              "options": {
                "1": {
                  "text": "Joining"
                },
                "2": {
                  "text": "Donor/Desynced"
                },
                "3": {
                  "text": "Joined"
                },
                "4": {
                  "text": "Synced"
                }
              },
              "type": "value"
            }
          ],
          "thresholds": {
            "mode": "absolute",
            "steps": [
              {
                "color": "rgba(245, 54, 54, 0.9)",
                "value": null
              },
              {
                "color": "rgba(237, 129, 40, 0.89)",
                "value": 2
              },
              {
                "color": "rgba(50, 172, 45, 0.97)",
                "value": 4
              }
            ]
          },
          "unit": "none"
        },
        "overrides": []
      },
      "gridPos": {
        "h": 3,
        "w": 4,
        "x": 4,
        "y": 0
      },
      "hideTimeOverride": true,
      "id": 49,
      "interval": "$interval",
      "links": [],
      "maxDataPoints": 100,
      "options": {
        "colorMode": "none",
        "graphMode": "area",
        "justifyMode": "auto",
        "orientation": "horizontal",
        "reduceOptions": {
          "calcs": [
            "lastNotNull"
          ],
          "fields": "",
          "values": false
        },
        "text": {
          "valueSize": 20
        },
        "textMode": "auto"
      },
      "pluginVersion": "9.2.5",
      "targets": [
        {
          "calculatedInterval": "10m",
          "datasource": "Metrics",
          "datasourceErrors": {},
          "errors": {},
          "expr": "mysql_global_status_wsrep_local_state{service_name=~\"$service_name\"}",
          "format": "time_series",
          "interval": "5m",
          "intervalFactor": 1,
          "legendFormat": "",
          "metric": "",
          "refId": "A",
          "step": 300
        }
      ],
      "timeFrom": "1m",
      "timeShift": "1m",
      "title": "Local State",
      "type": "stat"
    },
    {
      "datasource": "Metrics",
      "fieldConfig": {
        "defaults": {
          "color": {
            "mode": "thresholds"
          },
          "decimals": 0,
          "mappings": [
            {
              "options": {
                "0": {
                  "text": "OFF"
                },
                "1": {
                  "text": "ON"
                }
              },
              "type": "value"
            }
          ],
          "thresholds": {
            "mode": "absolute",
            "steps": [
              {
                "color": "#FA6400",
                "value": null
              },
              {
                "color": "rgba(237, 129, 40, 0.89)",
                "value": 0.5
              },
              {
                "color": "rgba(255, 255, 255, 0.9)",
                "value": 1
              }
            ]
          },
          "unit": "none"
        },
        "overrides": []
      },
      "gridPos": {
        "h": 3,
        "w": 4,
        "x": 8,
        "y": 0
      },
      "hideTimeOverride": true,
      "id": 53,
      "interval": "$interval",
      "links": [],
      "maxDataPoints": 100,
      "options": {
        "colorMode": "none",
        "graphMode": "area",
        "justifyMode": "auto",
        "orientation": "horizontal",
        "reduceOptions": {
          "calcs": [
            "lastNotNull"
          ],
          "fields": "",
          "values": false
        },
        "text": {
          "valueSize": 20
        },
        "textMode": "auto"
      },
      "pluginVersion": "9.2.5",
      "targets": [
        {
          "calculatedInterval": "10m",
          "datasource": "Metrics",
          "datasourceErrors": {},
          "errors": {},
          "expr": "mysql_global_variables_wsrep_desync{service_name=~\"$service_name\"}",
          "format": "time_series",
          "interval": "5m",
          "intervalFactor": 1,
          "legendFormat": "",
          "metric": "",
          "refId": "A",
          "step": 300
        }
      ],
      "timeFrom": "1m",
      "timeShift": "1m",
      "title": "Desync Mode",
      "type": "stat"
    },
    {
      "datasource": "Metrics",
      "fieldConfig": {
        "defaults": {
          "color": {
            "mode": "thresholds"
          },
          "decimals": 0,
          "mappings": [
            {
              "options": {
                "0": {
                  "text": "Non-primary"
                },
                "1": {
                  "text": "Primary"
                }
              },
              "type": "value"
            }
          ],
          "thresholds": {
            "mode": "absolute",
            "steps": [
              {
                "color": "rgba(245, 54, 54, 0.9)",
                "value": null
              },
              {
                "color": "rgba(237, 129, 40, 0.89)",
                "value": 0.5
              },
              {
                "color": "rgba(50, 172, 45, 0.97)",
                "value": 1
              }
            ]
          },
          "unit": "none"
        },
        "overrides": []
      },
      "gridPos": {
        "h": 3,
        "w": 4,
        "x": 12,
        "y": 0
      },
      "hideTimeOverride": true,
      "id": 51,
      "interval": "$interval",
      "links": [],
      "maxDataPoints": 100,
      "options": {
        "colorMode": "value",
        "graphMode": "none",
        "justifyMode": "auto",
        "orientation": "horizontal",
        "reduceOptions": {
          "calcs": [
            "lastNotNull"
          ],
          "fields": "",
          "values": false
        },
        "text": {
          "valueSize": 20
        },
        "textMode": "auto"
      },
      "pluginVersion": "9.2.5",
      "targets": [
        {
          "calculatedInterval": "10m",
          "datasource": "Metrics",
          "datasourceErrors": {},
          "errors": {},
          "expr": "mysql_global_status_wsrep_cluster_status{service_name=~\"$service_name\"}",
          "format": "time_series",
          "interval": "5m",
          "intervalFactor": 1,
          "legendFormat": "",
          "metric": "",
          "refId": "A",
          "step": 300
        }
      ],
      "timeFrom": "1m",
      "timeShift": "1m",
      "title": "Cluster Status",
      "type": "stat"
    },
    {
      "datasource": "Metrics",
      "fieldConfig": {
        "defaults": {
          "color": {
            "fixedColor": "rgb(31, 120, 193)",
            "mode": "fixed"
          },
          "decimals": 0,
          "mappings": [],
          "thresholds": {
            "mode": "absolute",
            "steps": [
              {
                "color": "rgba(50, 172, 45, 0.97)",
                "value": null
              },
              {
                "color": "rgba(237, 129, 40, 0.89)",
                "value": 90
              },
              {
                "color": "rgba(245, 54, 54, 0.9)",
                "value": 95
              }
            ]
          },
          "unit": "bytes"
        },
        "overrides": []
      },
      "gridPos": {
        "h": 3,
        "w": 4,
        "x": 16,
        "y": 0
      },
      "id": 48,
      "interval": "$interval",
      "links": [],
      "maxDataPoints": 100,
      "options": {
        "colorMode": "none",
        "graphMode": "area",
        "justifyMode": "auto",
        "orientation": "horizontal",
        "reduceOptions": {
          "calcs": [
            "lastNotNull"
          ],
          "fields": "",
          "values": false
        },
        "text": {
          "valueSize": 20
        },
        "textMode": "auto"
      },
      "pluginVersion": "9.2.5",
      "targets": [
        {
          "calculatedInterval": "10m",
          "datasource": "Metrics",
          "datasourceErrors": {},
          "errors": {},
          "expr": "avg by (service_name) (mysql_galera_gcache_size_bytes{service_name=~\"$service_name\"})",
          "format": "time_series",
          "interval": "5m",
          "intervalFactor": 1,
          "legendFormat": "",
          "metric": "",
          "refId": "A",
          "step": 300
        }
      ],
      "title": "gcache Size",
      "type": "stat"
    },
    {
      "datasource": "Metrics",
      "fieldConfig": {
        "defaults": {
          "color": {
            "mode": "thresholds"
          },
          "mappings": [
            {
              "options": {
                "0": {
                  "text": "OFF"
                },
                "1": {
                  "text": "ON"
                }
              },
              "type": "value"
            },
            {
              "options": {
                "match": "null",
                "result": {
                  "text": "N/A"
                }
              },
              "type": "special"
            }
          ],
          "thresholds": {
            "mode": "absolute",
            "steps": [
              {
                "color": "#FA6400",
                "value": null
              },
              {
                "color": "#508642",
                "value": 0.5
              },
              {
                "color": "rgb(255, 255, 255)",
                "value": 1
              }
            ]
          },
          "unit": "short"
        },
        "overrides": []
      },
      "gridPos": {
        "h": 3,
        "w": 4,
        "x": 20,
        "y": 0
      },
      "id": 55,
      "links": [],
      "maxDataPoints": 100,
      "options": {
        "colorMode": "value",
        "graphMode": "none",
        "justifyMode": "auto",
        "orientation": "horizontal",
        "reduceOptions": {
          "calcs": [
            "lastNotNull"
          ],
          "fields": "",
          "values": false
        },
        "text": {
          "valueSize": 20
        },
        "textMode": "auto"
      },
      "pluginVersion": "9.2.5",
      "targets": [
        {
          "datasource": "Metrics",
          "expr": "avg by (service_name) (mysql_global_status_wsrep_flow_control_status{service_name=~\"$service_name\"})",
          "format": "time_series",
          "interval": "$interval",
          "intervalFactor": 1,
          "refId": "A"
        }
      ],
      "title": "FC (normal traffic)",
      "type": "stat"
    },
    {
      "datasource": "Metrics",
      "description": "Shows figures for the replication latency on group communication. It measures latency from the time point when a message is sent out to the time point when a message is received. As replication is a group operation, this essentially gives you the slowest ACK and longest RTT in the cluster.",
      "fieldConfig": {
        "defaults": {
          "color": {
            "mode": "palette-classic"
          },
          "custom": {
            "axisCenteredZero": false,
            "axisColorMode": "text",
            "axisLabel": "",
            "axisPlacement": "auto",
            "barAlignment": 0,
            "drawStyle": "bars",
            "fillOpacity": 100,
            "gradientMode": "none",
            "hideFrom": {
              "legend": false,
              "tooltip": false,
              "viz": false
            },
            "lineInterpolation": "linear",
            "lineWidth": 2,
            "pointSize": 5,
            "scaleDistribution": {
              "type": "linear"
            },
            "showPoints": "never",
            "spanNulls": false,
            "stacking": {
              "group": "A",
              "mode": "none"
            },
            "thresholdsStyle": {
              "mode": "off"
            }
          },
          "decimals": 2,
          "links": [],
          "mappings": [],
          "min": 0,
          "thresholds": {
            "mode": "absolute",
            "steps": [
              {
                "color": "green",
                "value": null
              }
            ]
          },
          "unit": "s"
        },
        "overrides": [
          {
            "matcher": {
              "id": "byName",
              "options": "Maximum"
            },
            "properties": [
              {
                "id": "color",
                "value": {
                  "fixedColor": "#806eb7",
                  "mode": "fixed"
                }
              }
            ]
          },
          {
            "matcher": {
              "id": "byName",
              "options": "Standard Deviation"
            },
            "properties": [
              {
                "id": "color",
                "value": {
                  "fixedColor": "#7eb26d",
                  "mode": "fixed"
                }
              }
            ]
          }
        ]
      },
      "gridPos": {
        "h": 8,
        "w": 24,
        "x": 0,
        "y": 3
      },
      "id": 42,
      "links": [
        {
          "title": "Galera Documentation",
          "url": "http://galeracluster.com/documentation-webpages/galerastatusvariables.html#wsrep-evs-repl-latency"
        }
      ],
      "options": {
        "legend": {
          "calcs": [
            "mean",
            "max",
            "min"
          ],
          "displayMode": "table",
          "placement": "right",
          "showLegend": true
        },
        "tooltip": {
          "mode": "multi",
          "sort": "none"
        }
      },
      "pluginVersion": "9.2.5",
      "targets": [
        {
          "datasource": "Metrics",
          "editorMode": "code",
          "expr": "avg by (service_name) (max_over_time(mysql_galera_evs_repl_latency_max_seconds{service_name=~\"$service_name\"}[$interval]) or\nmax_over_time(mysql_galera_evs_repl_latency_max_seconds{service_name=~\"$service_name\"}[5m]))",
          "format": "time_series",
          "interval": "$interval",
          "intervalFactor": 1,
          "legendFormat": "Maximum",
          "range": true,
          "refId": "A",
          "step": 300
        },
        {
          "datasource": "Metrics",
          "editorMode": "code",
          "expr": "avg by (service_name) (avg_over_time(mysql_galera_evs_repl_latency_stdev{service_name=~\"$service_name\"}[$interval]) or\navg_over_time(mysql_galera_evs_repl_latency_stdev{service_name=~\"$service_name\"}[5m]))",
          "format": "time_series",
          "interval": "$interval",
          "intervalFactor": 1,
          "legendFormat": "Standard Deviation",
          "range": true,
          "refId": "B",
          "step": 300
        },
        {
          "datasource": "Metrics",
          "editorMode": "code",
          "expr": "avg by (service_name) (avg_over_time(mysql_galera_evs_repl_latency_avg_seconds{service_name=~\"$service_name\"}[$interval]) or\navg_over_time(mysql_global_status_wsrep_evs_repl_latency{service_name=~\"$service_name\"}[5m]))",
          "format": "time_series",
          "interval": "$interval",
          "intervalFactor": 1,
          "legendFormat": "Average",
          "range": true,
          "refId": "C",
          "step": 300
        },
        {
          "datasource": "Metrics",
          "editorMode": "code",
          "expr": "avg by (service_name) (min_over_time(mysql_galera_evs_repl_latency_min_seconds{service_name=~\"$service_name\"}[$interval]) or\nmin_over_time(mysql_galera_evs_repl_latency_min_seconds{service_name=~\"$service_name\"}[5m]))",
          "format": "time_series",
          "interval": "$interval",
          "intervalFactor": 1,
          "legendFormat": "MInimum",
          "range": true,
          "refId": "D",
          "step": 300
        }
      ],
      "title": "Galera Replication Latency",
      "type": "timeseries"
    },
    {
      "datasource": "Metrics",
      "description": "Shows the length of receive and send queues.",
      "fieldConfig": {
        "defaults": {
          "color": {
            "mode": "palette-classic"
          },
          "custom": {
            "axisCenteredZero": false,
            "axisColorMode": "text",
            "axisLabel": "",
            "axisPlacement": "auto",
            "barAlignment": 0,
            "drawStyle": "line",
            "fillOpacity": 20,
            "gradientMode": "none",
            "hideFrom": {
              "legend": false,
              "tooltip": false,
              "viz": false
            },
            "lineInterpolation": "linear",
            "lineWidth": 2,
            "pointSize": 5,
            "scaleDistribution": {
              "type": "linear"
            },
            "showPoints": "never",
            "spanNulls": false,
            "stacking": {
              "group": "A",
              "mode": "none"
            },
            "thresholdsStyle": {
              "mode": "off"
            }
          },
          "decimals": 3,
          "links": [],
          "mappings": [],
          "min": 0,
          "thresholds": {
            "mode": "absolute",
            "steps": [
              {
                "color": "green",
                "value": null
              }
            ]
          },
          "unit": "short"
        },
        "overrides": []
      },
      "gridPos": {
        "h": 8,
        "w": 12,
        "x": 0,
        "y": 11
      },
      "id": 39,
      "links": [],
      "options": {
        "legend": {
          "calcs": [
            "mean",
            "max",
            "min"
          ],
          "displayMode": "table",
          "placement": "bottom",
          "showLegend": true
        },
        "tooltip": {
          "mode": "multi",
          "sort": "none"
        }
      },
      "pluginVersion": "9.2.5",
      "targets": [
        {
          "calculatedInterval": "2m",
          "datasource": "Metrics",
          "datasourceErrors": {},
          "errors": {},
          "expr": "avg by (service_name) (max_over_time(mysql_global_status_wsrep_local_recv_queue{service_name=~\"$service_name\"}[$interval]) or\nmax_over_time(mysql_global_status_wsrep_local_recv_queue{service_name=~\"$service_name\"}[5m]))",
          "format": "time_series",
          "interval": "$interval",
          "intervalFactor": 1,
          "legendFormat": "Receive Queue",
          "metric": "",
          "refId": "A",
          "step": 300
        },
        {
          "calculatedInterval": "2m",
          "datasource": "Metrics",
          "datasourceErrors": {},
          "errors": {},
          "expr": "avg by (service_name) (max_over_time(mysql_global_status_wsrep_local_send_queue{service_name=~\"$service_name\"}[$interval]) or\nmax_over_time(mysql_global_status_wsrep_local_send_queue{service_name=~\"$service_name\"}[5m]))",
          "format": "time_series",
          "interval": "$interval",
          "intervalFactor": 1,
          "legendFormat": "Send Queue",
          "metric": "",
          "refId": "B",
          "step": 300,
          "target": ""
        }
      ],
      "title": "Galera Replication Queues",
      "type": "timeseries"
    },
    {
      "datasource": "Metrics",
      "description": "Shows the number of members currently connected to the cluster.",
      "fieldConfig": {
        "defaults": {
          "color": {
            "mode": "palette-classic"
          },
          "custom": {
            "axisCenteredZero": false,
            "axisColorMode": "text",
            "axisLabel": "",
            "axisPlacement": "auto",
            "barAlignment": 0,
            "drawStyle": "line",
            "fillOpacity": 0,
            "gradientMode": "none",
            "hideFrom": {
              "legend": false,
              "tooltip": false,
              "viz": false
            },
            "lineInterpolation": "linear",
            "lineWidth": 2,
            "pointSize": 5,
            "scaleDistribution": {
              "type": "linear"
            },
            "showPoints": "never",
            "spanNulls": false,
            "stacking": {
              "group": "A",
              "mode": "none"
            },
            "thresholdsStyle": {
              "mode": "off"
            }
          },
          "decimals": 0,
          "links": [],
          "mappings": [],
          "min": 0,
          "thresholds": {
            "mode": "absolute",
            "steps": [
              {
                "color": "green",
                "value": null
              }
            ]
          },
          "unit": "short"
        },
        "overrides": []
      },
      "gridPos": {
        "h": 8,
        "w": 12,
        "x": 12,
        "y": 11
      },
      "id": 54,
      "links": [],
      "options": {
        "legend": {
          "calcs": [
            "mean",
            "max",
            "min"
          ],
          "displayMode": "table",
          "placement": "bottom",
          "showLegend": true
        },
        "tooltip": {
          "mode": "multi",
          "sort": "none"
        }
      },
      "pluginVersion": "9.2.5",
      "targets": [
        {
          "calculatedInterval": "2m",
          "datasource": "Metrics",
          "datasourceErrors": {},
          "errors": {},
          "expr": "avg by (service_name) (max_over_time(mysql_global_status_wsrep_cluster_size{service_name=~\"$service_name\"}[$interval]) or\nmax_over_time(mysql_global_status_wsrep_cluster_size{service_name=~\"$service_name\"}[5m]))",
          "format": "time_series",
          "interval": "$interval",
          "intervalFactor": 1,
          "legendFormat": "Size",
          "metric": "",
          "refId": "C",
          "step": 300,
          "target": ""
        }
      ],
      "title": "Galera Cluster Size",
      "type": "timeseries"
    },
    {
      "datasource": "Metrics",
      "description": "Shows the number of FC_PAUSE events sent/received. They are sent by a node when its replication queue gets too full. If a node is sending out FC messages it indicates a problem.",
      "fieldConfig": {
        "defaults": {
          "color": {
            "mode": "palette-classic"
          },
          "custom": {
            "axisCenteredZero": false,
            "axisColorMode": "text",
            "axisLabel": "",
            "axisPlacement": "auto",
            "barAlignment": 0,
            "drawStyle": "line",
            "fillOpacity": 0,
            "gradientMode": "none",
            "hideFrom": {
              "legend": false,
              "tooltip": false,
              "viz": false
            },
            "lineInterpolation": "linear",
            "lineWidth": 2,
            "pointSize": 5,
            "scaleDistribution": {
              "type": "linear"
            },
            "showPoints": "never",
            "spanNulls": false,
            "stacking": {
              "group": "A",
              "mode": "none"
            },
            "thresholdsStyle": {
              "mode": "off"
            }
          },
          "decimals": 2,
          "links": [],
          "mappings": [],
          "min": 0,
          "thresholds": {
            "mode": "absolute",
            "steps": [
              {
                "color": "green",
                "value": null
              }
            ]
          },
          "unit": "short"
        },
        "overrides": [
          {
            "matcher": {
              "id": "byName",
              "options": "Paused due to Flow Control"
            },
            "properties": [
              {
                "id": "custom.lineWidth",
                "value": 1
              },
              {
                "id": "unit",
                "value": "percentunit"
              },
              {
                "id": "max",
                "value": 1
              }
            ]
          }
        ]
      },
      "gridPos": {
        "h": 8,
        "w": 12,
        "x": 0,
        "y": 19
      },
      "id": 45,
      "links": [],
      "options": {
        "legend": {
          "calcs": [
            "mean",
            "max",
            "min"
          ],
          "displayMode": "table",
          "placement": "bottom",
          "showLegend": true
        },
        "tooltip": {
          "mode": "multi",
          "sort": "none"
        }
      },
      "pluginVersion": "9.2.5",
      "targets": [
        {
          "calculatedInterval": "2m",
          "datasource": "Metrics",
          "datasourceErrors": {},
          "errors": {},
          "expr": "avg by (service_name) (rate(mysql_global_status_wsrep_flow_control_recv{service_name=~\"$service_name\"}[$interval]) or irate(mysql_global_status_wsrep_flow_control_recv{service_name=~\"$service_name\"}[5m]))",
          "format": "time_series",
          "interval": "$interval",
          "intervalFactor": 1,
          "legendFormat": "FC Messages Received",
          "metric": "",
          "refId": "A",
          "step": 300
        },
        {
          "calculatedInterval": "2m",
          "datasource": "Metrics",
          "datasourceErrors": {},
          "errors": {},
          "expr": "avg by (service_name) (rate(mysql_global_status_wsrep_flow_control_sent{service_name=~\"$service_name\"}[$interval]) or irate(mysql_global_status_wsrep_flow_control_sent{service_name=~\"$service_name\"}[5m]))",
          "format": "time_series",
          "interval": "$interval",
          "intervalFactor": 1,
          "legendFormat": "FC Messages Sent",
          "metric": "",
          "refId": "B",
          "step": 300,
          "target": ""
        },
        {
          "calculatedInterval": "2m",
          "datasource": "Metrics",
          "datasourceErrors": {},
          "errors": {},
          "expr": "avg by (service_name) ((rate(mysql_global_status_wsrep_flow_control_paused_ns{service_name=~\"$service_name\"}[$interval]) or irate(mysql_global_status_wsrep_flow_control_paused_ns{service_name=~\"$service_name\"}[5m])))/1000000000",
          "format": "time_series",
          "interval": "$interval",
          "intervalFactor": 1,
          "legendFormat": "Paused due to Flow Control",
          "metric": "",
          "refId": "C",
          "step": 300,
          "target": ""
        }
      ],
      "title": "Galera Flow Control",
      "type": "timeseries"
    },
    {
      "datasource": "Metrics",
      "description": "Shows the average distances between highest and lowest seqno that are concurrently applied, committed and can be possibly applied in parallel (potential degree of parallelization).",
      "fieldConfig": {
        "defaults": {
          "color": {
            "mode": "palette-classic"
          },
          "custom": {
            "axisCenteredZero": false,
            "axisColorMode": "text",
            "axisLabel": "",
            "axisPlacement": "auto",
            "barAlignment": 0,
            "drawStyle": "line",
            "fillOpacity": 0,
            "gradientMode": "none",
            "hideFrom": {
              "legend": false,
              "tooltip": false,
              "viz": false
            },
            "lineInterpolation": "linear",
            "lineWidth": 2,
            "pointSize": 5,
            "scaleDistribution": {
              "type": "linear"
            },
            "showPoints": "never",
            "spanNulls": false,
            "stacking": {
              "group": "A",
              "mode": "none"
            },
            "thresholdsStyle": {
              "mode": "off"
            }
          },
          "decimals": 2,
          "links": [],
          "mappings": [],
          "min": 0,
          "thresholds": {
            "mode": "absolute",
            "steps": [
              {
                "color": "green",
                "value": null
              }
            ]
          },
          "unit": "short"
        },
        "overrides": []
      },
      "gridPos": {
        "h": 8,
        "w": 12,
        "x": 12,
        "y": 19
      },
      "id": 40,
      "links": [],
      "options": {
        "legend": {
          "calcs": [
            "mean",
            "max",
            "min"
          ],
          "displayMode": "table",
          "placement": "bottom",
          "showLegend": true
        },
        "tooltip": {
          "mode": "multi",
          "sort": "none"
        }
      },
      "pluginVersion": "9.2.5",
      "targets": [
        {
          "calculatedInterval": "2m",
          "datasource": "Metrics",
          "datasourceErrors": {},
          "errors": {},
          "expr": "avg by (service_name) (max_over_time(mysql_global_status_wsrep_apply_window{service_name=~\"$service_name\"}[$interval]) or\nmax_over_time(mysql_global_status_wsrep_apply_window{service_name=~\"$service_name\"}[5m]))",
          "format": "time_series",
          "interval": "$interval",
          "intervalFactor": 1,
          "legendFormat": "Apply Window",
          "metric": "",
          "refId": "A",
          "step": 300
        },
        {
          "calculatedInterval": "2m",
          "datasource": "Metrics",
          "datasourceErrors": {},
          "errors": {},
          "expr": "avg by (service_name) (max_over_time(mysql_global_status_wsrep_commit_window{service_name=~\"$service_name\"}[$interval]) or\nmax_over_time(mysql_global_status_wsrep_commit_window{service_name=~\"$service_name\"}[5m]))",
          "format": "time_series",
          "interval": "$interval",
          "intervalFactor": 1,
          "legendFormat": "Commit Window",
          "metric": "",
          "refId": "B",
          "step": 300,
          "target": ""
        },
        {
          "calculatedInterval": "2m",
          "datasource": "Metrics",
          "datasourceErrors": {},
          "errors": {},
          "expr": "avg by (service_name) (max_over_time(mysql_global_status_wsrep_cert_deps_distance{service_name=~\"$service_name\"}[$interval]) or\nmax_over_time(mysql_global_status_wsrep_cert_deps_distance{service_name=~\"$service_name\"}[5m]))",
          "format": "time_series",
          "interval": "$interval",
          "intervalFactor": 1,
          "legendFormat": "Cert Deps Distance",
          "metric": "",
          "refId": "C",
          "step": 300,
          "target": ""
        }
      ],
      "title": "Galera Parallelization Efficiency",
      "type": "timeseries"
    },
    {
      "datasource": "Metrics",
      "description": "Shows the number of local transactions being committed on this node that failed certification (some other node had a commit that conflicted with ours) – client received deadlock error on commit and also the number of local transactions in flight on this node that were aborted because they locked something an applier thread needed – deadlock error anywhere in an open transaction. Spikes in the graph may indicate writing to the same table potentially the same rows from 2 nodes.",
      "fieldConfig": {
        "defaults": {
          "color": {
            "mode": "palette-classic"
          },
          "custom": {
            "axisCenteredZero": false,
            "axisColorMode": "text",
            "axisLabel": "",
            "axisPlacement": "auto",
            "barAlignment": 0,
            "drawStyle": "line",
            "fillOpacity": 20,
            "gradientMode": "none",
            "hideFrom": {
              "legend": false,
              "tooltip": false,
              "viz": false
            },
            "lineInterpolation": "linear",
            "lineWidth": 2,
            "pointSize": 5,
            "scaleDistribution": {
              "type": "linear"
            },
            "showPoints": "never",
            "spanNulls": false,
            "stacking": {
              "group": "A",
              "mode": "none"
            },
            "thresholdsStyle": {
              "mode": "off"
            }
          },
          "decimals": 2,
          "links": [],
          "mappings": [],
          "min": 0,
          "thresholds": {
            "mode": "absolute",
            "steps": [
              {
                "color": "green",
                "value": null
              }
            ]
          },
          "unit": "ops"
        },
        "overrides": []
      },
      "gridPos": {
        "h": 8,
        "w": 12,
        "x": 0,
        "y": 27
      },
      "id": 41,
      "links": [],
      "options": {
        "legend": {
          "calcs": [
            "mean",
            "max",
            "min"
          ],
          "displayMode": "table",
          "placement": "bottom",
          "showLegend": true
        },
        "tooltip": {
          "mode": "multi",
          "sort": "none"
        }
      },
      "pluginVersion": "9.2.5",
      "targets": [
        {
          "calculatedInterval": "2m",
          "datasource": "Metrics",
          "datasourceErrors": {},
          "errors": {},
          "expr": "avg by (service_name) (rate(mysql_global_status_wsrep_local_cert_failures{service_name=~\"$service_name\"}[$interval]) or irate(mysql_global_status_wsrep_local_cert_failures{service_name=~\"$service_name\"}[5m]))",
          "interval": "$interval",
          "intervalFactor": 1,
          "legendFormat": "Local Cert Failures",
          "metric": "",
          "refId": "A",
          "step": 300
        },
        {
          "calculatedInterval": "2m",
          "datasource": "Metrics",
          "datasourceErrors": {},
          "errors": {},
          "expr": "avg by (service_name) (rate(mysql_global_status_wsrep_local_bf_aborts{service_name=~\"$service_name\"}[$interval]) or irate(mysql_global_status_wsrep_local_bf_aborts{service_name=~\"$service_name\"}[5m]))",
          "interval": "$interval",
          "intervalFactor": 1,
          "legendFormat": "Local Bf Aborts",
          "metric": "",
          "refId": "B",
          "step": 300,
          "target": ""
        }
      ],
      "title": "Galera Writing Conflicts",
      "type": "timeseries"
    },
    {
      "aliasColors": {},
      "bars": false,
      "dashLength": 10,
      "dashes": false,
      "datasource": "Metrics",
      "decimals": 2,
      "description": "Shows for how long the node can be taken out of the cluster before SST is required. SST is a full state transfer method.",
      "editable": true,
      "error": false,
      "fieldConfig": {
        "defaults": {
          "links": []
        },
        "overrides": []
      },
      "fill": 2,
      "fillGradient": 0,
      "grid": {},
      "gridPos": {
        "h": 8,
        "w": 12,
        "x": 12,
        "y": 27
      },
      "hiddenSeries": false,
      "id": 47,
      "legend": {
        "alignAsTable": true,
        "avg": true,
        "current": false,
        "max": true,
        "min": true,
        "show": true,
        "sort": "avg",
        "sortDesc": true,
        "total": false,
        "values": true
      },
      "lines": true,
      "linewidth": 2,
      "links": [],
      "nullPointMode": "null",
      "options": {
        "alertThreshold": true
      },
      "percentage": false,
      "pluginVersion": "9.2.5",
      "pointradius": 5,
      "points": false,
      "renderer": "flot",
      "seriesOverrides": [
        {
          "alias": "Time (Instant)",
          "color": "#447ebc",
          "lines": false,
          "pointradius": 1,
          "points": true
        }
      ],
      "spaceLength": 10,
      "stack": false,
      "steppedLine": false,
      "targets": [
        {
          "calculatedInterval": "2m",
          "datasource": "Metrics",
          "datasourceErrors": {},
          "errors": {},
          "expr": "avg by (service_name) (mysql_galera_gcache_size_bytes{service_name=~\"$service_name\"}) /\nignoring(job) (avg by (service_name) (rate(mysql_global_status_wsrep_replicated_bytes{service_name=~\"$service_name\"}[1h])+rate(mysql_global_status_wsrep_received_bytes{service_name=~\"$service_name\"}[1h])))",
          "format": "time_series",
          "interval": "1h",
          "intervalFactor": 1,
          "legendFormat": "Time (1h avg)",
          "metric": "",
          "refId": "A",
          "step": 300
        },
        {
          "datasource": "Metrics",
          "expr": "avg by (service_name) (mysql_galera_gcache_size_bytes{service_name=~\"$service_name\"}) /\nignoring(job) (avg by (service_name) ((rate(mysql_global_status_wsrep_replicated_bytes{service_name=~\"$service_name\"}[$interval]) or irate(mysql_global_status_wsrep_replicated_bytes{service_name=~\"$service_name\"}[5m])) + \n(rate(mysql_global_status_wsrep_received_bytes{service_name=~\"$service_name\"}[$interval]) or irate(mysql_global_status_wsrep_received_bytes{service_name=~\"$service_name\"}[5m]))))",
          "format": "time_series",
          "hide": false,
          "interval": "$interval",
          "intervalFactor": 1,
          "legendFormat": "Time (Instant)",
          "refId": "B"
        }
      ],
      "thresholds": [],
      "timeRegions": [],
      "title": "Available Downtime before SST Required",
      "tooltip": {
        "msResolution": false,
        "shared": true,
        "sort": 5,
        "value_type": "cumulative"
      },
      "type": "graph",
      "xaxis": {
        "mode": "time",
        "show": true,
        "values": []
      },
      "yaxes": [
        {
          "decimals": 2,
          "format": "s",
          "logBase": 1,
          "min": 0,
          "show": true
        },
        {
          "format": "short",
          "logBase": 1,
          "min": 0,
          "show": false
        }
      ],
      "yaxis": {
        "align": false
      }
    },
    {
      "aliasColors": {},
      "bars": false,
      "dashLength": 10,
      "dashes": false,
      "datasource": "Metrics",
      "decimals": 2,
      "description": "Shows the count of transactions received from the cluster (any other node) and replicated to the cluster (from this node).",
      "editable": true,
      "error": false,
      "fieldConfig": {
        "defaults": {
          "links": []
        },
        "overrides": []
      },
      "fill": 2,
      "fillGradient": 0,
      "grid": {},
      "gridPos": {
        "h": 8,
        "w": 12,
        "x": 0,
        "y": 35
      },
      "hiddenSeries": false,
      "id": 2,
      "legend": {
        "alignAsTable": true,
        "avg": true,
        "current": false,
        "max": true,
        "min": true,
        "show": true,
        "sort": "avg",
        "sortDesc": true,
        "total": false,
        "values": true
      },
      "lines": true,
      "linewidth": 2,
      "links": [],
      "nullPointMode": "null",
      "options": {
        "alertThreshold": true
      },
      "percentage": false,
      "pluginVersion": "9.2.5",
      "pointradius": 5,
      "points": false,
      "renderer": "flot",
      "seriesOverrides": [],
      "spaceLength": 10,
      "stack": false,
      "steppedLine": false,
      "targets": [
        {
          "calculatedInterval": "2m",
          "datasource": "Metrics",
          "datasourceErrors": {},
          "errors": {},
          "expr": "avg by (service_name) (rate(mysql_global_status_wsrep_received{service_name=~\"$service_name\"}[$interval]) or irate(mysql_global_status_wsrep_received{service_name=~\"$service_name\"}[5m]))",
          "interval": "$interval",
          "intervalFactor": 1,
          "legendFormat": "Transactions Received",
          "metric": "",
          "refId": "A",
          "step": 300
        },
        {
          "calculatedInterval": "2m",
          "datasource": "Metrics",
          "datasourceErrors": {},
          "errors": {},
          "expr": "avg by (service_name) (rate(mysql_global_status_wsrep_replicated{service_name=~\"$service_name\"}[$interval]) or irate(mysql_global_status_wsrep_replicated{service_name=~\"$service_name\"}[5m]))",
          "interval": "$interval",
          "intervalFactor": 1,
          "legendFormat": "Transactions Replicated",
          "metric": "",
          "refId": "B",
          "step": 300,
          "target": ""
        }
      ],
      "thresholds": [],
      "timeRegions": [],
      "title": "Galera Writeset Count",
      "tooltip": {
        "msResolution": false,
        "shared": true,
        "sort": 5,
        "value_type": "cumulative"
      },
      "type": "graph",
      "xaxis": {
        "mode": "time",
        "show": true,
        "values": []
      },
      "yaxes": [
        {
          "decimals": 2,
          "format": "short",
          "logBase": 1,
          "min": 0,
          "show": true
        },
        {
          "format": "short",
          "logBase": 1,
          "min": 0,
          "show": false
        }
      ],
      "yaxis": {
        "align": false
      }
    },
    {
      "datasource": "Metrics",
      "description": "Shows the average transaction size received/replicated.",
      "fieldConfig": {
        "defaults": {
          "color": {
            "mode": "palette-classic"
          },
          "custom": {
            "axisCenteredZero": false,
            "axisColorMode": "text",
            "axisLabel": "",
            "axisPlacement": "auto",
            "barAlignment": 0,
            "drawStyle": "line",
            "fillOpacity": 20,
            "gradientMode": "none",
            "hideFrom": {
              "legend": false,
              "tooltip": false,
              "viz": false
            },
            "lineInterpolation": "linear",
            "lineWidth": 2,
            "pointSize": 5,
            "scaleDistribution": {
              "type": "linear"
            },
            "showPoints": "never",
            "spanNulls": false,
            "stacking": {
              "group": "A",
              "mode": "none"
            },
            "thresholdsStyle": {
              "mode": "off"
            }
          },
          "decimals": 2,
          "links": [],
          "mappings": [],
          "min": 0,
          "thresholds": {
            "mode": "absolute",
            "steps": [
              {
                "color": "green",
                "value": null
              }
            ]
          },
          "unit": "bytes"
        },
        "overrides": []
      },
      "gridPos": {
        "h": 8,
        "w": 12,
        "x": 12,
        "y": 35
      },
      "id": 11,
      "links": [],
      "options": {
        "legend": {
          "calcs": [
            "mean",
            "max",
            "min"
          ],
          "displayMode": "table",
          "placement": "bottom",
          "showLegend": true
        },
        "tooltip": {
          "mode": "multi",
          "sort": "none"
        }
      },
      "pluginVersion": "9.2.5",
      "targets": [
        {
          "calculatedInterval": "2m",
          "datasource": "Metrics",
          "datasourceErrors": {},
          "errors": {},
          "expr": "avg by (service_name) (rate(mysql_global_status_wsrep_received_bytes{service_name=~\"$service_name\"}[$interval]) / rate(mysql_global_status_wsrep_received{service_name=~\"$service_name\"}[$interval]) or irate(mysql_global_status_wsrep_received_bytes{service_name=~\"$service_name\"}[5m]) / irate(mysql_global_status_wsrep_received{service_name=~\"$service_name\"}[5m]))",
          "interval": "$interval",
          "intervalFactor": 1,
          "legendFormat": "Incoming Transaction Size",
          "metric": "",
          "refId": "C",
          "step": 300
        },
        {
          "calculatedInterval": "2m",
          "datasource": "Metrics",
          "datasourceErrors": {},
          "errors": {},
          "expr": "avg by (service_name) (rate(mysql_global_status_wsrep_replicated_bytes{service_name=~\"$service_name\"}[$interval]) / rate(mysql_global_status_wsrep_replicated{service_name=~\"$service_name\"}[$interval]) or irate(mysql_global_status_wsrep_replicated_bytes{service_name=~\"$service_name\"}[5m]) / irate(mysql_global_status_wsrep_replicated{service_name=~\"$service_name\"}[5m]))",
          "interval": "$interval",
          "intervalFactor": 1,
          "legendFormat": "Replicating Transaction Size",
          "metric": "",
          "refId": "A",
          "step": 300
        }
      ],
      "title": "Galera Writeset Size",
      "type": "timeseries"
    },
    {
      "datasource": "Metrics",
      "description": "Shows the bytes of data received from the cluster (any other node) and replicated to the cluster (from this node).",
      "fieldConfig": {
        "defaults": {
          "color": {
            "mode": "palette-classic"
          },
          "custom": {
            "axisCenteredZero": false,
            "axisColorMode": "text",
            "axisLabel": "",
            "axisPlacement": "auto",
            "barAlignment": 0,
            "drawStyle": "line",
            "fillOpacity": 60,
            "gradientMode": "none",
            "hideFrom": {
              "legend": false,
              "tooltip": false,
              "viz": false
            },
            "lineInterpolation": "linear",
            "lineWidth": 2,
            "pointSize": 5,
            "scaleDistribution": {
              "type": "linear"
            },
            "showPoints": "never",
            "spanNulls": false,
            "stacking": {
              "group": "A",
              "mode": "normal"
            },
            "thresholdsStyle": {
              "mode": "off"
            }
          },
          "decimals": 2,
          "links": [],
          "mappings": [],
          "min": 0,
          "thresholds": {
            "mode": "absolute",
            "steps": [
              {
                "color": "green",
                "value": null
              }
            ]
          },
          "unit": "bytes"
        },
        "overrides": []
      },
      "gridPos": {
        "h": 8,
        "w": 12,
        "x": 0,
        "y": 43
      },
      "id": 9,
      "links": [],
      "options": {
        "legend": {
          "calcs": [
            "mean",
            "max",
            "min"
          ],
          "displayMode": "table",
          "placement": "bottom",
          "showLegend": true
        },
        "tooltip": {
          "mode": "multi",
          "sort": "none"
        }
      },
      "pluginVersion": "9.2.5",
      "targets": [
        {
          "calculatedInterval": "2m",
          "datasource": "Metrics",
          "datasourceErrors": {},
          "errors": {},
          "expr": "avg by (service_name) (rate(mysql_global_status_wsrep_received_bytes{service_name=~\"$service_name\"}[$interval]) or irate(mysql_global_status_wsrep_received_bytes{service_name=~\"$service_name\"}[5m]))",
          "format": "time_series",
          "interval": "$interval",
          "intervalFactor": 1,
          "legendFormat": "Inbound",
          "metric": "",
          "refId": "A",
          "step": 300
        },
        {
          "calculatedInterval": "2m",
          "datasource": "Metrics",
          "datasourceErrors": {},
          "errors": {},
          "expr": "avg by (service_name) (rate(mysql_global_status_wsrep_replicated_bytes{service_name=~\"$service_name\"}[$interval]) or irate(mysql_global_status_wsrep_replicated_bytes{service_name=~\"$service_name\"}[5m]))",
          "format": "time_series",
          "interval": "$interval",
          "intervalFactor": 1,
          "legendFormat": "Outbound",
          "metric": "",
          "refId": "B",
          "step": 300
        }
      ],
      "title": "Galera Writeset Traffic",
      "type": "timeseries"
    },
    {
      "datasource": "Metrics",
      "description": "Shows the bytes of data received from the cluster (any other node) and replicated to the cluster (from this node).",
      "fieldConfig": {
        "defaults": {
          "color": {
            "mode": "palette-classic"
          },
          "custom": {
            "axisCenteredZero": false,
            "axisColorMode": "text",
            "axisLabel": "",
            "axisPlacement": "auto",
            "barAlignment": 0,
            "drawStyle": "bars",
            "fillOpacity": 100,
            "gradientMode": "none",
            "hideFrom": {
              "legend": false,
              "tooltip": false,
              "viz": false
            },
            "lineInterpolation": "linear",
            "lineWidth": 2,
            "pointSize": 5,
            "scaleDistribution": {
              "type": "linear"
            },
            "showPoints": "never",
            "spanNulls": false,
            "stacking": {
              "group": "A",
              "mode": "normal"
            },
            "thresholdsStyle": {
              "mode": "off"
            }
          },
          "decimals": 2,
          "links": [],
          "mappings": [],
          "min": 0,
          "thresholds": {
            "mode": "absolute",
            "steps": [
              {
                "color": "green",
                "value": null
              }
            ]
          },
          "unit": "bytes"
        },
        "overrides": []
      },
      "gridPos": {
        "h": 8,
        "w": 12,
        "x": 12,
        "y": 43
      },
      "id": 38,
      "links": [],
      "options": {
        "legend": {
          "calcs": [
            "mean",
            "max",
            "min"
          ],
          "displayMode": "table",
          "placement": "bottom",
          "showLegend": true
        },
        "tooltip": {
          "mode": "multi",
          "sort": "none"
        }
      },
      "pluginVersion": "9.2.5",
      "targets": [
        {
          "calculatedInterval": "2m",
          "datasource": "Metrics",
          "datasourceErrors": {},
          "errors": {},
          "expr": "avg by (service_name) (increase(mysql_global_status_wsrep_received_bytes{service_name=~\"$service_name\"}[1h]))",
          "interval": "1h",
          "intervalFactor": 1,
          "legendFormat": "Received",
          "metric": "",
          "refId": "A",
          "step": 3600
        },
        {
          "calculatedInterval": "2m",
          "datasource": "Metrics",
          "datasourceErrors": {},
          "errors": {},
          "expr": "avg by (service_name) (increase(mysql_global_status_wsrep_replicated_bytes{service_name=~\"$service_name\"}[1h]))",
          "interval": "1h",
          "intervalFactor": 1,
          "legendFormat": "Replicated",
          "metric": "",
          "refId": "B",
          "step": 3600
        }
      ],
      "timeFrom": "24h",
      "title": "Galera Network Usage Hourly",
      "type": "timeseries"
    }
  ],
  "refresh": "1m",
  "schemaVersion": 37,
  "style": "dark",
  "tags": [
    "Percona",
    "MySQL_HA",
    "PXC"
  ],
  "templating": {
    "list": [
      {
        "allFormat": "glob",
        "auto": true,
        "auto_count": 200,
        "auto_min": "1s",
        "current": {
          "selected": false,
          "text": "auto",
          "value": "$__auto_interval_interval"
        },
        "datasource": "Metrics",
        "hide": 0,
        "includeAll": false,
        "label": "Interval",
        "multi": false,
        "multiFormat": "glob",
        "name": "interval",
        "options": [
          {
            "selected": true,
            "text": "auto",
            "value": "$__auto_interval_interval"
          },
          {
            "selected": false,
            "text": "1s",
            "value": "1s"
          },
          {
            "selected": false,
            "text": "5s",
            "value": "5s"
          },
          {
            "selected": false,
            "text": "1m",
            "value": "1m"
          },
          {
            "selected": false,
            "text": "5m",
            "value": "5m"
          },
          {
            "selected": false,
            "text": "1h",
            "value": "1h"
          },
          {
            "selected": false,
            "text": "6h",
            "value": "6h"
          },
          {
            "selected": false,
            "text": "1d",
            "value": "1d"
          }
        ],
        "query": "1s,5s,1m,5m,1h,6h,1d",
        "refresh": 2,
        "skipUrlSync": false,
        "type": "interval"
      },
      {
        "current": {
          "selected": false,
          "text": "All",
          "value": "$__all"
        },
        "datasource": "Metrics",
        "definition": "label_values(mysql_global_status_wsrep_local_state, node_name)",
        "hide": 2,
        "includeAll": true,
        "label": "Node",
        "multi": true,
        "name": "node_name",
        "options": [],
        "query": {
          "query": "label_values(mysql_global_status_wsrep_local_state, node_name)",
          "refId": "Metrics-node_name-Variable-Query"
        },
        "refresh": 2,
        "regex": "",
        "skipUrlSync": false,
        "sort": 5,
        "tagValuesQuery": "",
        "tagsQuery": "",
        "type": "query",
        "useTags": false
      },
      {
        "allFormat": "glob",
        "allValue": ".*",
        "current": {
          "selected": false,
          "text": "All",
          "value": "$__all"
        },
        "datasource": "Metrics",
        "definition": "label_values(mysql_galera_variables_info, wsrep_cluster_name)",
        "hide": 0,
        "includeAll": true,
        "label": "Cluster",
        "multi": true,
        "multiFormat": "regex values",
        "name": "cluster",
        "options": [],
        "query": {
          "query": "label_values(mysql_galera_variables_info, wsrep_cluster_name)",
          "refId": "Metrics-cluster-Variable-Query"
        },
        "refresh": 2,
        "refresh_on_load": false,
        "regex": "",
        "skipUrlSync": false,
        "sort": 5,
        "type": "query",
        "useTags": false
      },
      {
        "allFormat": "glob",
        "current": {
          "selected": false,
          "text": "pxc_node__1_5263",
          "value": "pxc_node__1_5263"
        },
        "datasource": "Metrics",
        "definition": "query_result(mysql_galera_variables_info{wsrep_cluster_name=~\"$cluster\"} * on(service_name) mysql_global_variables_wsrep_auto_increment_control)",
        "hide": 0,
        "includeAll": false,
        "label": "Service Name",
        "multi": false,
        "multiFormat": "regex values",
        "name": "service_name",
        "options": [],
        "query": {
          "query": "query_result(mysql_galera_variables_info{wsrep_cluster_name=~\"$cluster\"} * on(service_name) mysql_global_variables_wsrep_auto_increment_control)",
          "refId": "Metrics-service_name-Variable-Query"
        },
        "refresh": 2,
        "refresh_on_load": false,
        "regex": "/\"([^\"]+)\"/",
        "skipUrlSync": false,
        "sort": 5,
        "type": "query",
        "useTags": false
      },
      {
        "allValue": ".*",
        "current": {
          "selected": false,
          "text": "All",
          "value": "$__all"
        },
        "datasource": "Metrics",
        "definition": "label_values({__name__=~\"pg_up|mysql_up|mongodb_up|proxysql_mysql_status_active_transactions\"}, environment)",
        "hide": 2,
        "includeAll": true,
        "label": "Environment",
        "multi": true,
        "name": "environment",
        "options": [],
        "query": {
          "query": "label_values({__name__=~\"pg_up|mysql_up|mongodb_up|proxysql_mysql_status_active_transactions\"}, environment)",
          "refId": "Metrics-environment-Variable-Query"
        },
        "refresh": 2,
        "regex": "",
        "skipUrlSync": false,
        "sort": 5,
        "tagValuesQuery": "",
        "tagsQuery": "",
        "type": "query",
        "useTags": false
      },
      {
        "current": {
          "selected": false,
          "text": "All",
          "value": "$__all"
        },
        "datasource": "Metrics",
        "definition": "label_values({__name__=~\"pg_up|mysql_up|mongodb_up|proxysql_mysql_status_active_transactions\"}, replication_set)",
        "hide": 2,
        "includeAll": true,
        "label": "Replication Set",
        "multi": true,
        "name": "replication_set",
        "options": [],
        "query": {
          "query": "label_values({__name__=~\"pg_up|mysql_up|mongodb_up|proxysql_mysql_status_active_transactions\"}, replication_set)",
          "refId": "Metrics-replication_set-Variable-Query"
        },
        "refresh": 2,
        "regex": "",
        "skipUrlSync": false,
        "sort": 5,
        "tagValuesQuery": "",
        "tagsQuery": "",
        "type": "query",
        "useTags": false
      },
      {
        "current": {
          "selected": false,
          "text": "All",
          "value": "$__all"
        },
        "datasource": "Metrics",
        "definition": "label_values(pg_stat_database_tup_fetched{service_name=~\"$service_name\",datname!~\"template.*|postgres\"},datname)",
        "hide": 2,
        "includeAll": true,
        "label": "Database",
        "multi": true,
        "name": "database",
        "options": [],
        "query": {
          "query": "label_values(pg_stat_database_tup_fetched{service_name=~\"$service_name\",datname!~\"template.*|postgres\"},datname)",
          "refId": "Metrics-database-Variable-Query"
        },
        "refresh": 1,
        "regex": "",
        "skipUrlSync": false,
        "sort": 5,
        "tagValuesQuery": "",
        "tagsQuery": "",
        "type": "query",
        "useTags": false
      },
      {
        "current": {
          "selected": false,
          "text": "All",
          "value": "$__all"
        },
        "datasource": "Metrics",
        "definition": "label_values({__name__=~\"pg_up|mysql_up|mongodb_up|proxysql_mysql_status_active_transactions\"}, node_type)",
        "hide": 2,
        "includeAll": true,
        "label": "Type",
        "multi": true,
        "name": "node_type",
        "options": [],
        "query": {
          "query": "label_values({__name__=~\"pg_up|mysql_up|mongodb_up|proxysql_mysql_status_active_transactions\"}, node_type)",
          "refId": "Metrics-node_type-Variable-Query"
        },
        "refresh": 1,
        "regex": "",
        "skipUrlSync": false,
        "sort": 5,
        "tagValuesQuery": "",
        "tagsQuery": "",
        "type": "query",
        "useTags": false
      },
      {
        "current": {
          "selected": false,
          "text": "All",
          "value": "$__all"
        },
        "datasource": "Metrics",
        "definition": "label_values({__name__=~\"pg_up|mysql_up|mongodb_up|proxysql_mysql_status_active_transactions\"}, service_type)",
        "hide": 2,
        "includeAll": true,
        "label": "Type",
        "multi": true,
        "name": "service_type",
        "options": [],
        "query": {
          "query": "label_values({__name__=~\"pg_up|mysql_up|mongodb_up|proxysql_mysql_status_active_transactions\"}, service_type)",
          "refId": "Metrics-service_type-Variable-Query"
        },
        "refresh": 1,
        "regex": "",
        "skipUrlSync": false,
        "sort": 5,
        "tagValuesQuery": "",
        "tagsQuery": "",
        "type": "query",
        "useTags": false
      },
      {
        "current": {
          "selected": false,
          "text": "All",
          "value": "$__all"
        },
        "datasource": "Metrics",
        "definition": "label_values(mysql_info_schema_user_statistics_connected_time_seconds_total{service_name=\"$service_name\"},user)",
        "hide": 2,
        "includeAll": true,
        "label": "Username",
        "multi": true,
        "name": "username",
        "options": [],
        "query": {
          "query": "label_values(mysql_info_schema_user_statistics_connected_time_seconds_total{service_name=\"$service_name\"},user)",
          "refId": "Metrics-username-Variable-Query"
        },
        "refresh": 1,
        "regex": "",
        "skipUrlSync": false,
        "sort": 5,
        "tagValuesQuery": "",
        "tagsQuery": "",
        "type": "query",
        "useTags": false
      },
      {
        "current": {
          "selected": false,
          "text": "All",
          "value": "$__all"
        },
        "datasource": "Metrics",
        "definition": "label_values({__name__=~\"pg_up|mysql_up|mongodb_up|proxysql_mysql_status_active_transactions\"}, schema)",
        "hide": 2,
        "includeAll": true,
        "label": "Schema",
        "multi": true,
        "name": "schema",
        "options": [],
        "query": {
          "query": "label_values({__name__=~\"pg_up|mysql_up|mongodb_up|proxysql_mysql_status_active_transactions\"}, schema)",
          "refId": "Metrics-schema-Variable-Query"
        },
        "refresh": 1,
        "regex": "",
        "skipUrlSync": false,
        "sort": 5,
        "tagValuesQuery": "",
        "tagsQuery": "",
        "type": "query",
        "useTags": false
      }
    ]
  },
  "time": {
    "from": "now-12h",
    "to": "now"
  },
  "timepicker": {
    "collapse": false,
    "enable": true,
    "hidden": false,
    "notice": false,
    "now": true,
    "refresh_intervals": [
      "5s",
      "10s",
      "30s",
      "1m",
      "5m",
      "15m",
      "30m",
      "1h",
      "2h",
      "1d"
    ],
    "status": "Stable",
    "time_options": [
      "5m",
      "15m",
      "1h",
      "6h",
      "12h",
      "24h",
      "2d",
      "7d",
      "30d"
    ],
    "type": "timepicker"
  },
  "timezone": "",
  "title": "PXC/Galera Node Summary",
  "uid": "pxc-node-summary",
  "version": 1,
  "weekStart": ""
}
