{
  "type": "app",
  "name": "PMM",
  "id": "pmm-app",

  "info": {
    "description": "Percona Management and Monitoring dashboards",
    "author": {
      "name": "Percona"
    },
    "keywords": ["percona", "query analytics", "pmm", "qan"],
    "links": [
      { "name": "Project site", "url": "https://github.com/percona/pmm" },
      { "name": "AGPL-3 License", "url": "https://github.com/percona/pmm/blob/main/LICENSE" }
    ],
    "logos": {
      "small": "img/pmm-logo.svg",
      "large": "img/pmm-logo.svg"
    },
    "version": "2.32.0",
    "updated": "2022-11-07"
  },
  "includes": [
    {
      "type": "dashboard",
      "name": "pmm-qan",
      "path": "dashboards/Query Analytics/pmm-qan.json"
    },
    {
      "type": "panel",
      "name": "pmm-qan-app-panel"
    },
    {
      "type": "dashboard",
      "name": "Home Dashboard",
      "path": "dashboards/Insight/Home_Dashboard.json",
      "addToNav": false,
      "defaultNav": true
    },
    {
      "type": "dashboard",
      "name": "MySQL InnoDB Compression Details",
      "path": "dashboards/MySQL/MySQL_InnoDB_Compression_Details.json"
    },
    {
      "type": "dashboard",
      "name": "MySQL Command Handler Counters Compare",
      "path": "dashboards/MySQL/MySQL_Command_Handler_Counters_Compare.json"
    },
    {
      "type": "dashboard",
      "name": "Prometheus_Exporter_Status",
      "path": "dashboards/Insight/Prometheus_Exporter_Status.json"
    },
    {
      "type": "dashboard",
      "name": "MySQL Amazon Aurora Details",
      "path": "dashboards/MySQL/MySQL_Amazon_Aurora_Details.json"
    },
    {
      "type": "dashboard",
      "name": "Advanced_Data_Exploration",
      "path": "dashboards/Insight/Advanced_Data_Exploration.json"
    },
    {
      "type": "dashboard",
      "name": "MongoDB MMAPv1 Details",
      "path": "dashboards/MongoDB/MongoDB_MMAPv1_Details.json"
    },
    {
      "type": "dashboard",
      "name": "PXC Galera Node Summary",
      "path": "dashboards/MySQL/PXC_Galera_Node_Summary.json"
    },
    {
      "type": "dashboard",
      "name": "PXC Galera Nodes Compare",
      "path": "dashboards/MySQL/PXC_Galera_Nodes_Compare.json"
    },
    {
      "type": "dashboard",
      "name": "MySQL MyRocks Details",
      "path": "dashboards/MySQL/MySQL_MyRocks_Details.json"
    },
    {
      "type": "dashboard",
      "name": "MySQ Query Response Time Details",
      "path": "dashboards/MySQL/MySQL_Query_Response_Time_Details.json"
    },
    {
      "type": "dashboard",
      "name": "MySQL Instance Summary",
      "path": "dashboards/MySQL/MySQL_Instance_Summary.json"
    },
    {
      "type": "dashboard",
      "name": "ProxySQL Instance Summary",
      "path": "dashboards/MySQL/ProxySQL_Instance_Summary.json"
    },
    {
      "type": "dashboard",
      "name": "Prometheus_Exporters_Overview",
      "path": "dashboards/Insight/Prometheus_Exporters_Overview.json"
    },
    {
      "type": "dashboard",
      "name": "MongoDB WiredTiger Details",
      "path": "dashboards/MongoDB/MongoDB_WiredTiger_Details.json"
    },
    {
      "type": "dashboard",
      "name": "MySQL Performance Schema Details",
      "path": "dashboards/MySQL/MySQL_Performance_Schema_Details.json"
    },
    {
      "type": "dashboard",
      "name": "MySQ Wait Event Analyses Details",
      "path": "dashboards/MySQL/MySQL_Wait_Event_Analyses_Details.json"
    },
    {
      "type": "dashboard",
      "name": "MongoDB Instance Summary",
      "path": "dashboards/MongoDB/MongoDB_Instance_Summary.json"
    },
    {
      "type": "dashboard",
      "name": "MongoDB InMemory Details",
      "path": "dashboards/MongoDB/MongoDB_InMemory_Details.json"
    },
    {
      "type": "dashboard",
      "name": "MySQL User Details",
      "path": "dashboards/MySQL/MySQL_User_Details.json"
    },
    {
      "type": "dashboard",
      "name": "CPU Utilization Details",
      "path": "dashboards/OS/CPU_Utilization_Details.json"
    },
    {
      "type": "dashboard",
      "name": "Node Summary",
      "path": "dashboards/OS/Node_Summary.json"
    },
    {
      "type": "dashboard",
      "name": "MySQL MyISAM Aria Details",
      "path": "dashboards/MySQL/MySQL_MyISAM_Aria_Details.json"
    },
    {
      "type": "dashboard",
      "name": "MongoDB ReplSet Summary",
      "path": "dashboards/MongoDB/MongoDB_ReplSet_Summary.json"
    },
    {
      "type": "dashboard",
      "name": "PXC Galera Cluster Summary",
      "path": "dashboards/MySQL/PXC_Galera_Cluster_Summary.json"
    },
    {
      "type": "dashboard",
      "name": "MySQL TokuDB Details",
      "path": "dashboards/MySQL/MySQL_TokuDB_Details.json"
    },
    {
      "type": "dashboard",
      "name": "MySQL InnoDB Details",
      "path": "dashboards/MySQL/MySQL_InnoDB_Details.json"
    },
    {
      "type": "dashboard",
      "name": "MongoDB Cluster Summary",
      "path": "dashboards/MongoDB/MongoDB_Cluster_Summary.json"
    },
    {
      "type": "dashboard",
      "name": "MySQL Table Details",
      "path": "dashboards/MySQL/MySQL_Table_Details.json"
    },
    {
      "type": "dashboard",
      "name": "NUMA Details",
      "path":"dashboards/OS/NUMA_Details.json"
    },
    {
      "type": "dashboard",
      "name": "MySQL Replication Summary",
      "path": "dashboards/MySQL/MySQL_Replication_Summary.json"
    },
    {
      "type": "dashboard",
      "name": "MySQL Group Replication Summary",
      "path": "dashboards/MySQL/MySQL_Group_Replication_Summary.json"
    },
    { "type": "dashboard",
      "name": "Network Details",
      "path": "dashboards/OS/Network_Details.json"
    },
    {
      "type": "dashboard",
      "name": "Nodes Compare",
      "path": "dashboards/OS/Nodes_Compare.json"
    },
    {
      "type": "dashboard",
      "name": "PostgreSQL Instance Summary",
      "path": "dashboards/PostgreSQL/PostgreSQL_Instance_Summary.json"
    },
    {
      "type": "dashboard",
      "name": "Nodes Overview",
      "path": "dashboards/OS/Nodes_Overview.json"
    },
    {
      "type": "dashboard",
      "name": "Memory Details",
      "path": "dashboards/OS/Memory_Details.json"
    },
    {
      "type": "dashboard",
      "name": "Processes Details",
      "path": "dashboards/OS/Processes_Details.json"
    },
    {
      "type": "dashboard",
      "name": "MySQL Instances Overview",
      "path": "dashboards/MySQL/MySQL_Instances_Overview.json"
    },
    {
      "type": "dashboard",
      "name": "MongoDB Instances Overview",
      "path": "dashboards/MongoDB/MongoDB_Instances_Overview.json"
    },
    {
      "type": "dashboard",
      "name": "PostgreSQL Instances Overview",
      "path": "dashboards/PostgreSQL/PostgreSQL_Instances_Overview.json"
    },
    {
      "type": "dashboard",
      "name": "MySQL Instances Compare",
      "path": "dashboards/MySQL/MySQL_Instances_Compare.json"
    },
    {
      "type": "dashboard",
      "name": "MongoDB Instances Compare",
      "path": "dashboards/MongoDB/MongoDB_Instances_Compare.json"
    },
    {
      "type": "dashboard",
      "name": "PostgreSQL Instances Compare",
      "path": "dashboards/PostgreSQL/PostgreSQL_Instances_Compare.json"
    },
    {
      "type": "dashboard",
      "name": "Disk Details",
      "path": "dashboards/OS/Disk_Details.json"
    },
    {
      "type": "dashboard",
      "name": "Node Temperature Details",
      "path": "dashboards/OS/Node_Temperature_Details.json"
    },
    {
      "type": "dashboard",
      "name": "VictoriaMetrics",
      "path": "dashboards/Insight/VictoriaMetrics.json"
    },
    {
      "type": "dashboard",
      "name": "VictoriaMetrics Agents Overview",
      "path": "dashboards/Insight/VictoriaMetrics_Agents_Overview.json"
    },
    {
      "type": "dashboard",
      "name": "HAProxy Instance Summary",
      "path": "dashboards/MySQL/HAProxy_Instance_Summary.json"
    },
    {
      "type": "dashboard",
      "name": "DB Cluster/Pods Summary",
      "path": "dashboards/Experimental/DB_Cluster_Summary.json"
    },
    {
      "type": "dashboard",
      "name": "Environment Summary",
      "path": "dashboards/Experimental/Environment_Summary.json"
    },
    {
      "type": "dashboard",
      "name": "Environment Overview",
      "path": "dashboards/Experimental/Environments_Overview.json"
    }
  ],

  "dependencies": {
    "grafanaDependency": ">=7.x.x",
    "plugins": []
  }
}
