{
  "annotations": {
    "list": [
      {
        "builtIn": 1,
        "datasource": "-- Grafana --",
        "enable": true,
        "hide": false,
        "iconColor": "#e0752d",
        "limit": 100,
        "matchAny": true,
        "name": "PMM Annotations",
        "showIn": 0,
        "tags": [
          "pmm_annotation",
          "$node_name"
        ],
        "target": {
          "limit": 100,
          "matchAny": true,
          "tags": [
            "pmm_annotation",
            "$node_name"
          ],
          "type": "tags"
        },
        "type": "tags"
      },
      {
        "builtIn": 1,
        "datasource": "-- Grafana --",
        "enable": true,
        "hide": true,
        "iconColor": "#6ed0e0",
        "limit": 100,
        "name": "Annotations & Alerts",
        "showIn": 0,
        "tags": [],
        "target": {
          "limit": 100,
          "matchAny": false,
          "tags": [],
          "type": "dashboard"
        },
        "type": "dashboard"
      }
    ]
  },
  "editable": false,
  "fiscalYearStartMonth": 0,
  "graphTooltip": 1,
  "id": null,
  "iteration": 1656509259441,
  "links": [
    {
      "icon": "doc",
      "includeVars": true,
      "keepTime": true,
      "tags": [
        "Home"
      ],
      "targetBlank": false,
      "title": "Home",
      "type": "link",
      "url": "/graph/d/pmm-home/home-dashboard"
    },
    {
      "icon": "dashboard",
      "includeVars": true,
      "keepTime": true,
      "tags": [
        "Query Analytics"
      ],
      "targetBlank": false,
      "title": "Query Analytics",
      "type": "link",
      "url": "/graph/d/pmm-qan/pmm-query-analytics"
    },
    {
      "icon": "bolt",
      "includeVars": true,
      "keepTime": true,
      "tags": [
        "Compare"
      ],
      "targetBlank": false,
      "title": "Compare",
      "type": "link",
      "url": "/graph/d/node-instance-compare/nodes-compare"
    },
    {
      "asDropdown": true,
      "includeVars": true,
      "keepTime": true,
      "tags": [
        "OS"
      ],
      "targetBlank": false,
      "title": "OS",
      "type": "dashboards"
    },
    {
      "asDropdown": true,
      "includeVars": false,
      "keepTime": true,
      "tags": [
        "Services"
      ],
      "targetBlank": false,
      "title": "Services",
      "type": "dashboards"
    },
    {
      "asDropdown": true,
      "includeVars": false,
      "keepTime": true,
      "tags": [
        "PMM"
      ],
      "targetBlank": false,
      "title": "PMM",
      "type": "dashboards"
    }
  ],
  "liveNow": false,
  "panels": [
    {
      "aliasColors": {
        "Max Core Utilization": "#bf1b00",
        "idle": "#806EB7",
        "iowait": "#e0752d",
        "nice": "#1F78C1",
        "softirq": "#FFF899",
        "steal": "#8F3BB8",
        "system": "#EAB839",
        "user": "#508642"
      },
      "bars": false,
      "dashLength": 10,
      "dashes": false,
      "editable": true,
      "error": false,
      "fieldConfig": {
        "defaults": {
          "links": []
        },
        "overrides": []
      },
      "fill": 5,
      "fillGradient": 0,
      "grid": {},
      "gridPos": {
        "h": 8,
        "w": 24,
        "x": 0,
        "y": 0
      },
      "height": "",
      "hiddenSeries": false,
      "id": 22,
      "legend": {
        "alignAsTable": true,
        "avg": true,
        "current": false,
        "hideEmpty": true,
        "hideZero": true,
        "max": true,
        "min": true,
        "rightSide": false,
        "show": true,
        "sort": "avg",
        "sortDesc": true,
        "total": false,
        "values": true
      },
      "lines": true,
      "linewidth": 1,
      "links": [],
      "nullPointMode": "null",
      "options": {
        "alertThreshold": true
      },
      "percentage": false,
      "pluginVersion": "8.3.5",
      "pointradius": 5,
      "points": false,
      "renderer": "flot",
      "seriesOverrides": [
        {
          "alias": "Max Core Utilization",
          "lines": false,
          "pointradius": 1,
          "points": true,
          "stack": false
        }
      ],
      "spaceLength": 10,
      "stack": true,
      "steppedLine": false,
      "targets": [
        {
          "calculatedInterval": "2s",
          "datasourceErrors": {},
          "errors": {},
          "expr": "clamp_max(avg by (node_name,mode) ((avg by (mode) ( (clamp_max(rate(node_cpu_seconds_total{node_name=~\"$node_name\",mode!=\"idle\"}[$interval]),1)) or (clamp_max(irate(node_cpu_seconds_total{node_name=~\"$node_name\",mode!=\"idle\"}[5m]),1)) ))*100 or (max_over_time(node_cpu_average{node_name=~\"$node_name\",mode=~\"user|system|wait|steal|irq|nice\"}[$interval]) or max_over_time(node_cpu_average{node_name=~\"$node_name\", mode=~\"user|system|wait|steal|irq|nice\"}[5m]))),100)",
          "format": "time_series",
          "hide": false,
          "interval": "$interval",
          "intervalFactor": 1,
          "legendFormat": "{{mode}}",
          "metric": "",
          "refId": "A",
          "step": 300
        },
        {
          "expr": "clamp_max(max by () ((sum  by (cpu) ( (clamp_max(rate(node_cpu_seconds_total{node_name=~\"$node_name\",mode!=\"idle\",mode!=\"iowait\"}[$interval]),1)) or (clamp_max(irate(node_cpu_seconds_total{node_name=~\"$node_name\",mode!=\"idle\",mode!=\"iowait\"}[5m]),1)) )*100) or (max_over_time(node_cpu_average{node_name=~\"$node_name\", mode=~\"user|system|wait|steal|irq|nice\"}[$interval]) or max_over_time(node_cpu_average{node_name=~\"$node_name\", mode=~\"user|system|wait|steal|irq|nice\"}[5m]))),100)",
          "format": "time_series",
          "hide": false,
          "interval": "$interval",
          "intervalFactor": 1,
          "legendFormat": "Max Core Utilization",
          "refId": "B"
        }
      ],
      "thresholds": [],
      "timeRegions": [],
      "title": "$node_name - Overall CPU Utilization",
      "tooltip": {
        "msResolution": false,
        "shared": true,
        "sort": 5,
        "value_type": "individual"
      },
      "type": "graph",
      "xaxis": {
        "mode": "time",
        "show": true,
        "values": []
      },
      "yaxes": [
        {
          "decimals": 1,
          "format": "percent",
          "label": "",
          "logBase": 1,
          "max": "100",
          "min": 0,
          "show": true
        },
        {
          "format": "short",
          "logBase": 1,
          "min": 0,
          "show": true
        }
      ],
      "yaxis": {
        "align": false
      }
    },
    {
      "aliasColors": {
        "Avg": "#629e51",
        "cpu0": "#65c5db",
        "cpu1": "#65c5db",
        "cpu2": "#65c5db",
        "cpu3": "#65c5db",
        "cpu5": "#65c5db",
        "cpu6": "#65c5db",
        "idle": "#806EB7",
        "iowait": "#E24D42",
        "nice": "#1F78C1",
        "softirq": "#FFF899",
        "steal": "#8F3BB8",
        "system": "#EAB839",
        "user": "#508642"
      },
      "bars": true,
      "dashLength": 10,
      "dashes": false,
      "editable": true,
      "error": false,
      "fieldConfig": {
        "defaults": {
          "links": []
        },
        "overrides": []
      },
      "fill": 6,
      "fillGradient": 0,
      "grid": {},
      "gridPos": {
        "h": 8,
        "w": 24,
        "x": 0,
        "y": 8
      },
      "height": "",
      "hiddenSeries": false,
      "id": 78,
      "legend": {
        "alignAsTable": true,
        "avg": true,
        "current": false,
        "hideEmpty": true,
        "hideZero": true,
        "max": true,
        "min": true,
        "rightSide": false,
        "show": false,
        "sort": "avg",
        "sortDesc": true,
        "total": false,
        "values": true
      },
      "lines": false,
      "linewidth": 2,
      "links": [],
      "nullPointMode": "null",
      "options": {
        "alertThreshold": true
      },
      "percentage": false,
      "pluginVersion": "8.3.5",
      "pointradius": 5,
      "points": false,
      "renderer": "flot",
      "seriesOverrides": [
        {
          "alias": "/^ /",
          "color": "#6ed0e0"
        }
      ],
      "spaceLength": 10,
      "stack": false,
      "steppedLine": false,
      "targets": [
        {
          "expr": "clamp_max(avg by () ((sum by (cpu) ( (clamp_max(irate(node_cpu_seconds_total{node_name=~\"$node_name\",mode!=\"idle\",mode!=\"iowait\"}[5m]),1))*100 )) or max_over_time(node_cpu_average{node_name=~\"$node_name\", mode!=\"total\",mode!=\"idle\", mode!=\"wait\"}[5m])) ,100)",
          "format": "time_series",
          "hide": false,
          "instant": true,
          "interval": "$interval",
          "intervalFactor": 1,
          "legendFormat": "Avg",
          "refId": "B"
        },
        {
          "calculatedInterval": "2s",
          "datasourceErrors": {},
          "errors": {},
          "expr": "clamp_max((sum by (cpu) ( (clamp_max(irate(node_cpu_seconds_total{node_name=~\"$node_name\",mode!=\"idle\",mode!=\"iowait\"}[5m])*100,100)) )) or sum by (cpu) (max_over_time(node_cpu_average{node_name=~\"$node_name\", mode!=\"total\",mode!=\"idle\", mode!=\"wait\"}[5m])) ,100)",
          "format": "time_series",
          "hide": false,
          "instant": true,
          "interval": "$interval",
          "intervalFactor": 1,
          "legendFormat": " {{cpu}}",
          "metric": "",
          "refId": "A",
          "step": 300
        }
      ],
      "thresholds": [],
      "timeRegions": [],
      "title": "$node_name - Current CPU Threads Utilization",
      "tooltip": {
        "msResolution": false,
        "shared": false,
        "sort": 5,
        "value_type": "individual"
      },
      "type": "graph",
      "xaxis": {
        "mode": "series",
        "show": true,
        "values": [
          "current"
        ]
      },
      "yaxes": [
        {
          "decimals": 1,
          "format": "percent",
          "label": "",
          "logBase": 1,
          "max": "100",
          "min": 0,
          "show": true
        },
        {
          "format": "short",
          "logBase": 1,
          "min": 0,
          "show": true
        }
      ],
      "yaxis": {
        "align": false
      }
    },
    {
      "collapsed": true,
      "gridPos": {
        "h": 1,
        "w": 24,
        "x": 0,
        "y": 16
      },
      "id": 1052,
      "panels": [
        {
          "aliasColors": {},
          "bars": false,
          "dashLength": 10,
          "dashes": false,
          "decimals": 2,
          "description": "",
          "fieldConfig": {
            "defaults": {
              "links": []
            },
            "overrides": []
          },
          "fill": 1,
          "fillGradient": 0,
          "gridPos": {
            "h": 9,
            "w": 24,
            "x": 0,
            "y": 19
          },
          "hiddenSeries": false,
          "id": 1054,
          "legend": {
            "alignAsTable": true,
            "avg": true,
            "current": false,
            "max": true,
            "min": true,
            "rightSide": true,
            "show": true,
            "sort": "avg",
            "sortDesc": true,
            "total": false,
            "values": true
          },
          "lines": false,
          "linewidth": 1,
          "nullPointMode": "null",
          "options": {
            "alertThreshold": true
          },
          "percentage": false,
          "pluginVersion": "8.3.5",
          "pointradius": 1,
          "points": true,
          "renderer": "flot",
          "seriesOverrides": [
            {
              "alias": "Avg",
              "color": "#E02F44",
              "fill": 0,
              "legend": false,
              "lines": true,
              "linewidth": 2,
              "points": false
            }
          ],
          "spaceLength": 10,
          "stack": false,
          "steppedLine": false,
          "targets": [
            {
              "expr": "avg by (node_name,cpu) (max_over_time(node_cpu_frequency_hertz{node_name=~\"$node_name\"}[$interval]) or max_over_time(node_cpu_frequency_hertz{node_name=~\"$node_name\"}[5m]))",
              "interval": "$interval",
              "legendFormat": "cpu_{{cpu}}",
              "refId": "A"
            },
            {
              "expr": "avg(max_over_time(node_cpu_frequency_hertz{node_name=~\"$node_name\"}[$interval]) or max_over_time(node_cpu_frequency_hertz{node_name=~\"$node_name\"}[5m]))",
              "interval": "$interval",
              "legendFormat": "Avg",
              "refId": "B"
            }
          ],
          "thresholds": [],
          "timeRegions": [],
          "title": "$node_name - CPU Threads Frequency",
          "tooltip": {
            "shared": true,
            "sort": 5,
            "value_type": "individual"
          },
          "type": "graph",
          "xaxis": {
            "mode": "time",
            "show": true,
            "values": []
          },
          "yaxes": [
            {
              "decimals": 2,
              "format": "hertz",
              "logBase": 1,
              "show": true
            },
            {
              "format": "short",
              "logBase": 1,
              "show": false
            }
          ],
          "yaxis": {
            "align": false
          }
        }
      ],
      "title": "CPU Threads Frequency",
      "type": "row"
    },
    {
      "collapsed": true,
      "gridPos": {
        "h": 1,
        "w": 24,
        "x": 0,
        "y": 17
      },
      "id": 1050,
      "panels": [
        {
          "aliasColors": {},
          "bars": true,
          "dashLength": 10,
          "dashes": false,
          "description": "",
          "fieldConfig": {
            "defaults": {
              "links": []
            },
            "overrides": []
          },
          "fill": 1,
          "fillGradient": 0,
          "gridPos": {
            "h": 8,
            "w": 24,
            "x": 0,
            "y": 20
          },
          "hiddenSeries": false,
          "id": 1105,
          "legend": {
            "alignAsTable": true,
            "avg": false,
            "current": false,
            "max": false,
            "min": false,
            "show": false,
            "total": false,
            "values": false
          },
          "lines": false,
          "linewidth": 1,
          "nullPointMode": "null",
          "options": {
            "alertThreshold": true
          },
          "percentage": false,
          "pluginVersion": "8.3.5",
          "pointradius": 2,
          "points": false,
          "renderer": "flot",
          "seriesOverrides": [
            {
              "alias": "/^ /",
              "color": "#8AB8FF"
            },
            {
              "alias": "Avg",
              "color": "#56A64B"
            }
          ],
          "spaceLength": 10,
          "stack": false,
          "steppedLine": false,
          "targets": [
            {
              "expr": "avg(label_replace(sum by (sensor,node_name,chip,cpu) ((node_hwmon_temp_celsius{node_name=~\"$node_name\"})) * on(sensor) group_left(cpu) (sum by (sensor,node_name,cpu) (label_replace(node_hwmon_sensor_label{node_name=~\"$node_name\",label=~\"core.*\"},\"cpu\", \"$1\", \"label\", \"core_(.*)\"))),\"chip\", \"$2\", \"chip\", \"(.*)_coretemp_(.*)\"))",
              "hide": false,
              "instant": true,
              "interval": "$interval",
              "legendFormat": "Avg",
              "refId": "B"
            },
            {
              "expr": "(label_replace(sum by (sensor,node_name,chip,cpu) ((node_hwmon_temp_celsius{node_name=~\"$node_name\"})) * on(sensor) group_left(cpu) (sum by (sensor,node_name,cpu) (label_replace(node_hwmon_sensor_label{node_name=~\"$node_name\",label=~\"core.*\"},\"cpu\", \"$1\", \"label\", \"core_(.*)\"))),\"chip\", \"$2\", \"chip\", \"(.*)_coretemp_(.*)\"))",
              "format": "time_series",
              "hide": false,
              "instant": true,
              "interval": "$interval",
              "legendFormat": " cpu{{chip}}-core{{cpu}}",
              "refId": "A"
            }
          ],
          "thresholds": [],
          "timeRegions": [],
          "title": "$node_name - Current CPU Cores Temperature",
          "tooltip": {
            "shared": false,
            "sort": 5,
            "value_type": "individual"
          },
          "type": "graph",
          "xaxis": {
            "mode": "series",
            "show": true,
            "values": [
              "total"
            ]
          },
          "yaxes": [
            {
              "format": "celsius",
              "label": "",
              "logBase": 1,
              "min": "0",
              "show": true
            },
            {
              "format": "short",
              "logBase": 1,
              "show": false
            }
          ],
          "yaxis": {
            "align": false
          }
        }
      ],
      "title": "Current CPU Cores Temperature",
      "type": "row"
    },
    {
      "collapsed": false,
      "gridPos": {
        "h": 1,
        "w": 24,
        "x": 0,
        "y": 18
      },
      "id": 80,
      "panels": [],
      "title": "Overall CPU Threads Utilization Details",
      "type": "row"
    },
    {
      "fieldConfig": {
        "defaults": {
          "color": {
            "mode": "thresholds"
          },
          "mappings": [
            {
              "options": {
                "match": "null",
                "result": {
                  "text": "N/A"
                }
              },
              "type": "special"
            }
          ],
          "thresholds": {
            "mode": "absolute",
            "steps": [
              {
                "color": "#299c46",
                "value": null
              },
              {
                "color": "rgba(237, 129, 40, 0.89)",
                "value": 70
              },
              {
                "color": "#d44a3a",
                "value": 90
              }
            ]
          },
          "unit": "percent"
        },
        "overrides": []
      },
      "gridPos": {
        "h": 3,
        "w": 4,
        "x": 0,
        "y": 19
      },
      "id": 29,
      "links": [],
      "maxDataPoints": 100,
      "options": {
        "colorMode": "none",
        "graphMode": "area",
        "justifyMode": "auto",
        "orientation": "horizontal",
        "reduceOptions": {
          "calcs": [
            "lastNotNull"
          ],
          "fields": "",
          "values": false
        },
        "text": {
          "valueSize": 20
        },
        "textMode": "auto"
      },
      "pluginVersion": "8.3.5",
      "targets": [
        {
          "expr": "clamp_max(sum by () ((avg by (mode) ( \n(clamp_max(rate(node_cpu_seconds_total{node_name=~\"$node_name\",mode!=\"idle\",mode!=\"iowait\"}[$interval]),1)) or \n(clamp_max(irate(node_cpu_seconds_total{node_name=~\"$node_name\",mode!=\"idle\",mode!=\"iowait\"}[5m]),1)) )) *100 or \nsum by () (\navg_over_time(node_cpu_average{node_name=~\"$node_name\",mode!=\"total\",mode!=\"idle\"}[$interval]) or \navg_over_time(node_cpu_average{node_name=~\"$node_name\",mode!=\"total\",mode!=\"idle\"}[5m])) unless\n(avg_over_time(node_cpu_average{node_name=~\"$node_name\",mode=\"total\",job=\"rds-basic\"}[$interval]) or \navg_over_time(node_cpu_average{node_name=~\"$node_name\",mode=\"total\",job=\"rds-basic\"}[5m]))\n),100)",
          "format": "time_series",
          "interval": "$interval",
          "intervalFactor": 1,
          "legendFormat": "",
          "refId": "A"
        }
      ],
      "title": "All Cores - total",
      "type": "stat"
    },
    {
      "fieldConfig": {
        "defaults": {
          "color": {
            "mode": "thresholds"
          },
          "mappings": [
            {
              "options": {
                "match": "null",
                "result": {
                  "text": "N/A"
                }
              },
              "type": "special"
            }
          ],
          "thresholds": {
            "mode": "absolute",
            "steps": [
              {
                "color": "#299c46",
                "value": null
              },
              {
                "color": "rgba(237, 129, 40, 0.89)",
                "value": 70
              },
              {
                "color": "#d44a3a",
                "value": 90
              }
            ]
          },
          "unit": "percent"
        },
        "overrides": []
      },
      "gridPos": {
        "h": 3,
        "w": 4,
        "x": 4,
        "y": 19
      },
      "id": 30,
      "links": [],
      "maxDataPoints": 100,
      "options": {
        "colorMode": "none",
        "graphMode": "area",
        "justifyMode": "auto",
        "orientation": "horizontal",
        "reduceOptions": {
          "calcs": [
            "lastNotNull"
          ],
          "fields": "",
          "values": false
        },
        "text": {
          "valueSize": 20
        },
        "textMode": "auto"
      },
      "pluginVersion": "8.3.5",
      "targets": [
        {
          "expr": "clamp_max(avg by (node_name,mode)((avg by (mode) ( (clamp_max(rate(node_cpu_seconds_total{node_name=~\"$node_name\",mode=\"user\"}[$interval]),1)) or (clamp_max(irate(node_cpu_seconds_total{node_name=~\"$node_name\",mode=\"user\"}[5m]),1)) )) *100 or (avg_over_time(node_cpu_average{node_name=~\"$node_name\", mode=\"user\"}[$interval]) or avg_over_time(node_cpu_average{node_name=~\"$node_name\", mode=\"user\"}[5m]))),100)",
          "format": "time_series",
          "interval": "$interval",
          "intervalFactor": 1,
          "refId": "A"
        }
      ],
      "title": "All Cores - user",
      "type": "stat"
    },
    {
      "fieldConfig": {
        "defaults": {
          "color": {
            "mode": "thresholds"
          },
          "mappings": [
            {
              "options": {
                "match": "null",
                "result": {
                  "text": "N/A"
                }
              },
              "type": "special"
            }
          ],
          "thresholds": {
            "mode": "absolute",
            "steps": [
              {
                "color": "#299c46",
                "value": null
              },
              {
                "color": "rgba(237, 129, 40, 0.89)",
                "value": 20
              },
              {
                "color": "#d44a3a",
                "value": 30
              }
            ]
          },
          "unit": "percent"
        },
        "overrides": []
      },
      "gridPos": {
        "h": 3,
        "w": 4,
        "x": 8,
        "y": 19
      },
      "id": 31,
      "links": [],
      "maxDataPoints": 100,
      "options": {
        "colorMode": "none",
        "graphMode": "area",
        "justifyMode": "auto",
        "orientation": "horizontal",
        "reduceOptions": {
          "calcs": [
            "lastNotNull"
          ],
          "fields": "",
          "values": false
        },
        "text": {
          "valueSize": 20
        },
        "textMode": "auto"
      },
      "pluginVersion": "8.3.5",
      "targets": [
        {
          "expr": "clamp_max(avg by (node_name,mode)((avg by (mode) ( (clamp_max(rate(node_cpu_seconds_total{node_name=~\"$node_name\",mode=\"system\"}[$interval]),1)) or (clamp_max(irate(node_cpu_seconds_total{node_name=~\"$node_name\",mode=\"system\"}[5m]),1)) )) *100 or (avg_over_time(node_cpu_average{node_name=~\"$node_name\", mode=\"system\"}[$interval]) or avg_over_time(node_cpu_average{node_name=~\"$node_name\", mode=\"system\"}[5m]))),100)",
          "format": "time_series",
          "interval": "$interval",
          "intervalFactor": 1,
          "refId": "A"
        }
      ],
      "title": "All Cores - system",
      "type": "stat"
    },
    {
      "fieldConfig": {
        "defaults": {
          "color": {
            "mode": "thresholds"
          },
          "mappings": [
            {
              "options": {
                "match": "null",
                "result": {
                  "text": "N/A"
                }
              },
              "type": "special"
            }
          ],
          "thresholds": {
            "mode": "absolute",
            "steps": [
              {
                "color": "#299c46",
                "value": null
              },
              {
                "color": "rgba(237, 129, 40, 0.89)",
                "value": 20
              },
              {
                "color": "#d44a3a",
                "value": 50
              }
            ]
          },
          "unit": "percent"
        },
        "overrides": []
      },
      "gridPos": {
        "h": 3,
        "w": 4,
        "x": 12,
        "y": 19
      },
      "id": 32,
      "links": [],
      "maxDataPoints": 100,
      "options": {
        "colorMode": "none",
        "graphMode": "area",
        "justifyMode": "auto",
        "orientation": "horizontal",
        "reduceOptions": {
          "calcs": [
            "lastNotNull"
          ],
          "fields": "",
          "values": false
        },
        "text": {
          "valueSize": 20
        },
        "textMode": "auto"
      },
      "pluginVersion": "8.3.5",
      "targets": [
        {
          "expr": "clamp_max(avg by (node_name,mode)((avg by (mode) ( (clamp_max(rate(node_cpu_seconds_total{node_name=~\"$node_name\",mode=\"iowait\"}[$interval]),1)) or (clamp_max(irate(node_cpu_seconds_total{node_name=~\"$node_name\",mode=\"iowait\"}[5m]),1)) )) *100 or (avg_over_time(node_cpu_average{node_name=~\"$node_name\", mode=\"wait\"}[$interval]) or avg_over_time(node_cpu_average{node_name=~\"$node_name\", mode=\"wait\"}[5m]))),100)",
          "format": "time_series",
          "interval": "$interval",
          "intervalFactor": 1,
          "refId": "A"
        }
      ],
      "title": "All Cores - iowait",
      "type": "stat"
    },
    {
      "fieldConfig": {
        "defaults": {
          "color": {
            "mode": "thresholds"
          },
          "mappings": [
            {
              "options": {
                "match": "null",
                "result": {
                  "text": "N/A"
                }
              },
              "type": "special"
            }
          ],
          "thresholds": {
            "mode": "absolute",
            "steps": [
              {
                "color": "#299c46",
                "value": null
              },
              {
                "color": "rgba(237, 129, 40, 0.89)",
                "value": 10
              },
              {
                "color": "#d44a3a",
                "value": 30
              }
            ]
          },
          "unit": "percent"
        },
        "overrides": []
      },
      "gridPos": {
        "h": 3,
        "w": 4,
        "x": 16,
        "y": 19
      },
      "id": 33,
      "links": [],
      "maxDataPoints": 100,
      "options": {
        "colorMode": "none",
        "graphMode": "area",
        "justifyMode": "auto",
        "orientation": "horizontal",
        "reduceOptions": {
          "calcs": [
            "lastNotNull"
          ],
          "fields": "",
          "values": false
        },
        "text": {
          "valueSize": 20
        },
        "textMode": "auto"
      },
      "pluginVersion": "8.3.5",
      "targets": [
        {
          "expr": "clamp_max(avg by (node_name,mode)((avg by (mode) ( (clamp_max(rate(node_cpu_seconds_total{node_name=~\"$node_name\",mode=\"steal\"}[$interval]),1)) or (clamp_max(irate(node_cpu_seconds_total{node_name=~\"$node_name\",mode=\"steal\"}[5m]),1)) )) *100 or (avg_over_time(node_cpu_average{node_name=~\"$node_name\", mode=\"steal\"}[$interval]) or avg_over_time(node_cpu_average{node_name=~\"$node_name\", mode=\"steal\"}[5m]))),100)",
          "format": "time_series",
          "interval": "$interval",
          "intervalFactor": 1,
          "refId": "A"
        }
      ],
      "title": "All Cores - steal",
      "type": "stat"
    },
    {
      "fieldConfig": {
        "defaults": {
          "color": {
            "mode": "thresholds"
          },
          "mappings": [
            {
              "options": {
                "match": "null",
                "result": {
                  "text": "N/A"
                }
              },
              "type": "special"
            }
          ],
          "thresholds": {
            "mode": "absolute",
            "steps": [
              {
                "color": "#299c46",
                "value": null
              },
              {
                "color": "rgba(237, 129, 40, 0.89)",
                "value": 10
              },
              {
                "color": "#d44a3a",
                "value": 20
              }
            ]
          },
          "unit": "percent"
        },
        "overrides": []
      },
      "gridPos": {
        "h": 3,
        "w": 4,
        "x": 20,
        "y": 19
      },
      "id": 34,
      "links": [],
      "maxDataPoints": 100,
      "options": {
        "colorMode": "none",
        "graphMode": "area",
        "justifyMode": "auto",
        "orientation": "horizontal",
        "reduceOptions": {
          "calcs": [
            "lastNotNull"
          ],
          "fields": "",
          "values": false
        },
        "text": {
          "valueSize": 20
        },
        "textMode": "auto"
      },
      "pluginVersion": "8.3.5",
      "targets": [
        {
          "expr": "clamp_max(((sum by () (avg by (mode) ( (clamp_max(rate(node_cpu_seconds_total{node_name=~\"$node_name\",mode!=\"idle\",mode!=\"user\",mode!=\"system\",mode!=\"iowait\",mode!=\"steal\"}[$interval]),1)) or (clamp_max(irate(node_cpu_seconds_total{node_name=~\"$node_name\",mode!=\"idle\",mode!=\"user\",mode!=\"system\",mode!=\"iowait\",mode!=\"steal\"}[5m]),1)) )) *100) or (sum(avg_over_time(node_cpu_average{node_name=~\"$node_name\", mode!=\"total\",mode!=\"idle\",mode!=\"user\",mode!=\"system\",mode!=\"wait\",mode!=\"steal\"}[$interval])) or sum(avg_over_time(node_cpu_average{node_name=~\"$node_name\", mode!=\"total\",mode!=\"idle\",mode!=\"user\",mode!=\"system\",mode!=\"wait\",mode!=\"steal\"}[5m])))),100) ",
          "format": "time_series",
          "interval": "$interval",
          "intervalFactor": 1,
          "refId": "A"
        }
      ],
      "title": "All Cores - other",
      "type": "stat"
    },
    {
      "collapsed": false,
      "gridPos": {
        "h": 1,
        "w": 24,
        "x": 0,
        "y": 22
      },
      "id": 81,
      "panels": [],
      "title": "CPU Threads Utilization Details",
      "type": "row"
    },
    {
      "gridPos": {
        "h": 2,
        "w": 24,
        "x": 0,
        "y": 23
      },
      "id": 35,
      "links": [],
      "options": {
        "content": "Per CPU usage Information shows  usage for each CPU (Virtual) core.  The Current (most recent) numbers are shown together with history as sparkline",
        "mode": "markdown"
      },
      "pluginVersion": "8.3.5",
      "title": "Per Core CPU Threads Usage",
      "type": "text"
    },
    {
      "collapsed": false,
      "gridPos": {
        "h": 1,
        "w": 24,
        "x": 0,
        "y": 25
      },
      "id": 82,
      "panels": [],
      "repeat": "cpu",
      "title": "$cpu",
      "type": "row"
    },
    {
      "fieldConfig": {
        "defaults": {
          "color": {
            "mode": "thresholds"
          },
          "mappings": [
            {
              "options": {
                "match": "null",
                "result": {
                  "text": "N/A"
                }
              },
              "type": "special"
            }
          ],
          "thresholds": {
            "mode": "absolute",
            "steps": [
              {
                "color": "#299c46",
                "value": null
              },
              {
                "color": "rgba(237, 129, 40, 0.89)",
                "value": 70
              },
              {
                "color": "#d44a3a",
                "value": 90
              }
            ]
          },
          "unit": "percent"
        },
        "overrides": []
      },
      "gridPos": {
        "h": 3,
        "w": 4,
        "x": 0,
        "y": 26
      },
      "id": 26,
      "links": [],
      "maxDataPoints": 100,
      "options": {
        "colorMode": "none",
        "graphMode": "area",
        "justifyMode": "auto",
        "orientation": "horizontal",
        "reduceOptions": {
          "calcs": [
            "lastNotNull"
          ],
          "fields": "",
          "values": false
        },
        "text": {
          "valueSize": 20
        },
        "textMode": "auto"
      },
      "pluginVersion": "8.3.5",
      "targets": [
        {
          "expr": "clamp_max(\nsum by (cpu) (\n(avg by (mode) ( (clamp_max(rate(node_cpu_seconds_total{node_name=~\"$node_name\",cpu=\"$cpu\",mode!=\"idle\",mode!=\"iowait\"}[$interval]),1)) or \n(clamp_max(irate(node_cpu_seconds_total{node_name=~\"$node_name\",cpu=\"$cpu\",mode!=\"idle\",mode!=\"iowait\"}[5m]),1)) )) *100) or \nsum by () (\navg_over_time(node_cpu_average{node_name=~\"$node_name\",mode!=\"total\",mode!=\"idle\"}[$interval]) or \navg_over_time(node_cpu_average{node_name=~\"$node_name\",mode!=\"total\",mode!=\"idle\"}[5m])) unless\n(avg_over_time(node_cpu_average{node_name=~\"$node_name\",mode=\"total\",job=\"rds-basic\"}[$interval]) or \navg_over_time(node_cpu_average{node_name=~\"$node_name\",mode=\"total\",job=\"rds-basic\"}[5m]))\n,100)",
          "format": "time_series",
          "instant": false,
          "interval": "$interval",
          "intervalFactor": 1,
          "legendFormat": "",
          "refId": "A"
        }
      ],
      "title": "$cpu - total",
      "type": "stat"
    },
    {
      "fieldConfig": {
        "defaults": {
          "color": {
            "mode": "thresholds"
          },
          "mappings": [
            {
              "options": {
                "match": "null",
                "result": {
                  "text": "N/A"
                }
              },
              "type": "special"
            }
          ],
          "thresholds": {
            "mode": "absolute",
            "steps": [
              {
                "color": "#299c46",
                "value": null
              },
              {
                "color": "rgba(237, 129, 40, 0.89)",
                "value": 70
              },
              {
                "color": "#d44a3a",
                "value": 90
              }
            ]
          },
          "unit": "percent"
        },
        "overrides": []
      },
      "gridPos": {
        "h": 3,
        "w": 4,
        "x": 4,
        "y": 26
      },
      "id": 23,
      "links": [],
      "maxDataPoints": 100,
      "options": {
        "colorMode": "none",
        "graphMode": "area",
        "justifyMode": "auto",
        "orientation": "horizontal",
        "reduceOptions": {
          "calcs": [
            "lastNotNull"
          ],
          "fields": "",
          "values": false
        },
        "text": {
          "valueSize": 20
        },
        "textMode": "auto"
      },
      "pluginVersion": "8.3.5",
      "targets": [
        {
          "expr": "clamp_max(avg by (node_name,mode)((avg by (mode) ( (clamp_max(rate(node_cpu_seconds_total{node_name=~\"$node_name\",cpu=\"$cpu\",mode=\"user\"}[$interval]),1)) or (clamp_max(irate(node_cpu_seconds_total{node_name=~\"$node_name\",cpu=\"$cpu\",mode=\"user\"}[5m]),1)) )) *100 or (avg_over_time(node_cpu_average{node_name=~\"$node_name\", cpu=\"All\", mode=\"user\"}[$interval]) or avg_over_time(node_cpu_average{node_name=~\"$node_name\", cpu=\"All\", mode=\"user\"}[5m]))),100)",
          "format": "time_series",
          "interval": "$interval",
          "intervalFactor": 1,
          "refId": "A"
        }
      ],
      "title": "$cpu - user",
      "type": "stat"
    },
    {
      "fieldConfig": {
        "defaults": {
          "color": {
            "mode": "thresholds"
          },
          "mappings": [
            {
              "options": {
                "match": "null",
                "result": {
                  "text": "N/A"
                }
              },
              "type": "special"
            }
          ],
          "thresholds": {
            "mode": "absolute",
            "steps": [
              {
                "color": "#299c46",
                "value": null
              },
              {
                "color": "rgba(237, 129, 40, 0.89)",
                "value": 20
              },
              {
                "color": "#d44a3a",
                "value": 30
              }
            ]
          },
          "unit": "percent"
        },
        "overrides": []
      },
      "gridPos": {
        "h": 3,
        "w": 4,
        "x": 8,
        "y": 26
      },
      "id": 24,
      "links": [],
      "maxDataPoints": 100,
      "options": {
        "colorMode": "none",
        "graphMode": "area",
        "justifyMode": "auto",
        "orientation": "horizontal",
        "reduceOptions": {
          "calcs": [
            "lastNotNull"
          ],
          "fields": "",
          "values": false
        },
        "text": {
          "valueSize": 20
        },
        "textMode": "auto"
      },
      "pluginVersion": "8.3.5",
      "targets": [
        {
          "expr": "clamp_max(avg by (node_name,mode)((avg by (mode) ( (clamp_max(rate(node_cpu_seconds_total{node_name=~\"$node_name\",cpu=\"$cpu\",mode=\"system\"}[$interval]),1)) or (clamp_max(irate(node_cpu_seconds_total{node_name=~\"$node_name\",cpu=\"$cpu\",mode=\"system\"}[5m]),1)) )) *100 or (avg_over_time(node_cpu_average{node_name=~\"$node_name\", cpu=\"All\", mode=\"system\"}[$interval]) or avg_over_time(node_cpu_average{node_name=~\"$node_name\", cpu=\"All\", mode=\"system\"}[5m]))),100)",
          "format": "time_series",
          "interval": "$interval",
          "intervalFactor": 1,
          "refId": "A"
        }
      ],
      "title": "$cpu - system",
      "type": "stat"
    },
    {
      "fieldConfig": {
        "defaults": {
          "color": {
            "mode": "thresholds"
          },
          "mappings": [
            {
              "options": {
                "match": "null",
                "result": {
                  "text": "N/A"
                }
              },
              "type": "special"
            }
          ],
          "thresholds": {
            "mode": "absolute",
            "steps": [
              {
                "color": "#299c46",
                "value": null
              },
              {
                "color": "rgba(237, 129, 40, 0.89)",
                "value": 20
              },
              {
                "color": "#d44a3a",
                "value": 50
              }
            ]
          },
          "unit": "percent"
        },
        "overrides": []
      },
      "gridPos": {
        "h": 3,
        "w": 4,
        "x": 12,
        "y": 26
      },
      "id": 25,
      "links": [],
      "maxDataPoints": 100,
      "options": {
        "colorMode": "none",
        "graphMode": "area",
        "justifyMode": "auto",
        "orientation": "horizontal",
        "reduceOptions": {
          "calcs": [
            "lastNotNull"
          ],
          "fields": "",
          "values": false
        },
        "text": {
          "valueSize": 20
        },
        "textMode": "auto"
      },
      "pluginVersion": "8.3.5",
      "targets": [
        {
          "expr": "clamp_max(avg by (node_name,mode)((avg by (mode) ( (clamp_max(rate(node_cpu_seconds_total{node_name=~\"$node_name\",cpu=\"$cpu\",mode=\"iowait\"}[$interval]),1)) or (clamp_max(irate(node_cpu_seconds_total{node_name=~\"$node_name\",cpu=\"$cpu\",mode=\"iowait\"}[5m]),1)) )) *100 or (avg_over_time(node_cpu_average{node_name=~\"$node_name\", cpu=\"All\", mode=\"wait\"}[$interval]) or avg_over_time(node_cpu_average{node_name=~\"$node_name\", cpu=\"All\", mode=\"wait\"}[5m]))),100)",
          "format": "time_series",
          "interval": "$interval",
          "intervalFactor": 1,
          "refId": "A"
        }
      ],
      "title": "$cpu - iowait",
      "type": "stat"
    },
    {
      "fieldConfig": {
        "defaults": {
          "color": {
            "mode": "thresholds"
          },
          "mappings": [
            {
              "options": {
                "match": "null",
                "result": {
                  "text": "N/A"
                }
              },
              "type": "special"
            }
          ],
          "thresholds": {
            "mode": "absolute",
            "steps": [
              {
                "color": "#299c46",
                "value": null
              },
              {
                "color": "rgba(237, 129, 40, 0.89)",
                "value": 10
              },
              {
                "color": "#d44a3a",
                "value": 30
              }
            ]
          },
          "unit": "percent"
        },
        "overrides": []
      },
      "gridPos": {
        "h": 3,
        "w": 4,
        "x": 16,
        "y": 26
      },
      "id": 27,
      "links": [],
      "maxDataPoints": 100,
      "options": {
        "colorMode": "none",
        "graphMode": "area",
        "justifyMode": "auto",
        "orientation": "horizontal",
        "reduceOptions": {
          "calcs": [
            "lastNotNull"
          ],
          "fields": "",
          "values": false
        },
        "text": {
          "valueSize": 20
        },
        "textMode": "auto"
      },
      "pluginVersion": "8.3.5",
      "targets": [
        {
          "expr": "clamp_max(avg by (node_name,mode)((avg by (mode) ( (clamp_max(rate(node_cpu_seconds_total{node_name=~\"$node_name\",cpu=\"$cpu\",mode=\"steal\"}[$interval]),1)) or (clamp_max(irate(node_cpu_seconds_total{node_name=~\"$node_name\",cpu=\"$cpu\",mode=\"steal\"}[5m]),1)) )) *100 or (avg_over_time(node_cpu_average{node_name=~\"$node_name\", cpu=\"All\", mode=\"steal\"}[$interval]) or avg_over_time(node_cpu_average{node_name=~\"$node_name\", cpu=\"All\", mode=\"steal\"}[5m]))),100)",
          "format": "time_series",
          "interval": "$interval",
          "intervalFactor": 1,
          "refId": "A"
        }
      ],
      "title": "$cpu - steal",
      "type": "stat"
    },
    {
      "fieldConfig": {
        "defaults": {
          "color": {
            "mode": "thresholds"
          },
          "mappings": [
            {
              "options": {
                "match": "null",
                "result": {
                  "text": "N/A"
                }
              },
              "type": "special"
            }
          ],
          "thresholds": {
            "mode": "absolute",
            "steps": [
              {
                "color": "#299c46",
                "value": null
              },
              {
                "color": "rgba(237, 129, 40, 0.89)",
                "value": 10
              },
              {
                "color": "#d44a3a",
                "value": 20
              }
            ]
          },
          "unit": "percent"
        },
        "overrides": []
      },
      "gridPos": {
        "h": 3,
        "w": 4,
        "x": 20,
        "y": 26
      },
      "id": 28,
      "links": [],
      "maxDataPoints": 100,
      "options": {
        "colorMode": "none",
        "graphMode": "area",
        "justifyMode": "auto",
        "orientation": "horizontal",
        "reduceOptions": {
          "calcs": [
            "lastNotNull"
          ],
          "fields": "",
          "values": false
        },
        "text": {
          "valueSize": 20
        },
        "textMode": "auto"
      },
      "pluginVersion": "8.3.5",
      "targets": [
        {
          "expr": "clamp_max(((sum by (instance) (avg by (mode) ( (clamp_max(rate(node_cpu_seconds_total{node_name=~\"$node_name\",cpu=\"$cpu\",mode!=\"idle\",mode!=\"user\",mode!=\"system\",mode!=\"iowait\",mode!=\"steal\"}[$interval]),1)) or (clamp_max(irate(node_cpu_seconds_total{node_name=~\"$node_name\",cpu=\"$cpu\",mode!=\"idle\",mode!=\"user\",mode!=\"system\",mode!=\"iowait\",mode!=\"steal\"}[5m]),1)) )) *100) or (sum(avg_over_time(node_cpu_average{node_name=~\"$node_name\", cpu=\"All\",mode!=\"total\",mode!=\"idle\",mode!=\"user\",mode!=\"system\",mode!=\"wait\",mode!=\"steal\"}[$interval])) or sum(avg_over_time(node_cpu_average{node_name=~\"$node_name\",cpu=\"All\",mode!=\"total\",mode!=\"idle\",mode!=\"user\",mode!=\"system\",mode!=\"wait\",mode!=\"steal\"}[5m])))),100)",
          "format": "time_series",
          "interval": "$interval",
          "intervalFactor": 1,
          "refId": "A"
        }
      ],
      "title": "$cpu - other",
      "type": "stat"
    }
  ],
  "refresh": "1m",
  "schemaVersion": 34,
  "style": "dark",
  "tags": [
    "Percona",
    "OS"
  ],
  "templating": {
    "list": [
      {
        "allFormat": "glob",
        "auto": true,
        "auto_count": 200,
        "auto_min": "1s",
        "current": {
          "selected": false,
          "text": "auto",
          "value": "$__auto_interval_interval"
        },
        "datasource": "Metrics",
        "hide": 0,
        "includeAll": false,
        "label": "Interval",
        "multi": false,
        "multiFormat": "glob",
        "name": "interval",
        "options": [
          {
            "selected": true,
            "text": "auto",
            "value": "$__auto_interval_interval"
          },
          {
            "selected": false,
            "text": "1s",
            "value": "1s"
          },
          {
            "selected": false,
            "text": "5s",
            "value": "5s"
          },
          {
            "selected": false,
            "text": "1m",
            "value": "1m"
          },
          {
            "selected": false,
            "text": "5m",
            "value": "5m"
          },
          {
            "selected": false,
            "text": "1h",
            "value": "1h"
          },
          {
            "selected": false,
            "text": "6h",
            "value": "6h"
          },
          {
            "selected": false,
            "text": "1d",
            "value": "1d"
          }
        ],
        "query": "1s,5s,1m,5m,1h,6h,1d",
        "refresh": 2,
        "regex": "",
        "skipUrlSync": false,
        "type": "interval"
      },
      {
        "allFormat": "glob",
        "allValue": ".*",
        "current": {
          "selected": false,
          "text": "All",
          "value": "$__all"
        },
        "datasource": "Metrics",
        "definition": "label_values(node_load1{node_type=~\"generic|remote_rds|container|remote\"}, region)",
        "hide": 0,
        "includeAll": true,
        "label": "Region",
        "multi": true,
        "multiFormat": "regex values",
        "name": "region",
        "options": [],
        "query": {
          "query": "label_values(node_load1{node_type=~\"generic|remote_rds|container|remote\"}, region)",
          "refId": "Metrics-region-Variable-Query"
        },
        "refresh": 2,
        "refresh_on_load": false,
        "regex": "",
        "skipUrlSync": false,
        "sort": 1,
        "type": "query",
        "useTags": false
      },
      {
        "allFormat": "glob",
        "allValue": ".*",
        "current": {
          "selected": false,
          "text": "All",
          "value": "$__all"
        },
        "datasource": "Metrics",
        "definition": "label_values(up{region=~\"$region\"}, node_type)",
        "hide": 0,
        "includeAll": true,
        "label": "Type",
        "multi": true,
        "multiFormat": "regex values",
        "name": "node_type",
        "options": [],
        "query": {
          "query": "label_values(up{region=~\"$region\"}, node_type)",
          "refId": "Metrics-node_type-Variable-Query"
        },
        "refresh": 2,
        "refresh_on_load": false,
        "regex": "",
        "skipUrlSync": false,
        "sort": 1,
        "type": "query",
        "useTags": false
      },
      {
        "allValue": ".*",
        "current": {
          "selected": true,
          "text": [
            "All"
          ],
          "value": [
            "$__all"
          ]
        },
        "datasource": "Metrics",
        "definition": "label_values({region=~\"$region\",node_type=~\"$node_type\",__name__=~\"pg_up|mysql_up|mongodb_up|proxysql_mysql_status_active_transactions|up\"}, environment)",
        "hide": 0,
        "includeAll": true,
        "label": "Environment",
        "multi": true,
        "multiFormat": "regex values",
        "name": "environment",
        "options": [],
        "query": {
          "query": "label_values({region=~\"$region\",node_type=~\"$node_type\",__name__=~\"pg_up|mysql_up|mongodb_up|proxysql_mysql_status_active_transactions|up\"}, environment)",
          "refId": "Metrics-node_type-Variable-Query"
        },
        "refresh": 2,
        "refresh_on_load": false,
        "regex": "",
        "skipUrlSync": false,
        "sort": 1,
        "type": "query",
        "useTags": false
      },
      {
        "allFormat": "glob",
        "current": {
          "selected": false,
          "text": "All",
          "value": "$__all"
        },
        "datasource": "Metrics",
        "definition": "label_values(up{region=~\"$region\",node_type=~\"$node_type\",environment=~\"$environment\"}, node_name)",
        "hide": 0,
        "includeAll": false,
        "label": "Node Name",
        "multi": false,
        "multiFormat": "regex values",
        "name": "node_name",
        "options": [],
        "query": {
          "query": "label_values(up{region=~\"$region\",node_type=~\"$node_type\",environment=~\"$environment\"}, node_name)",
          "refId": "Metrics-node_name-Variable-Query"
        },
        "refresh": 2,
        "refresh_on_load": false,
        "regex": "",
        "skipUrlSync": false,
        "sort": 1,
        "type": "query",
        "useTags": false
      },
      {
        "current": {
          "selected": false,
          "text": "All",
          "value": "$__all"
        },
        "datasource": "Metrics",
        "definition": "",
        "hide": 2,
        "includeAll": true,
        "label": "CPU",
        "multi": true,
        "name": "cpu",
        "options": [],
        "query": {
          "query": "label_values(node_cpu_seconds_total{node_name=~\"$node_name\"}, cpu)",
          "refId": "Metrics-cpu-Variable-Query"
        },
        "refresh": 2,
        "regex": "",
        "skipUrlSync": false,
        "sort": 3,
        "tagValuesQuery": "",
        "tagsQuery": "",
        "type": "query",
        "useTags": false
      },
      {
        "current": {
          "selected": false,
          "text": "All",
          "value": "$__all"
        },
        "datasource": "Metrics",
        "definition": "label_values({__name__=~\"pg_up|mysql_up|mongodb_up|proxysql_mysql_status_active_transactions\",node_name=~\"$node_name\"}, service_name)",
        "hide": 2,
        "includeAll": true,
        "label": "Service Name",
        "multi": true,
        "name": "service_name",
        "options": [],
        "query": {
          "query": "label_values({__name__=~\"pg_up|mysql_up|mongodb_up|proxysql_mysql_status_active_transactions\",node_name=~\"$node_name\"}, service_name)",
          "refId": "Metrics-service_name-Variable-Query"
        },
        "refresh": 2,
        "regex": "",
        "skipUrlSync": false,
        "sort": 5,
        "tagValuesQuery": "",
        "tagsQuery": "",
        "type": "query",
        "useTags": false
      },
      {
        "current": {
          "selected": false,
          "text": "All",
          "value": "$__all"
        },
        "datasource": "Metrics",
        "definition": "label_values({__name__=~\"pg_up|mysql_up|mongodb_up|proxysql_mysql_status_active_transactions\"}, cluster)",
        "hide": 2,
        "includeAll": true,
        "label": "Cluster",
        "multi": true,
        "name": "cluster",
        "options": [],
        "query": {
          "query": "label_values({__name__=~\"pg_up|mysql_up|mongodb_up|proxysql_mysql_status_active_transactions\"}, cluster)",
          "refId": "Metrics-cluster-Variable-Query"
        },
        "refresh": 2,
        "regex": "",
        "skipUrlSync": false,
        "sort": 5,
        "tagValuesQuery": "",
        "tagsQuery": "",
        "type": "query",
        "useTags": false
      },
      {
        "current": {
          "selected": false,
          "text": "All",
          "value": "$__all"
        },
        "datasource": "Metrics",
        "definition": "label_values({__name__=~\"pg_up|mysql_up|mongodb_up|proxysql_mysql_status_active_transactions\"}, replication_set)",
        "hide": 2,
        "includeAll": true,
        "label": "Replication Set",
        "multi": true,
        "name": "replication_set",
        "options": [],
        "query": {
          "query": "label_values({__name__=~\"pg_up|mysql_up|mongodb_up|proxysql_mysql_status_active_transactions\"}, replication_set)",
          "refId": "Metrics-replication_set-Variable-Query"
        },
        "refresh": 2,
        "regex": "",
        "skipUrlSync": false,
        "sort": 5,
        "tagValuesQuery": "",
        "tagsQuery": "",
        "type": "query",
        "useTags": false
      },
      {
        "current": {
          "selected": false,
          "text": "All",
          "value": "$__all"
        },
        "datasource": "Metrics",
        "definition": "label_values(pg_stat_database_tup_fetched{service_name=~\"$service_name\",datname!~\"template.*|postgres\"},datname)",
        "hide": 2,
        "includeAll": true,
        "label": "Database",
        "multi": true,
        "name": "database",
        "options": [],
        "query": {
          "query": "label_values(pg_stat_database_tup_fetched{service_name=~\"$service_name\",datname!~\"template.*|postgres\"},datname)",
          "refId": "Metrics-database-Variable-Query"
        },
        "refresh": 1,
        "regex": "",
        "skipUrlSync": false,
        "sort": 5,
        "tagValuesQuery": "",
        "tagsQuery": "",
        "type": "query",
        "useTags": false
      },
      {
        "current": {
          "selected": false,
          "text": "All",
          "value": "$__all"
        },
        "datasource": "Metrics",
        "definition": "label_values({__name__=~\"pg_up|mysql_up|mongodb_up|proxysql_mysql_status_active_transactions\"}, service_type)",
        "hide": 2,
        "includeAll": true,
        "label": "Type",
        "multi": true,
        "name": "service_type",
        "options": [],
        "query": {
          "query": "label_values({__name__=~\"pg_up|mysql_up|mongodb_up|proxysql_mysql_status_active_transactions\"}, service_type)",
          "refId": "Metrics-service_type-Variable-Query"
        },
        "refresh": 1,
        "regex": "",
        "skipUrlSync": false,
        "sort": 5,
        "tagValuesQuery": "",
        "tagsQuery": "",
        "type": "query",
        "useTags": false
      },
      {
        "current": {
          "selected": false,
          "text": "All",
          "value": "$__all"
        },
        "datasource": "Metrics",
        "definition": "label_values(mysql_info_schema_user_statistics_connected_time_seconds_total{service_name=\"$service_name\"},user)",
        "hide": 2,
        "includeAll": true,
        "label": "Username",
        "multi": true,
        "name": "username",
        "options": [],
        "query": {
          "query": "label_values(mysql_info_schema_user_statistics_connected_time_seconds_total{service_name=\"$service_name\"},user)",
          "refId": "Metrics-username-Variable-Query"
        },
        "refresh": 1,
        "regex": "",
        "skipUrlSync": false,
        "sort": 5,
        "tagValuesQuery": "",
        "tagsQuery": "",
        "type": "query",
        "useTags": false
      },
      {
        "current": {
          "selected": false,
          "text": "All",
          "value": "$__all"
        },
        "datasource": "Metrics",
        "definition": "label_values({__name__=~\"pg_up|mysql_up|mongodb_up|proxysql_mysql_status_active_transactions\"}, schema)",
        "hide": 2,
        "includeAll": true,
        "label": "Schema",
        "multi": true,
        "name": "schema",
        "options": [],
        "query": {
          "query": "label_values({__name__=~\"pg_up|mysql_up|mongodb_up|proxysql_mysql_status_active_transactions\"}, schema)",
          "refId": "Metrics-schema-Variable-Query"
        },
        "refresh": 1,
        "regex": "",
        "skipUrlSync": false,
        "sort": 5,
        "tagValuesQuery": "",
        "tagsQuery": "",
        "type": "query",
        "useTags": false
      }
    ]
  },
  "time": {
    "from": "now-12h",
    "to": "now"
  },
  "timepicker": {
    "collapse": false,
    "enable": true,
    "hidden": false,
    "notice": false,
    "now": true,
    "refresh_intervals": [
      "5s",
      "10s",
      "30s",
      "1m",
      "5m",
      "15m",
      "30m",
      "1h",
      "2h",
      "1d"
    ],
    "status": "Stable",
    "time_options": [
      "5m",
      "15m",
      "1h",
      "6h",
      "12h",
      "24h",
      "2d",
      "7d",
      "30d"
    ],
    "type": "timepicker"
  },
  "timezone": "",
  "title": "CPU Utilization Details",
  "uid": "node-cpu",
  "version": 2,
  "weekStart": ""
}
