{
  "annotations": {
    "list": [
      {
        "builtIn": 1,
        "datasource": "-- Grafana --",
        "enable": true,
        "hide": false,
        "iconColor": "#e0752d",
        "limit": 100,
        "matchAny": true,
        "name": "PMM Annotations",
        "showIn": 0,
        "tags": [
          "pmm_annotation",
          "$node_name"
        ],
        "target": {
          "limit": 100,
          "matchAny": true,
          "tags": [
            "pmm_annotation",
            "$node_name"
          ],
          "type": "tags"
        },
        "type": "tags"
      },
      {
        "builtIn": 1,
        "datasource": "-- Grafana --",
        "enable": true,
        "hide": true,
        "iconColor": "#6ed0e0",
        "limit": 100,
        "name": "Annotations & Alerts",
        "showIn": 0,
        "tags": [],
        "target": {
          "limit": 100,
          "matchAny": false,
          "tags": [],
          "type": "dashboard"
        },
        "type": "dashboard"
      }
    ]
  },
  "description": "Network Overview",
  "editable": false,
  "fiscalYearStartMonth": 0,
  "gnetId": null,
  "graphTooltip": 1,
  "id": null,
  "iteration": 1656509543956,
  "links": [
    {
      "icon": "doc",
      "includeVars": true,
      "keepTime": true,
      "tags": [
        "Home"
      ],
      "targetBlank": false,
      "title": "Home",
      "type": "link",
      "url": "/graph/d/pmm-home/home-dashboard"
    },
    {
      "icon": "dashboard",
      "includeVars": true,
      "keepTime": true,
      "tags": [
        "Query Analytics"
      ],
      "targetBlank": false,
      "title": "Query Analytics",
      "type": "link",
      "url": "/graph/d/pmm-qan/pmm-query-analytics"
    },
    {
      "icon": "bolt",
      "includeVars": true,
      "keepTime": true,
      "tags": [
        "Compare"
      ],
      "targetBlank": false,
      "title": "Compare",
      "type": "link",
      "url": "/graph/d/node-instance-compare/nodes-compare"
    },
    {
      "asDropdown": true,
      "includeVars": true,
      "keepTime": true,
      "tags": [
        "OS"
      ],
      "targetBlank": false,
      "title": "OS",
      "type": "dashboards"
    },
    {
      "asDropdown": true,
      "includeVars": false,
      "keepTime": true,
      "tags": [
        "Services"
      ],
      "targetBlank": false,
      "title": "Services",
      "type": "dashboards"
    },
    {
      "asDropdown": true,
      "includeVars": false,
      "keepTime": true,
      "tags": [
        "PMM"
      ],
      "targetBlank": false,
      "title": "PMM",
      "type": "dashboards"
    }
  ],
  "liveNow": false,
  "panels": [
    {
      "collapsed": false,
      "gridPos": {
        "h": 1,
        "w": 24,
        "x": 0,
        "y": 0
      },
      "id": 51,
      "panels": [],
      "title": "Last Hour statistic",
      "type": "row"
    },
    {
      "fieldConfig": {
        "defaults": {
          "color": {
            "fixedColor": "rgb(31, 120, 193)",
            "mode": "fixed"
          },
          "decimals": 2,
          "mappings": [
            {
              "options": {
                "match": "null",
                "result": {
                  "text": "N/A"
                }
              },
              "type": "special"
            }
          ],
          "thresholds": {
            "mode": "absolute",
            "steps": [
              {
                "color": "green",
                "value": null
              },
              {
                "color": "red",
                "value": 80
              }
            ]
          },
          "unit": "Bps"
        },
        "overrides": []
      },
      "gridPos": {
        "h": 3,
        "w": 6,
        "x": 0,
        "y": 1
      },
      "id": 53,
      "links": [],
      "maxDataPoints": 100,
      "options": {
        "colorMode": "none",
        "graphMode": "area",
        "justifyMode": "auto",
        "orientation": "horizontal",
        "reduceOptions": {
          "calcs": [
            "mean"
          ],
          "fields": "",
          "values": false
        },
        "text": {
          "valueSize": 20
        },
        "textMode": "auto"
      },
      "pluginVersion": "8.3.5",
      "targets": [
        {
          "expr": "sum(rate(node_network_receive_bytes_total{device!=\"lo\",node_name=~\"$node_name\"}[1h])) or\nsum(rate(rdsosmetrics_network_rx{node_name=~\"$node_name\"}[1h]))",
          "format": "time_series",
          "interval": "$interval",
          "intervalFactor": 1,
          "legendFormat": "",
          "refId": "A"
        }
      ],
      "title": "Inbound Speed",
      "type": "stat"
    },
    {
      "fieldConfig": {
        "defaults": {
          "color": {
            "fixedColor": "rgb(31, 120, 193)",
            "mode": "fixed"
          },
          "decimals": 2,
          "mappings": [
            {
              "options": {
                "match": "null",
                "result": {
                  "text": "N/A"
                }
              },
              "type": "special"
            }
          ],
          "thresholds": {
            "mode": "absolute",
            "steps": [
              {
                "color": "green",
                "value": null
              },
              {
                "color": "red",
                "value": 80
              }
            ]
          },
          "unit": "Bps"
        },
        "overrides": []
      },
      "gridPos": {
        "h": 3,
        "w": 6,
        "x": 6,
        "y": 1
      },
      "id": 55,
      "links": [],
      "maxDataPoints": 100,
      "options": {
        "colorMode": "none",
        "graphMode": "area",
        "justifyMode": "auto",
        "orientation": "horizontal",
        "reduceOptions": {
          "calcs": [
            "mean"
          ],
          "fields": "",
          "values": false
        },
        "text": {
          "valueSize": 20
        },
        "textMode": "auto"
      },
      "pluginVersion": "8.3.5",
      "targets": [
        {
          "expr": "sum(rate(node_network_transmit_bytes_total{device!=\"lo\",node_name=~\"$node_name\"}[1h])) or\nsum(rate(rdsosmetrics_network_tx{node_name=~\"$node_name\"}[1h]))",
          "format": "time_series",
          "interval": "$interval",
          "intervalFactor": 1,
          "refId": "A"
        }
      ],
      "title": "Outbound Speed",
      "type": "stat"
    },
    {
      "fieldConfig": {
        "defaults": {
          "color": {
            "mode": "thresholds"
          },
          "mappings": [
            {
              "options": {
                "match": "null",
                "result": {
                  "text": "N/A"
                }
              },
              "type": "special"
            }
          ],
          "thresholds": {
            "mode": "absolute",
            "steps": [
              {
                "color": "#299c46",
                "value": null
              },
              {
                "color": "rgba(237, 129, 40, 0.89)",
                "value": 0.9
              },
              {
                "color": "#d44a3a",
                "value": 10
              }
            ]
          },
          "unit": "short"
        },
        "overrides": []
      },
      "gridPos": {
        "h": 3,
        "w": 6,
        "x": 12,
        "y": 1
      },
      "id": 57,
      "links": [],
      "maxDataPoints": 100,
      "options": {
        "colorMode": "none",
        "graphMode": "area",
        "justifyMode": "auto",
        "orientation": "horizontal",
        "reduceOptions": {
          "calcs": [
            "lastNotNull"
          ],
          "fields": "",
          "values": false
        },
        "text": {
          "valueSize": 20
        },
        "textMode": "auto"
      },
      "pluginVersion": "8.3.5",
      "targets": [
        {
          "expr": "sum(increase(node_network_receive_errs_total{node_name=~\"$node_name\", device!=\"lo\"}[1h])) +\nsum(increase(node_network_transmit_errs_total{node_name=~\"$node_name\", device!=\"lo\"}[1h])) +\nsum(increase(node_network_receive_drop_total{node_name=~\"$node_name\", device!=\"lo\"}[1h])) +\nsum(increase(node_network_transmit_drop_total{node_name=~\"$node_name\", device!=\"lo\"}[1h]))",
          "format": "time_series",
          "interval": "$interval",
          "intervalFactor": 1,
          "legendFormat": "",
          "refId": "A"
        }
      ],
      "title": "Traffic Errors and Drops",
      "type": "stat"
    },
    {
      "fieldConfig": {
        "defaults": {
          "color": {
            "mode": "thresholds"
          },
          "mappings": [
            {
              "options": {
                "match": "null",
                "result": {
                  "text": "N/A"
                }
              },
              "type": "special"
            }
          ],
          "thresholds": {
            "mode": "absolute",
            "steps": [
              {
                "color": "#299c46",
                "value": null
              },
              {
                "color": "rgba(237, 129, 40, 0.89)",
                "value": 0.1
              },
              {
                "color": "#d44a3a",
                "value": 10
              }
            ]
          },
          "unit": "percent"
        },
        "overrides": []
      },
      "gridPos": {
        "h": 3,
        "w": 6,
        "x": 18,
        "y": 1
      },
      "id": 59,
      "links": [],
      "maxDataPoints": 100,
      "options": {
        "colorMode": "none",
        "graphMode": "area",
        "justifyMode": "auto",
        "orientation": "horizontal",
        "reduceOptions": {
          "calcs": [
            "lastNotNull"
          ],
          "fields": "",
          "values": false
        },
        "text": {
          "valueSize": 20
        },
        "textMode": "auto"
      },
      "pluginVersion": "8.3.5",
      "targets": [
        {
          "expr": "avg by (node_name) (rate(node_netstat_Tcp_RetransSegs{node_name=~\"$node_name\"}[1h]) * 100 / (rate(node_netstat_Tcp_OutSegs{node_name=~\"$node_name\"}[1h]) + rate(node_netstat_Tcp_InSegs{node_name=~\"$node_name\"}[1h])))",
          "format": "time_series",
          "hide": false,
          "interval": "$interval",
          "intervalFactor": 1,
          "legendFormat": "",
          "refId": "A"
        }
      ],
      "title": "Retransmit rate",
      "type": "stat"
    },
    {
      "collapsed": false,
      "gridPos": {
        "h": 1,
        "w": 24,
        "x": 0,
        "y": 4
      },
      "id": 45,
      "panels": [],
      "title": "Network Traffic",
      "type": "row"
    },
    {
      "aliasColors": {},
      "bars": false,
      "dashLength": 10,
      "dashes": false,
      "decimals": 2,
      "editable": true,
      "error": false,
      "fieldConfig": {
        "defaults": {
          "links": []
        },
        "overrides": []
      },
      "fill": 2,
      "fillGradient": 0,
      "grid": {},
      "gridPos": {
        "h": 7,
        "w": 12,
        "x": 0,
        "y": 5
      },
      "hiddenSeries": false,
      "id": 12,
      "legend": {
        "alignAsTable": true,
        "avg": true,
        "current": false,
        "max": true,
        "min": true,
        "show": true,
        "sort": "avg",
        "sortDesc": true,
        "total": false,
        "values": true
      },
      "lines": true,
      "linewidth": 2,
      "links": [],
      "nullPointMode": "connected",
      "options": {
        "alertThreshold": true
      },
      "paceLength": 10,
      "percentage": false,
      "pluginVersion": "8.3.5",
      "pointradius": 5,
      "points": false,
      "renderer": "flot",
      "seriesOverrides": [
        {
          "alias": "Outbound",
          "transform": "negative-Y"
        }
      ],
      "spaceLength": 10,
      "stack": false,
      "steppedLine": false,
      "targets": [
        {
          "expr": "sum(rate(node_network_receive_bytes_total{node_name=~\"$node_name\", device!=\"lo\"}[$interval])) or \nsum(irate(node_network_receive_bytes_total{node_name=~\"$node_name\", device!=\"lo\"}[5m])) or \nsum(max_over_time(rdsosmetrics_network_rx{node_name=~\"$node_name\"}[$interval])) or \nsum(max_over_time(rdsosmetrics_network_rx{node_name=~\"$node_name\"}[5m])) ",
          "format": "time_series",
          "interval": "$interval",
          "intervalFactor": 1,
          "legendFormat": "Inbound",
          "refId": "C"
        },
        {
          "expr": "sum(rate(node_network_transmit_bytes_total{node_name=~\"$node_name\", device!=\"lo\"}[$interval])) or \nsum(irate(node_network_transmit_bytes_total{node_name=~\"$node_name\", device!=\"lo\"}[5m])) or\nsum(max_over_time(rdsosmetrics_network_tx{node_name=~\"$node_name\"}[$interval])) or \nsum(max_over_time(rdsosmetrics_network_tx{node_name=~\"$node_name\"}[5m]))",
          "format": "time_series",
          "hide": false,
          "interval": "$interval",
          "intervalFactor": 1,
          "legendFormat": "Outbound",
          "refId": "A"
        }
      ],
      "thresholds": [],
      "timeRegions": [],
      "title": "Network Traffic",
      "tooltip": {
        "msResolution": false,
        "shared": true,
        "sort": 5,
        "value_type": "cumulative"
      },
      "type": "graph",
      "xaxis": {
        "mode": "time",
        "show": true,
        "values": []
      },
      "yaxes": [
        {
          "decimals": 2,
          "format": "bytes",
          "label": "bits out (-) / bits in (+)",
          "logBase": 1,
          "show": true
        },
        {
          "format": "short",
          "logBase": 1,
          "show": false
        }
      ],
      "yaxis": {
        "align": false
      }
    },
    {
      "aliasColors": {},
      "bars": true,
      "dashLength": 10,
      "dashes": false,
      "decimals": 2,
      "editable": true,
      "error": false,
      "fieldConfig": {
        "defaults": {
          "links": []
        },
        "overrides": []
      },
      "fill": 1,
      "fillGradient": 0,
      "grid": {},
      "gridPos": {
        "h": 7,
        "w": 12,
        "x": 12,
        "y": 5
      },
      "hiddenSeries": false,
      "id": 24,
      "legend": {
        "alignAsTable": true,
        "avg": true,
        "current": false,
        "max": true,
        "min": true,
        "show": true,
        "sort": "avg",
        "sortDesc": true,
        "total": false,
        "values": true
      },
      "lines": false,
      "linewidth": 2,
      "links": [],
      "nullPointMode": "connected",
      "options": {
        "alertThreshold": true
      },
      "paceLength": 10,
      "percentage": false,
      "pluginVersion": "8.3.5",
      "pointradius": 5,
      "points": false,
      "renderer": "flot",
      "seriesOverrides": [],
      "spaceLength": 10,
      "stack": true,
      "steppedLine": false,
      "targets": [
        {
          "expr": "sum(increase(node_network_receive_bytes_total{node_name=~\"$node_name\", device!=\"lo\"}[1h])) or \nsum(increase(rdsosmetrics_network_rx{node_name=~\"$node_name\"}[1h]))",
          "format": "time_series",
          "interval": "1h",
          "intervalFactor": 1,
          "legendFormat": "Inbound",
          "metric": "node_nf_conntrack_entries_limit",
          "refId": "A",
          "step": 40,
          "target": ""
        },
        {
          "expr": "sum(increase(node_network_transmit_bytes_total{node_name=~\"$node_name\", device!=\"lo\"}[1h]))  or \nsum(increase(rdsosmetrics_network_tx{node_name=~\"$node_name\"}[1h]))",
          "format": "time_series",
          "interval": "1h",
          "intervalFactor": 1,
          "legendFormat": "Outbound",
          "metric": "node_nf_conntrack_entries_limit",
          "refId": "B",
          "step": 40
        }
      ],
      "thresholds": [],
      "timeFrom": "24h",
      "timeRegions": [],
      "title": "Network Utilization Hourly",
      "tooltip": {
        "msResolution": false,
        "shared": true,
        "sort": 5,
        "value_type": "cumulative"
      },
      "type": "graph",
      "xaxis": {
        "mode": "time",
        "show": true,
        "values": []
      },
      "yaxes": [
        {
          "decimals": 2,
          "format": "bytes",
          "logBase": 1,
          "show": true
        },
        {
          "format": "short",
          "logBase": 1,
          "show": false
        }
      ],
      "yaxis": {
        "align": false
      }
    },
    {
      "collapsed": false,
      "gridPos": {
        "h": 1,
        "w": 24,
        "x": 0,
        "y": 12
      },
      "id": 46,
      "panels": [],
      "title": "Network traffic details",
      "type": "row"
    },
    {
      "aliasColors": {},
      "bars": false,
      "dashLength": 10,
      "dashes": false,
      "decimals": 2,
      "fieldConfig": {
        "defaults": {
          "links": []
        },
        "overrides": []
      },
      "fill": 2,
      "fillGradient": 0,
      "gridPos": {
        "h": 7,
        "w": 24,
        "x": 0,
        "y": 13
      },
      "hiddenSeries": false,
      "id": 28,
      "legend": {
        "alignAsTable": true,
        "avg": true,
        "current": false,
        "max": true,
        "min": true,
        "rightSide": true,
        "show": true,
        "sort": "avg",
        "sortDesc": true,
        "total": false,
        "values": true
      },
      "lines": true,
      "linewidth": 2,
      "links": [],
      "maxPerRow": 1,
      "nullPointMode": "null",
      "options": {
        "alertThreshold": true
      },
      "paceLength": 10,
      "percentage": false,
      "pluginVersion": "8.3.5",
      "pointradius": 5,
      "points": false,
      "renderer": "flot",
      "seriesOverrides": [
        {
          "alias": "/.*Trans.*/",
          "transform": "negative-Y"
        }
      ],
      "spaceLength": 10,
      "stack": false,
      "steppedLine": false,
      "targets": [
        {
          "expr": "avg by (node_name,device) (rate(node_network_receive_packets_total{node_name=~\"$node_name\", device!=\"lo\"}[$interval]) or \nirate(node_network_receive_packets_total{node_name=~\"$node_name\", device!=\"lo\"}[5m]))",
          "format": "time_series",
          "interval": "$interval",
          "intervalFactor": 1,
          "legendFormat": "{{device}} - Receive",
          "refId": "A"
        },
        {
          "expr": "avg by (node_name,device) (rate(node_network_transmit_packets_total{node_name=~\"$node_name\", device!=\"lo\"}[$interval]) or \nirate(node_network_transmit_packets_total{node_name=~\"$node_name\", device!=\"lo\"}[5m]))",
          "format": "time_series",
          "interval": "$interval",
          "intervalFactor": 1,
          "legendFormat": "{{device}} - Transmit",
          "refId": "B"
        }
      ],
      "thresholds": [],
      "timeRegions": [],
      "title": "Network Traffic by Packets",
      "tooltip": {
        "shared": true,
        "sort": 5,
        "value_type": "individual"
      },
      "type": "graph",
      "xaxis": {
        "mode": "time",
        "show": true,
        "values": []
      },
      "yaxes": [
        {
          "decimals": 2,
          "format": "pps",
          "logBase": 1,
          "show": true
        },
        {
          "format": "short",
          "logBase": 1,
          "show": false
        }
      ],
      "yaxis": {
        "align": false
      }
    },
    {
      "aliasColors": {},
      "bars": false,
      "dashLength": 10,
      "dashes": false,
      "decimals": 2,
      "fieldConfig": {
        "defaults": {
          "links": []
        },
        "overrides": []
      },
      "fill": 2,
      "fillGradient": 0,
      "gridPos": {
        "h": 7,
        "w": 12,
        "x": 0,
        "y": 20
      },
      "hiddenSeries": false,
      "id": 29,
      "legend": {
        "alignAsTable": true,
        "avg": true,
        "current": false,
        "max": true,
        "min": true,
        "rightSide": false,
        "show": true,
        "sort": "avg",
        "sortDesc": true,
        "total": false,
        "values": true
      },
      "lines": true,
      "linewidth": 2,
      "links": [],
      "maxPerRow": 2,
      "nullPointMode": "null",
      "options": {
        "alertThreshold": true
      },
      "paceLength": 10,
      "percentage": false,
      "pluginVersion": "8.3.5",
      "pointradius": 5,
      "points": false,
      "renderer": "flot",
      "seriesOverrides": [],
      "spaceLength": 10,
      "stack": false,
      "steppedLine": false,
      "targets": [
        {
          "expr": "avg by (node_name,device) (rate(node_network_receive_errs_total{node_name=~\"$node_name\", device!=\"lo\"}[$interval]) or \nirate(node_network_receive_errs_total{node_name=~\"$node_name\", device!=\"lo\"}[5m]))",
          "format": "time_series",
          "interval": "$interval",
          "intervalFactor": 1,
          "legendFormat": "{{device}} - Receive errors",
          "refId": "A"
        },
        {
          "expr": "avg by (node_name,device) (rate(node_network_transmit_errs_total{node_name=~\"$node_name\", device!=\"lo\"}[$interval]) or\nirate(node_network_transmit_errs_total{node_name=~\"$node_name\", device!=\"lo\"}[5m]))",
          "format": "time_series",
          "interval": "$interval",
          "intervalFactor": 1,
          "legendFormat": "{{device}} - Transmit errors",
          "refId": "B"
        }
      ],
      "thresholds": [],
      "timeRegions": [],
      "title": "Network Traffic Errors",
      "tooltip": {
        "shared": true,
        "sort": 5,
        "value_type": "individual"
      },
      "type": "graph",
      "xaxis": {
        "mode": "time",
        "show": true,
        "values": []
      },
      "yaxes": [
        {
          "decimals": 2,
          "format": "short",
          "logBase": 1,
          "min": "0",
          "show": true
        },
        {
          "format": "short",
          "logBase": 1,
          "show": false
        }
      ],
      "yaxis": {
        "align": false
      }
    },
    {
      "aliasColors": {},
      "bars": false,
      "dashLength": 10,
      "dashes": false,
      "decimals": 2,
      "fieldConfig": {
        "defaults": {
          "links": []
        },
        "overrides": []
      },
      "fill": 1,
      "fillGradient": 0,
      "gridPos": {
        "h": 7,
        "w": 12,
        "x": 12,
        "y": 20
      },
      "hiddenSeries": false,
      "id": 30,
      "legend": {
        "alignAsTable": true,
        "avg": true,
        "current": false,
        "max": true,
        "min": true,
        "rightSide": false,
        "show": true,
        "sort": "avg",
        "sortDesc": true,
        "total": false,
        "values": true
      },
      "lines": true,
      "linewidth": 1,
      "links": [],
      "maxPerRow": 2,
      "nullPointMode": "null",
      "options": {
        "alertThreshold": true
      },
      "paceLength": 10,
      "percentage": false,
      "pluginVersion": "8.3.5",
      "pointradius": 5,
      "points": false,
      "renderer": "flot",
      "seriesOverrides": [],
      "spaceLength": 10,
      "stack": false,
      "steppedLine": false,
      "targets": [
        {
          "expr": "avg by (node_name,device) (rate(node_network_receive_drop_total{node_name=~\"$node_name\", device!=\"lo\"}[$interval]) or\nirate(node_network_receive_drop_total{node_name=~\"$node_name\", device!=\"lo\"}[5m]))",
          "format": "time_series",
          "interval": "$interval",
          "intervalFactor": 1,
          "legendFormat": "{{device}} - Receive drop",
          "refId": "A"
        },
        {
          "expr": "avg by (node_name,device) (rate(node_network_transmit_drop_total{node_name=~\"$node_name\", device!=\"lo\"}[$interval]) or \nirate(node_network_transmit_drop_total{node_name=~\"$node_name\", device!=\"lo\"}[5m]))",
          "format": "time_series",
          "interval": "$interval",
          "intervalFactor": 1,
          "legendFormat": "{{device}} - Transmit drop",
          "refId": "B"
        }
      ],
      "thresholds": [],
      "timeRegions": [],
      "title": "Network Traffic Drop",
      "tooltip": {
        "shared": true,
        "sort": 5,
        "value_type": "individual"
      },
      "type": "graph",
      "xaxis": {
        "mode": "time",
        "show": true,
        "values": []
      },
      "yaxes": [
        {
          "decimals": 2,
          "format": "short",
          "logBase": 1,
          "min": "0",
          "show": true
        },
        {
          "format": "short",
          "logBase": 1,
          "show": false
        }
      ],
      "yaxis": {
        "align": false
      }
    },
    {
      "aliasColors": {},
      "bars": false,
      "dashLength": 10,
      "dashes": false,
      "decimals": 2,
      "fieldConfig": {
        "defaults": {
          "links": []
        },
        "overrides": []
      },
      "fill": 2,
      "fillGradient": 0,
      "gridPos": {
        "h": 7,
        "w": 24,
        "x": 0,
        "y": 27
      },
      "hiddenSeries": false,
      "id": 32,
      "legend": {
        "alignAsTable": true,
        "avg": true,
        "current": false,
        "max": true,
        "min": true,
        "rightSide": true,
        "show": true,
        "sort": "avg",
        "sortDesc": true,
        "total": false,
        "values": true
      },
      "lines": true,
      "linewidth": 2,
      "links": [],
      "maxPerRow": 1,
      "nullPointMode": "null",
      "options": {
        "alertThreshold": true
      },
      "paceLength": 10,
      "percentage": false,
      "pluginVersion": "8.3.5",
      "pointradius": 5,
      "points": false,
      "renderer": "flot",
      "seriesOverrides": [],
      "spaceLength": 10,
      "stack": false,
      "steppedLine": false,
      "targets": [
        {
          "expr": "avg by (node_name,device) (rate(node_network_receive_multicast_total{node_name=~\"$node_name\", device!=\"lo\"}[$interval]) or\nirate(node_network_receive_multicast_total{node_name=~\"$node_name\", device!=\"lo\"}[5m]))",
          "format": "time_series",
          "interval": "$interval",
          "intervalFactor": 1,
          "legendFormat": "{{device}} - Receive multicast",
          "refId": "A"
        },
        {
          "expr": "avg by (node_name,device) (rate(node_network_transmit_multicast_total{node_name=~\"$node_name\", device!=\"lo\"}[$interval]) or\nirate(node_network_transmit_multicast_total{node_name=~\"$node_name\", device!=\"lo\"}[5m]))",
          "format": "time_series",
          "interval": "$interval",
          "intervalFactor": 1,
          "legendFormat": "{{device}} - Transmit multicast",
          "refId": "B"
        }
      ],
      "thresholds": [],
      "timeRegions": [],
      "title": "Network Traffic Multicast",
      "tooltip": {
        "shared": true,
        "sort": 5,
        "value_type": "individual"
      },
      "type": "graph",
      "xaxis": {
        "mode": "time",
        "show": true,
        "values": []
      },
      "yaxes": [
        {
          "decimals": 2,
          "format": "pps",
          "logBase": 1,
          "min": "0",
          "show": true
        },
        {
          "format": "short",
          "logBase": 1,
          "show": false
        }
      ],
      "yaxis": {
        "align": false
      }
    },
    {
      "collapsed": false,
      "gridPos": {
        "h": 1,
        "w": 24,
        "x": 0,
        "y": 34
      },
      "id": 47,
      "panels": [],
      "title": "Network Netstat TCP",
      "type": "row"
    },
    {
      "description": "The algorithm used to determine the timeout value used for retransmitting unacknowledged octets.\n\nother  - none of the following\n\nconstant - a constant rto\n\nrsre - MIL-STD-1778, Appendix B\n\nvanj - Van Jacobson's algorithm\n\nrfc2988  - RFC 2988",
      "fieldConfig": {
        "defaults": {
          "color": {
            "mode": "thresholds"
          },
          "mappings": [
            {
              "options": {
                "1": {
                  "text": "Other"
                },
                "2": {
                  "text": "Constant"
                },
                "3": {
                  "text": "Rsre"
                },
                "4": {
                  "text": "Vanj"
                },
                "5": {
                  "text": "RFC 2988"
                }
              },
              "type": "value"
            },
            {
              "options": {
                "match": "null",
                "result": {
                  "text": "N/A"
                }
              },
              "type": "special"
            }
          ],
          "thresholds": {
            "mode": "absolute",
            "steps": [
              {
                "color": "green",
                "value": null
              },
              {
                "color": "red",
                "value": 80
              }
            ]
          },
          "unit": "none"
        },
        "overrides": []
      },
      "gridPos": {
        "h": 2,
        "w": 8,
        "x": 0,
        "y": 35
      },
      "id": 36,
      "links": [],
      "maxDataPoints": 100,
      "options": {
        "colorMode": "none",
        "graphMode": "none",
        "justifyMode": "auto",
        "orientation": "horizontal",
        "reduceOptions": {
          "calcs": [
            "lastNotNull"
          ],
          "fields": "",
          "values": false
        },
        "textMode": "auto"
      },
      "pluginVersion": "8.3.5",
      "targets": [
        {
          "expr": "avg by (node_name) (node_netstat_Tcp_RtoAlgorithm{node_name=~\"$node_name\"})",
          "format": "time_series",
          "interval": "$interval",
          "intervalFactor": 1,
          "refId": "A"
        }
      ],
      "title": "The algorithm used to determine the timeout value",
      "type": "stat"
    },
    {
      "description": "The minimum value permitted by a TCP implementation for  the retransmission timeout, measured in milliseconds.\nMore refined semantics for objects of this type depend on the algorithm used to determine the retransmission timeout; in particular, the IETF standard algorithm rfc2988(5) provides a minimum value.\"",
      "fieldConfig": {
        "defaults": {
          "color": {
            "mode": "thresholds"
          },
          "mappings": [
            {
              "options": {
                "match": "null",
                "result": {
                  "text": "N/A"
                }
              },
              "type": "special"
            }
          ],
          "thresholds": {
            "mode": "absolute",
            "steps": [
              {
                "color": "green",
                "value": null
              },
              {
                "color": "red",
                "value": 80
              }
            ]
          },
          "unit": "ms"
        },
        "overrides": []
      },
      "gridPos": {
        "h": 2,
        "w": 8,
        "x": 8,
        "y": 35
      },
      "id": 38,
      "links": [],
      "maxDataPoints": 100,
      "options": {
        "colorMode": "none",
        "graphMode": "none",
        "justifyMode": "auto",
        "orientation": "horizontal",
        "reduceOptions": {
          "calcs": [
            "min"
          ],
          "fields": "",
          "values": false
        },
        "textMode": "auto"
      },
      "pluginVersion": "8.3.5",
      "targets": [
        {
          "expr": "avg by (node_name) (min_over_time(node_netstat_Tcp_RtoMin{node_name=~\"$node_name\"}[$interval]))",
          "format": "time_series",
          "interval": "$interval",
          "intervalFactor": 1,
          "refId": "A"
        }
      ],
      "title": "Min TCP Retransmission timeout",
      "type": "stat"
    },
    {
      "description": "The maximum value permitted by a TCP implementation for the retransmission timeout, measured in milliseconds.\nMore refined semantics for objects of this type depend on the algorithm used to determine the retransmission timeout; in particular, the IETF standard algorithm rfc2988(5) provides an upper bound (as part of an adaptive backoff algorithm).\"",
      "fieldConfig": {
        "defaults": {
          "color": {
            "mode": "thresholds"
          },
          "decimals": 2,
          "mappings": [
            {
              "options": {
                "match": "null",
                "result": {
                  "text": "N/A"
                }
              },
              "type": "special"
            }
          ],
          "thresholds": {
            "mode": "absolute",
            "steps": [
              {
                "color": "green",
                "value": null
              },
              {
                "color": "red",
                "value": 80
              }
            ]
          },
          "unit": "ms"
        },
        "overrides": []
      },
      "gridPos": {
        "h": 2,
        "w": 8,
        "x": 16,
        "y": 35
      },
      "id": 37,
      "links": [],
      "maxDataPoints": 100,
      "options": {
        "colorMode": "none",
        "graphMode": "none",
        "justifyMode": "auto",
        "orientation": "horizontal",
        "reduceOptions": {
          "calcs": [
            "lastNotNull"
          ],
          "fields": "",
          "values": false
        },
        "textMode": "auto"
      },
      "pluginVersion": "8.3.5",
      "targets": [
        {
          "expr": "avg by (node_name) (max_over_time(node_netstat_Tcp_RtoMax{node_name=~\"$node_name\"}[$interval]))",
          "format": "time_series",
          "interval": "$interval",
          "intervalFactor": 1,
          "refId": "A"
        }
      ],
      "title": "Max TCP Retransmission timeout",
      "type": "stat"
    },
    {
      "aliasColors": {},
      "bars": false,
      "dashLength": 10,
      "dashes": false,
      "decimals": 2,
      "editable": true,
      "error": false,
      "fieldConfig": {
        "defaults": {
          "links": []
        },
        "overrides": []
      },
      "fill": 2,
      "fillGradient": 0,
      "grid": {},
      "gridPos": {
        "h": 7,
        "w": 24,
        "x": 0,
        "y": 37
      },
      "hiddenSeries": false,
      "id": 21,
      "legend": {
        "alignAsTable": true,
        "avg": true,
        "current": false,
        "max": true,
        "min": true,
        "rightSide": true,
        "show": true,
        "sort": "avg",
        "sortDesc": true,
        "total": false,
        "values": true
      },
      "lines": true,
      "linewidth": 2,
      "links": [],
      "maxPerRow": 1,
      "nullPointMode": "connected",
      "options": {
        "alertThreshold": true
      },
      "paceLength": 10,
      "percentage": false,
      "pluginVersion": "8.3.5",
      "pointradius": 5,
      "points": false,
      "renderer": "flot",
      "seriesOverrides": [],
      "spaceLength": 10,
      "stack": false,
      "steppedLine": false,
      "targets": [
        {
          "expr": "max_over_time(node_netstat_Tcp_CurrEstab{node_name=~\"$node_name\"}[$interval]) or\nmax_over_time(node_netstat_Tcp_CurrEstab{node_name=~\"$node_name\"}[5m])",
          "format": "time_series",
          "interval": "$interval",
          "intervalFactor": 1,
          "legendFormat": "established",
          "metric": "node_netstat_Tcp_CurrEstab",
          "refId": "A",
          "step": 40,
          "target": ""
        },
        {
          "expr": "max_over_time(node_netstat_Tcp_ActiveOpens{node_name=~\"$node_name\"}[$interval]) or\nmax_over_time(node_netstat_Tcp_ActiveOpens{node_name=~\"$node_name\"}[5m])",
          "format": "time_series",
          "interval": "$interval",
          "intervalFactor": 1,
          "legendFormat": "activeOpens",
          "metric": "node_netstat_Tcp_ActiveOpens",
          "refId": "B",
          "step": 40
        },
        {
          "expr": "max_over_time(node_netstat_Tcp_PassiveOpens{node_name=~\"$node_name\"}[$interval]) or\nmax_over_time(node_netstat_Tcp_PassiveOpens{node_name=~\"$node_name\"}[5m])",
          "format": "time_series",
          "interval": "$interval",
          "intervalFactor": 1,
          "legendFormat": "passiveOpens",
          "metric": "node_netstat_Tcp_PassiveOpens",
          "refId": "C",
          "step": 40
        },
        {
          "expr": "max_over_time(node_netstat_Tcp_EstabResets{node_name=~\"$node_name\"}[$interval]) or\nmax_over_time(node_netstat_Tcp_EstabResets{node_name=~\"$node_name\"}[5m])",
          "format": "time_series",
          "interval": "$interval",
          "intervalFactor": 1,
          "legendFormat": "estabResets",
          "metric": "node_netstat_Tcp_EstabResets",
          "refId": "D",
          "step": 40
        },
        {
          "expr": "max_over_time(node_netstat_Tcp_AttemptFails{node_name=~\"$node_name\"}[$interval]) or\nmax_over_time(node_netstat_Tcp_AttemptFails{node_name=~\"$node_name\"}[5m])",
          "format": "time_series",
          "interval": "$interval",
          "intervalFactor": 1,
          "legendFormat": "attemptfails",
          "metric": "node_netstat_Tcp_AttemptFails",
          "refId": "E",
          "step": 40
        },
        {
          "expr": "max_over_time(node_netstat_Tcp_RetransSegs{node_name=~\"$node_name\"}[$interval]) or\nmax_over_time(node_netstat_Tcp_RetransSegs{node_name=~\"$node_name\"}[5m])",
          "format": "time_series",
          "interval": "$interval",
          "intervalFactor": 1,
          "legendFormat": "retransSegs",
          "metric": "node_netstat_Tcp_RetransSegs",
          "refId": "F",
          "step": 40
        }
      ],
      "thresholds": [],
      "timeRegions": [],
      "title": "Netstat: TCP",
      "tooltip": {
        "msResolution": false,
        "shared": true,
        "sort": 5,
        "value_type": "cumulative"
      },
      "type": "graph",
      "xaxis": {
        "mode": "time",
        "show": true,
        "values": []
      },
      "yaxes": [
        {
          "decimals": 2,
          "format": "short",
          "logBase": 1,
          "show": true
        },
        {
          "format": "short",
          "logBase": 1,
          "show": true
        }
      ],
      "yaxis": {
        "align": false
      }
    },
    {
      "aliasColors": {},
      "bars": false,
      "dashLength": 10,
      "dashes": false,
      "decimals": 2,
      "fieldConfig": {
        "defaults": {
          "links": []
        },
        "overrides": []
      },
      "fill": 2,
      "fillGradient": 0,
      "gridPos": {
        "h": 7,
        "w": 24,
        "x": 0,
        "y": 44
      },
      "hiddenSeries": false,
      "id": 35,
      "legend": {
        "alignAsTable": true,
        "avg": true,
        "current": false,
        "max": true,
        "min": true,
        "rightSide": true,
        "show": true,
        "sort": "avg",
        "sortDesc": true,
        "total": false,
        "values": true
      },
      "lines": true,
      "linewidth": 2,
      "links": [],
      "maxPerRow": 1,
      "nullPointMode": "null",
      "options": {
        "alertThreshold": true
      },
      "paceLength": 10,
      "percentage": false,
      "pluginVersion": "8.3.5",
      "pointradius": 5,
      "points": false,
      "renderer": "flot",
      "seriesOverrides": [
        {
          "alias": "/.*Out.*/",
          "transform": "negative-Y"
        }
      ],
      "spaceLength": 10,
      "stack": false,
      "steppedLine": false,
      "targets": [
        {
          "expr": "rate(node_netstat_Tcp_InCsumErrors{node_name=~\"$node_name\"}[$interval]) or irate(node_netstat_Tcp_InCsumErrors{node_name=~\"$node_name\"}[5m])",
          "format": "time_series",
          "interval": "$interval",
          "intervalFactor": 1,
          "legendFormat": "InCsumErrors",
          "refId": "A"
        },
        {
          "expr": "rate(node_netstat_Tcp_InErrs{node_name=~\"$node_name\"}[$interval]) or irate(node_netstat_Tcp_InErrs{node_name=~\"$node_name\"}[5m])",
          "format": "time_series",
          "interval": "$interval",
          "intervalFactor": 1,
          "legendFormat": "InErrs ",
          "refId": "B"
        },
        {
          "expr": "rate(node_netstat_Tcp_InSegs{node_name=~\"$node_name\"}[$interval]) or irate(node_netstat_Tcp_InSegs{node_name=~\"$node_name\"}[5m])",
          "format": "time_series",
          "interval": "$interval",
          "intervalFactor": 1,
          "legendFormat": "InSegs",
          "refId": "C"
        },
        {
          "expr": "rate(node_netstat_Tcp_OutRsts{node_name=~\"$node_name\"}[$interval]) or irate(node_netstat_Tcp_OutRsts{node_name=~\"$node_name\"}[5m])",
          "format": "time_series",
          "interval": "$interval",
          "intervalFactor": 1,
          "legendFormat": "OutRsts",
          "refId": "D"
        },
        {
          "expr": "rate(node_netstat_Tcp_OutSegs{node_name=~\"$node_name\"}[$interval]) or irate(node_netstat_Tcp_OutSegs{node_name=~\"$node_name\"}[5m])",
          "format": "time_series",
          "interval": "$interval",
          "intervalFactor": 1,
          "legendFormat": "OutSegs",
          "refId": "E"
        },
        {
          "expr": "rate(node_netstat_Tcp_RetransSegs{node_name=~\"$node_name\"}[$interval]) or irate(node_netstat_Tcp_RetransSegs{node_name=~\"$node_name\"}[5m])",
          "format": "time_series",
          "interval": "$interval",
          "intervalFactor": 1,
          "legendFormat": "RetransSegs",
          "refId": "F"
        }
      ],
      "thresholds": [],
      "timeRegions": [],
      "title": "TCP Segments",
      "tooltip": {
        "shared": true,
        "sort": 5,
        "value_type": "individual"
      },
      "type": "graph",
      "xaxis": {
        "mode": "time",
        "show": true,
        "values": []
      },
      "yaxes": [
        {
          "format": "short",
          "label": "Out (-) / In (+)",
          "logBase": 1,
          "show": true
        },
        {
          "format": "short",
          "logBase": 1,
          "show": false
        }
      ],
      "yaxis": {
        "align": false
      }
    },
    {
      "collapsed": false,
      "gridPos": {
        "h": 1,
        "w": 24,
        "x": 0,
        "y": 51
      },
      "id": 48,
      "panels": [],
      "title": "Network Netstat UDP",
      "type": "row"
    },
    {
      "aliasColors": {},
      "bars": false,
      "dashLength": 10,
      "dashes": false,
      "decimals": 2,
      "editable": true,
      "error": false,
      "fieldConfig": {
        "defaults": {
          "links": []
        },
        "overrides": []
      },
      "fill": 1,
      "fillGradient": 0,
      "grid": {},
      "gridPos": {
        "h": 7,
        "w": 24,
        "x": 0,
        "y": 52
      },
      "hiddenSeries": false,
      "id": 23,
      "legend": {
        "alignAsTable": true,
        "avg": true,
        "current": false,
        "max": true,
        "min": true,
        "rightSide": true,
        "show": true,
        "sort": "avg",
        "sortDesc": true,
        "total": false,
        "values": true
      },
      "lines": true,
      "linewidth": 2,
      "links": [],
      "maxPerRow": 1,
      "nullPointMode": "connected",
      "options": {
        "alertThreshold": true
      },
      "paceLength": 10,
      "percentage": false,
      "pluginVersion": "8.3.5",
      "pointradius": 5,
      "points": false,
      "renderer": "flot",
      "seriesOverrides": [
        {
          "alias": "/.*Out.*/",
          "transform": "negative-Y"
        },
        {
          "alias": "Udp_NoPorts",
          "yaxis": 2
        }
      ],
      "spaceLength": 10,
      "stack": false,
      "steppedLine": false,
      "targets": [
        {
          "expr": "sum(rate(node_netstat_Udp_InDatagrams{node_name=~\"$node_name\"}[$interval]) or irate(node_netstat_Udp_InDatagrams{node_name=~\"$node_name\"}[5m]))",
          "format": "time_series",
          "interval": "$interval",
          "intervalFactor": 1,
          "legendFormat": "Udp_InDatagrams",
          "metric": "node_netstat_Udp_InDatagrams",
          "refId": "A",
          "step": 40,
          "target": ""
        },
        {
          "expr": "sum(rate(node_netstat_Udp_InErrors{node_name=~\"$node_name\"}[$interval]) or irate(node_netstat_Udp_InErrors{node_name=~\"$node_name\"}[5m]))",
          "format": "time_series",
          "interval": "$interval",
          "intervalFactor": 1,
          "legendFormat": "Udp_InErrors",
          "metric": "node_netstat_Udp_InErrors",
          "refId": "B",
          "step": 40
        },
        {
          "expr": "sum(rate(node_netstat_Udp_OutDatagrams{node_name=~\"$node_name\"}[$interval]) or irate(node_netstat_Udp_OutDatagrams{node_name=~\"$node_name\"}[5m]))",
          "format": "time_series",
          "interval": "$interval",
          "intervalFactor": 1,
          "legendFormat": "Udp_OutDatagrams",
          "metric": "node_netstat_Udp_OutDatagrams",
          "refId": "C",
          "step": 40
        },
        {
          "expr": "sum(rate(node_netstat_Udp_NoPorts{node_name=~\"$node_name\"}[$interval]) or irate(node_netstat_Udp_NoPorts{node_name=~\"$node_name\"}[5m]))",
          "format": "time_series",
          "interval": "$interval",
          "intervalFactor": 1,
          "legendFormat": "Udp_NoPorts",
          "metric": "node_netstat_Udp_NoPorts",
          "refId": "D",
          "step": 40
        },
        {
          "expr": "sum(rate(node_netstat_Udp_InCsumErrors{node_name=~\"$node_name\"}[$interval]) or irate(node_netstat_Udp_InCsumErrors{node_name=~\"$node_name\"}[5m]))",
          "format": "time_series",
          "interval": "$interval",
          "intervalFactor": 1,
          "legendFormat": "Udp_InCsumErrors",
          "metric": "node_netstat_Udp_InCsumErrors",
          "refId": "E",
          "step": 40
        },
        {
          "expr": "sum(rate(node_netstat_Udp_RcvbufErrors{node_name=~\"$node_name\"}[$interval]) or irate(node_netstat_Udp_RcvbufErrors{node_name=~\"$node_name\"}[5m]))",
          "format": "time_series",
          "interval": "$interval",
          "intervalFactor": 1,
          "legendFormat": "Udp_RcvbufErrors",
          "metric": "node_netstat_Udp_RcvbufErrors",
          "refId": "F",
          "step": 40
        },
        {
          "expr": "sum(rate(node_netstat_Udp_SndbufErrors{node_name=~\"$node\"}[$interval]) or irate(node_netstat_Udp_SndbufErrors{node_name=~\"$node_name\"}[5m]))",
          "format": "time_series",
          "interval": "$interval",
          "intervalFactor": 1,
          "legendFormat": "Udp_SndbufErrors",
          "metric": "node_netstat_Udp_SndbufErrors",
          "refId": "G",
          "step": 40
        }
      ],
      "thresholds": [],
      "timeRegions": [],
      "title": "Netstat: UDP",
      "tooltip": {
        "msResolution": false,
        "shared": true,
        "sort": 5,
        "value_type": "cumulative"
      },
      "type": "graph",
      "xaxis": {
        "mode": "time",
        "show": true,
        "values": []
      },
      "yaxes": [
        {
          "decimals": 2,
          "format": "short",
          "label": "Out (-) / In (+)",
          "logBase": 1,
          "show": true
        },
        {
          "decimals": 4,
          "format": "bytes",
          "logBase": 1,
          "show": true
        }
      ],
      "yaxis": {
        "align": true
      }
    },
    {
      "aliasColors": {},
      "bars": false,
      "dashLength": 10,
      "dashes": false,
      "decimals": 2,
      "description": "**InDatagrams** Packets received\n\n**OutDatagrams** Packets sent\n\n**InCsumErrors** Datagrams with checksum errors\n\n**InErrors** Datagrams that could not be delivered to an application\n\n**RcvbufErrors** Datagrams for which not enough socket buffer memory to receive\n\n**SndbufErrors**  Datagrams for which not enough socket buffer memory to transmit\n\n**NoPorts**  Datagrams received on a port with no listener",
      "fieldConfig": {
        "defaults": {
          "links": []
        },
        "overrides": []
      },
      "fill": 1,
      "fillGradient": 0,
      "gridPos": {
        "h": 7,
        "w": 24,
        "x": 0,
        "y": 59
      },
      "hiddenSeries": false,
      "id": 43,
      "legend": {
        "alignAsTable": true,
        "avg": true,
        "current": false,
        "max": true,
        "min": true,
        "rightSide": true,
        "show": true,
        "sort": "avg",
        "sortDesc": true,
        "total": false,
        "values": true
      },
      "lines": true,
      "linewidth": 1,
      "links": [],
      "nullPointMode": "null",
      "options": {
        "alertThreshold": true
      },
      "paceLength": 10,
      "percentage": false,
      "pluginVersion": "8.3.5",
      "pointradius": 5,
      "points": false,
      "renderer": "flot",
      "seriesOverrides": [
        {
          "alias": "/.*Out.*/",
          "transform": "negative-Y"
        }
      ],
      "spaceLength": 10,
      "stack": false,
      "steppedLine": false,
      "targets": [
        {
          "expr": "avg by (node_name) (rate(node_netstat_UdpLite_InDatagrams{node_name=~\"$node_name\"}[$interval]) or\nirate(node_netstat_UdpLite_InDatagrams{node_name=~\"$node_name\"}[5m]))",
          "format": "time_series",
          "interval": "$interval",
          "intervalFactor": 1,
          "legendFormat": "InDatagrams ",
          "refId": "A"
        },
        {
          "expr": "avg by (node_name) (rate(node_netstat_UdpLite_OutDatagrams{node_name=~\"$node_name\"}[$interval]) or\nirate(node_netstat_UdpLite_OutDatagrams{node_name=~\"$node_name\"}[5m]))",
          "format": "time_series",
          "interval": "$interval",
          "intervalFactor": 1,
          "legendFormat": "OutDatagrams ",
          "refId": "B"
        },
        {
          "expr": "avg by (node_name) (rate(node_netstat_UdpLite_InCsumErrors{node_name=~\"$node_name\"}[$interval]) or\nirate(node_netstat_UdpLite_InCsumErrors{node_name=~\"$node_name\"}[5m]))",
          "format": "time_series",
          "interval": "$interval",
          "intervalFactor": 1,
          "legendFormat": "InCsumErrors",
          "refId": "C"
        },
        {
          "expr": "avg by (node_name) (rate(node_netstat_UdpLite_InErrors{node_name=~\"$node_name\"}[$interval]) or\nirate(node_netstat_UdpLite_InErrors{node_name=~\"$node_name\"}[5m]))",
          "format": "time_series",
          "interval": "$interval",
          "intervalFactor": 1,
          "legendFormat": "InErrors ",
          "refId": "D"
        },
        {
          "expr": "avg by (node_name) (rate(node_netstat_UdpLite_RcvbufErrors{node_name=~\"$node_name\"}[$interval]) or\nirate(node_netstat_UdpLite_RcvbufErrors{node_name=~\"$node_name\"}[5m]))",
          "format": "time_series",
          "interval": "$interval",
          "intervalFactor": 1,
          "legendFormat": "RcvbufErrors ",
          "refId": "E"
        },
        {
          "expr": "avg by (node_name) (rate(node_netstat_UdpLite_SndbufErrors{node_name=~\"$node_name\"}[$interval]) or\nirate(node_netstat_UdpLite_SndbufErrors{node_name=~\"$node_name\"}[5m]))",
          "format": "time_series",
          "interval": "$interval",
          "intervalFactor": 1,
          "legendFormat": "SndbufErrors ",
          "refId": "F"
        },
        {
          "expr": "avg by (node_name) (rate(node_netstat_UdpLite_NoPorts{node_name=~\"$node_name\"}[$interval]) or\nirate(node_netstat_UdpLite_NoPorts{node_name=~\"$node_name\"}[5m]))",
          "format": "time_series",
          "interval": "$interval",
          "intervalFactor": 1,
          "legendFormat": "NoPorts",
          "refId": "G"
        }
      ],
      "thresholds": [],
      "timeRegions": [],
      "title": "UDP Lite",
      "tooltip": {
        "shared": true,
        "sort": 5,
        "value_type": "individual"
      },
      "type": "graph",
      "xaxis": {
        "mode": "time",
        "show": true,
        "values": []
      },
      "yaxes": [
        {
          "decimals": 2,
          "format": "ops",
          "label": "Out (-) / In (+)",
          "logBase": 1,
          "show": true
        },
        {
          "format": "short",
          "logBase": 1,
          "show": false
        }
      ],
      "yaxis": {
        "align": false
      }
    },
    {
      "collapsed": false,
      "gridPos": {
        "h": 1,
        "w": 24,
        "x": 0,
        "y": 66
      },
      "id": 49,
      "panels": [],
      "title": "ICMP",
      "type": "row"
    },
    {
      "aliasColors": {},
      "bars": true,
      "dashLength": 10,
      "dashes": false,
      "decimals": 2,
      "description": "**InErrors**  Messages which the entity received but determined as having ICMP-specific errors (bad ICMP checksums, bad length, etc.)\n\n**OutErrors** Messages which this entity did not send due to problems discovered within ICMP, such as a lack of buffers\n\n**InDestUnreachs**  Destination Unreachable messages received\n\n**OutDestUnreachs** Destination Unreachable messages sent\n\n**InType3** Destination unreachable\n\n**OutType3** Destination unreachable\n\n**InCsumErrors** Messages with ICMP checksum errors\n\n**InTimeExcds** Time Exceeded messages received",
      "fieldConfig": {
        "defaults": {
          "links": []
        },
        "overrides": []
      },
      "fill": 2,
      "fillGradient": 0,
      "gridPos": {
        "h": 7,
        "w": 24,
        "x": 0,
        "y": 67
      },
      "hiddenSeries": false,
      "id": 39,
      "legend": {
        "alignAsTable": true,
        "avg": true,
        "current": false,
        "max": true,
        "min": true,
        "rightSide": true,
        "show": true,
        "sort": "avg",
        "sortDesc": true,
        "total": false,
        "values": true
      },
      "lines": false,
      "linewidth": 2,
      "links": [],
      "maxPerRow": 1,
      "nullPointMode": "null",
      "options": {
        "alertThreshold": true
      },
      "paceLength": 10,
      "percentage": false,
      "pluginVersion": "8.3.5",
      "pointradius": 5,
      "points": false,
      "renderer": "flot",
      "seriesOverrides": [
        {
          "alias": "/.*Out.*/",
          "transform": "negative-Y"
        }
      ],
      "spaceLength": 10,
      "stack": true,
      "steppedLine": false,
      "targets": [
        {
          "expr": "avg by (node_name) (rate(node_netstat_Icmp_InErrors{node_name=~\"$node_name\"}[$interval]) \nor irate(node_netstat_Icmp_InErrors{node_name=~\"$node_name\"}[5m]))",
          "format": "time_series",
          "interval": "$interval",
          "intervalFactor": 1,
          "legendFormat": "InErrors",
          "refId": "A"
        },
        {
          "expr": "avg by (node_name) (rate(node_netstat_Icmp_OutErrors{node_name=~\"$node_name\"}[$interval]) or\nirate(node_netstat_Icmp_OutErrors{node_name=~\"$node_name\"}[5m]))",
          "format": "time_series",
          "interval": "$interval",
          "intervalFactor": 1,
          "legendFormat": "OutErrors",
          "refId": "B"
        },
        {
          "expr": "avg by (node_name) (rate(node_netstat_Icmp_InDestUnreachs{node_name=~\"$node_name\"}[$interval]) or\nirate(node_netstat_Icmp_InDestUnreachs{node_name=~\"$node_name\"}[5m]))",
          "format": "time_series",
          "interval": "$interval",
          "intervalFactor": 1,
          "legendFormat": "InDestUnreachs",
          "refId": "C"
        },
        {
          "expr": "avg by (node_name) (rate(node_netstat_Icmp_OutDestUnreachs{node_name=~\"$node_name\"}[$interval]) or\nirate(node_netstat_Icmp_OutDestUnreachs{node_name=~\"$node_name\"}[5m]))",
          "format": "time_series",
          "interval": "$interval",
          "intervalFactor": 1,
          "legendFormat": "OutDestUnreachs",
          "refId": "D"
        },
        {
          "expr": "avg by (node_name) (rate(node_netstat_IcmpMsg_InType3{node_name=~\"$node_name\"}[$interval]) or\nirate(node_netstat_IcmpMsg_InType3{node_name=~\"$node_name\"}[5m]))",
          "format": "time_series",
          "interval": "$interval",
          "intervalFactor": 1,
          "legendFormat": "InType3 (Destination unreachable)",
          "refId": "E"
        },
        {
          "expr": "avg by (node_name) (irate(node_netstat_IcmpMsg_OutType3{node_name=~\"$node_name\"}[$interval]) or\nirate(node_netstat_IcmpMsg_OutType3{node_name=~\"$node_name\"}[5m]))",
          "format": "time_series",
          "interval": "$interval",
          "intervalFactor": 1,
          "legendFormat": "OutType3 (Destination unreachable)",
          "refId": "F"
        },
        {
          "expr": "avg by (node_name) (rate(node_netstat_Icmp_InCsumErrors{node_name=~\"$node_name\"}[$interval]) or\nirate(node_netstat_Icmp_InCsumErrors{node_name=~\"$node_name\"}[5m]))",
          "format": "time_series",
          "interval": "$interval",
          "intervalFactor": 1,
          "legendFormat": "InCsumErrors",
          "refId": "G"
        },
        {
          "expr": "avg by (node_name) (rate(node_netstat_Icmp_InTimeExcds{node_name=~\"$node_name\"}[$interval]) or\nirate(node_netstat_Icmp_InTimeExcds{node_name=~\"$node_name\"}[5m]))",
          "format": "time_series",
          "interval": "$interval",
          "intervalFactor": 1,
          "legendFormat": "InTimeExcds",
          "refId": "H"
        }
      ],
      "thresholds": [],
      "timeRegions": [],
      "title": "ICMP Errors",
      "tooltip": {
        "shared": true,
        "sort": 5,
        "value_type": "individual"
      },
      "type": "graph",
      "xaxis": {
        "mode": "time",
        "show": true,
        "values": []
      },
      "yaxes": [
        {
          "format": "ops",
          "label": "Out (-) / In (+)",
          "logBase": 1,
          "show": true
        },
        {
          "format": "short",
          "logBase": 1,
          "show": false
        }
      ],
      "yaxis": {
        "align": false
      }
    },
    {
      "aliasColors": {},
      "bars": true,
      "dashLength": 10,
      "dashes": false,
      "decimals": 2,
      "description": "**InMsgs**  Messages which the entity received. Note that this counter includes all those counted by icmpInErrors\t\n\n**InRedirects**  Redirect messages received\t\n\n**OutMsgs**  Messages which this entity attempted to send. Note that this counter includes all those counted by icmpOutErrors\t\n\n**OutRedirects** Redirect messages sent. For a host, this object will always be zero, since hosts do not send redirects",
      "fieldConfig": {
        "defaults": {
          "links": []
        },
        "overrides": []
      },
      "fill": 1,
      "fillGradient": 0,
      "gridPos": {
        "h": 7,
        "w": 24,
        "x": 0,
        "y": 74
      },
      "hiddenSeries": false,
      "id": 41,
      "legend": {
        "alignAsTable": true,
        "avg": true,
        "current": false,
        "max": true,
        "min": true,
        "rightSide": true,
        "show": true,
        "sort": "avg",
        "sortDesc": true,
        "total": false,
        "values": true
      },
      "lines": false,
      "linewidth": 1,
      "links": [],
      "maxPerRow": 1,
      "nullPointMode": "null",
      "options": {
        "alertThreshold": true
      },
      "paceLength": 10,
      "percentage": false,
      "pluginVersion": "8.3.5",
      "pointradius": 5,
      "points": false,
      "renderer": "flot",
      "seriesOverrides": [
        {
          "alias": "/.*Out.*/",
          "transform": "negative-Y"
        }
      ],
      "spaceLength": 10,
      "stack": false,
      "steppedLine": false,
      "targets": [
        {
          "expr": "avg by (node_name) (rate(node_netstat_Icmp_InMsgs{node_name=~\"$node_name\"}[$interval]) or\nirate(node_netstat_Icmp_InMsgs{node_name=~\"$node_name\"}[5m]))",
          "format": "time_series",
          "interval": "$interval",
          "intervalFactor": 1,
          "legendFormat": "InMsgs ",
          "refId": "A"
        },
        {
          "expr": "avg by (node_name) (rate(node_netstat_Icmp_InRedirects{node_name=~\"$node_name\"}[$interval]) or\nirate(node_netstat_Icmp_InRedirects{node_name=~\"$node_name\"}[5m]))",
          "format": "time_series",
          "interval": "$interval",
          "intervalFactor": 1,
          "legendFormat": "InRedirects",
          "refId": "B"
        },
        {
          "expr": "avg by (node_name) (rate(node_netstat_Icmp_OutMsgs{node_name=~\"$node_name\"}[$interval]) or\nirate(node_netstat_Icmp_OutMsgs{node_name=~\"$node_name\"}[5m]))",
          "format": "time_series",
          "interval": "$interval",
          "intervalFactor": 1,
          "legendFormat": "OutMsgs",
          "refId": "C"
        },
        {
          "expr": "avg by (node_name) (rate(node_netstat_Icmp_OutRedirects{node_name=~\"$node_name\"}[$interval]) or\nirate(node_netstat_Icmp_OutRedirects{node_name=~\"$node_name\"}[5m]))",
          "format": "time_series",
          "interval": "$interval",
          "intervalFactor": 1,
          "legendFormat": "OutRedirects",
          "refId": "D"
        }
      ],
      "thresholds": [],
      "timeRegions": [],
      "title": "Messages / Redirects",
      "tooltip": {
        "shared": true,
        "sort": 5,
        "value_type": "individual"
      },
      "type": "graph",
      "xaxis": {
        "mode": "time",
        "show": true,
        "values": []
      },
      "yaxes": [
        {
          "format": "ops",
          "label": "Out (-) / In (+)",
          "logBase": 1,
          "show": true
        },
        {
          "format": "short",
          "logBase": 1,
          "show": false
        }
      ],
      "yaxis": {
        "align": false
      }
    },
    {
      "aliasColors": {},
      "bars": true,
      "dashLength": 10,
      "dashes": false,
      "decimals": 2,
      "description": "**InEchoReps**  Echo Reply messages received\n\n**InEchos**  Echo (request) messages received\n\n**OutEchoReps** Echo Reply messages sent\n\n**OutEchos**  Echo (request) messages sent",
      "fieldConfig": {
        "defaults": {
          "links": []
        },
        "overrides": []
      },
      "fill": 1,
      "fillGradient": 0,
      "gridPos": {
        "h": 7,
        "w": 12,
        "x": 0,
        "y": 81
      },
      "hiddenSeries": false,
      "id": 40,
      "legend": {
        "alignAsTable": true,
        "avg": true,
        "current": false,
        "max": true,
        "min": true,
        "rightSide": false,
        "show": true,
        "sort": "avg",
        "sortDesc": true,
        "total": false,
        "values": true
      },
      "lines": false,
      "linewidth": 1,
      "links": [],
      "maxPerRow": 2,
      "nullPointMode": "null",
      "options": {
        "alertThreshold": true
      },
      "paceLength": 10,
      "percentage": false,
      "pluginVersion": "8.3.5",
      "pointradius": 5,
      "points": false,
      "renderer": "flot",
      "seriesOverrides": [
        {
          "alias": "/.*Out.*/",
          "transform": "negative-Y"
        }
      ],
      "spaceLength": 10,
      "stack": false,
      "steppedLine": false,
      "targets": [
        {
          "expr": "avg by (node_name) (rate(node_netstat_Icmp_InEchoReps{node_name=~\"$node_name\"}[$interval]) or\nirate(node_netstat_Icmp_InEchoReps{node_name=~\"$node_name\"}[5m]))",
          "format": "time_series",
          "interval": "$interval",
          "intervalFactor": 1,
          "legendFormat": "InEchoReps",
          "refId": "A"
        },
        {
          "expr": "avg by (node_name) (rate(node_netstat_Icmp_InEchos{node_name=~\"$node_name\"}[$interval]) or\nirate(node_netstat_Icmp_InEchos{node_name=~\"$node_name\"}[5m]))",
          "format": "time_series",
          "interval": "$interval",
          "intervalFactor": 1,
          "legendFormat": "InEchos ",
          "refId": "B"
        },
        {
          "expr": "avg by (node_name) (rate(node_netstat_Icmp_OutEchoReps{node_name=~\"$node_name\"}[$interval]) or\nirate(node_netstat_Icmp_OutEchoReps{node_name=~\"$node_name\"}[5m]))",
          "format": "time_series",
          "interval": "$interval",
          "intervalFactor": 1,
          "legendFormat": "OutEchoReps",
          "refId": "C"
        },
        {
          "expr": "avg by (node_name) (rate(node_netstat_Icmp_OutEchos{node_name=~\"$node_name\"}[$interval]) or\nirate(node_netstat_Icmp_OutEchos{node_name=~\"$node_name\"}[5m]))",
          "format": "time_series",
          "interval": "$interval",
          "intervalFactor": 1,
          "legendFormat": "OutEchos",
          "refId": "D"
        }
      ],
      "thresholds": [],
      "timeRegions": [],
      "title": "Echos",
      "tooltip": {
        "shared": true,
        "sort": 5,
        "value_type": "individual"
      },
      "type": "graph",
      "xaxis": {
        "mode": "time",
        "show": true,
        "values": []
      },
      "yaxes": [
        {
          "decimals": 2,
          "format": "ops",
          "label": "Out (-) / In (+)",
          "logBase": 1,
          "show": true
        },
        {
          "format": "short",
          "logBase": 1,
          "show": false
        }
      ],
      "yaxis": {
        "align": false
      }
    },
    {
      "aliasColors": {},
      "bars": true,
      "dashLength": 10,
      "dashes": false,
      "decimals": 2,
      "description": "**InAddrMaskReps**  Address Mask Reply messages received\n\n**InAddrMasks** Address Mask Request messages received\n\n**OutAddrMaskReps**  Address Mask Reply messages sent\n\n**OutAddrMasks**  Address Mask Request messages sent\n\n**InTimestampReps**  Timestamp Reply messages received\n\n**InTimestamps**  Timestamp Request messages received\t\n\n**OutTimestampReps** Timestamp Reply messages sent\n\n**OutTimestamps** Timestamp Request messages sent",
      "fieldConfig": {
        "defaults": {
          "links": []
        },
        "overrides": []
      },
      "fill": 1,
      "fillGradient": 0,
      "gridPos": {
        "h": 7,
        "w": 12,
        "x": 12,
        "y": 81
      },
      "hiddenSeries": false,
      "id": 42,
      "legend": {
        "alignAsTable": true,
        "avg": true,
        "current": false,
        "hideEmpty": false,
        "hideZero": false,
        "max": true,
        "min": true,
        "rightSide": false,
        "show": true,
        "sort": "avg",
        "sortDesc": true,
        "total": false,
        "values": true
      },
      "lines": false,
      "linewidth": 1,
      "links": [],
      "maxPerRow": 2,
      "nullPointMode": "null",
      "options": {
        "alertThreshold": true
      },
      "paceLength": 10,
      "percentage": false,
      "pluginVersion": "8.3.5",
      "pointradius": 5,
      "points": false,
      "renderer": "flot",
      "seriesOverrides": [
        {
          "alias": "/.*Out.*/",
          "transform": "negative-Y"
        }
      ],
      "spaceLength": 10,
      "stack": true,
      "steppedLine": false,
      "targets": [
        {
          "expr": "avg by (node_name) (rate(node_netstat_Icmp_InAddrMaskReps{node_name=~\"$node_name\"}[$interval]) or\nirate(node_netstat_Icmp_InAddrMaskReps{node_name=~\"$node_name\"}[5m]))",
          "format": "time_series",
          "interval": "$interval",
          "intervalFactor": 1,
          "legendFormat": "InAddrMaskReps",
          "refId": "A"
        },
        {
          "expr": "avg by (node_name) (rate(node_netstat_Icmp_InAddrMasks{node_name=~\"$node_name\"}[$interval]) or\nirate(node_netstat_Icmp_InAddrMasks{node_name=~\"$node_name\"}[5m]))",
          "format": "time_series",
          "interval": "$interval",
          "intervalFactor": 1,
          "legendFormat": "InAddrMasks",
          "refId": "B"
        },
        {
          "expr": "avg by (node_name) (rate(node_netstat_Icmp_OutAddrMaskReps{node_name=~\"$node_name\"}[$interval]) or\nirate(node_netstat_Icmp_OutAddrMaskReps{node_name=~\"$node_name\"}[5m]))",
          "format": "time_series",
          "interval": "$interval",
          "intervalFactor": 1,
          "legendFormat": "OutAddrMaskReps",
          "refId": "C"
        },
        {
          "expr": "avg by (node_name) (rate(node_netstat_Icmp_OutAddrMasks{node_name=~\"$node_name\"}[5m]) or\nirate(node_netstat_Icmp_OutAddrMasks{node_name=~\"$node_name\"}[5m]))",
          "format": "time_series",
          "interval": "$interval",
          "intervalFactor": 1,
          "legendFormat": "OutAddrMasks",
          "refId": "D"
        },
        {
          "expr": "avg by (node_name) (rate(node_netstat_Icmp_InTimestampReps{node_name=~\"$node_name\"}[$interval]) or\nirate(node_netstat_Icmp_InTimestampReps{node_name=~\"$node_name\"}[5m]))",
          "format": "time_series",
          "interval": "$interval",
          "intervalFactor": 1,
          "legendFormat": "InTimestampReps",
          "refId": "E"
        },
        {
          "expr": "avg by (node_name) (rate(node_netstat_Icmp_InTimestamps{node_name=~\"$node_name\"}[$interval]) or\nirate(node_netstat_Icmp_InTimestamps{node_name=~\"$node_name\"}[5m]))",
          "format": "time_series",
          "interval": "$interval",
          "intervalFactor": 1,
          "legendFormat": "InTimestamps",
          "refId": "F"
        },
        {
          "expr": "avg by (node_name) (rate(node_netstat_Icmp_OutTimestampReps{node_name=~\"$node_name\"}[$interval]) or\nirate(node_netstat_Icmp_OutTimestampReps{node_name=~\"$node_name\"}[5m]))",
          "format": "time_series",
          "interval": "$interval",
          "intervalFactor": 1,
          "legendFormat": "OutTimestampReps",
          "refId": "G"
        },
        {
          "expr": "avg by (node_name) (rate(node_netstat_Icmp_OutTimestamps{node_name=~\"$node_name\"}[$interval]) or\nirate(node_netstat_Icmp_OutTimestamps{node_name=~\"$node_name\"}[5m]))",
          "format": "time_series",
          "interval": "$interval",
          "intervalFactor": 1,
          "legendFormat": "OutTimestamps",
          "refId": "H"
        }
      ],
      "thresholds": [],
      "timeRegions": [],
      "title": "Timestamps / Mask Requests",
      "tooltip": {
        "shared": true,
        "sort": 5,
        "value_type": "individual"
      },
      "type": "graph",
      "xaxis": {
        "mode": "time",
        "show": true,
        "values": []
      },
      "yaxes": [
        {
          "decimals": 2,
          "format": "short",
          "label": "Out (-) / In (+)",
          "logBase": 1,
          "show": true
        },
        {
          "format": "short",
          "logBase": 1,
          "show": false
        }
      ],
      "yaxis": {
        "align": false
      }
    }
  ],
  "refresh": "1m",
  "schemaVersion": 34,
  "style": "dark",
  "tags": [
    "Percona",
    "OS"
  ],
  "templating": {
    "list": [
      {
        "auto": true,
        "auto_count": 200,
        "auto_min": "1s",
        "current": {
          "selected": false,
          "text": "auto",
          "value": "$__auto_interval_interval"
        },
        "hide": 0,
        "label": "Interval",
        "name": "interval",
        "options": [
          {
            "selected": true,
            "text": "auto",
            "value": "$__auto_interval_interval"
          },
          {
            "selected": false,
            "text": "1s",
            "value": "1s"
          },
          {
            "selected": false,
            "text": "5s",
            "value": "5s"
          },
          {
            "selected": false,
            "text": "1m",
            "value": "1m"
          },
          {
            "selected": false,
            "text": "5m",
            "value": "5m"
          },
          {
            "selected": false,
            "text": "1h",
            "value": "1h"
          },
          {
            "selected": false,
            "text": "6h",
            "value": "6h"
          },
          {
            "selected": false,
            "text": "1d",
            "value": "1d"
          }
        ],
        "query": "1s,5s,1m,5m,1h,6h,1d",
        "refresh": 2,
        "skipUrlSync": false,
        "type": "interval"
      },
      {
        "allFormat": "glob",
        "allValue": ".*",
        "current": {
          "selected": false,
          "text": "All",
          "value": "$__all"
        },
        "datasource": "Metrics",
        "definition": "label_values(node_load1{node_type=~\"generic|remote_rds|container|remote\"}, region)",
        "hide": 0,
        "includeAll": true,
        "label": "Region",
        "multi": true,
        "multiFormat": "regex values",
        "name": "region",
        "options": [],
        "query": {
          "query": "label_values(node_load1{node_type=~\"generic|remote_rds|container|remote\"}, region)",
          "refId": "Metrics-region-Variable-Query"
        },
        "refresh": 2,
        "refresh_on_load": false,
        "regex": "",
        "skipUrlSync": false,
        "sort": 1,
        "type": "query",
        "useTags": false
      },
      {
        "allFormat": "glob",
        "allValue": ".*",
        "current": {
          "selected": false,
          "text": "All",
          "value": "$__all"
        },
        "datasource": "Metrics",
        "definition": "label_values(up{region=~\"$region\"}, node_type)",
        "hide": 0,
        "includeAll": true,
        "label": "Type",
        "multi": true,
        "multiFormat": "regex values",
        "name": "node_type",
        "options": [],
        "query": {
          "query": "label_values(up{region=~\"$region\"}, node_type)",
          "refId": "Metrics-node_type-Variable-Query"
        },
        "refresh": 2,
        "refresh_on_load": false,
        "regex": "",
        "skipUrlSync": false,
        "sort": 1,
        "type": "query",
        "useTags": false
      },
      {
        "allValue": ".*",
        "current": {
          "selected": true,
          "text": [
            "All"
          ],
          "value": [
            "$__all"
          ]
        },
        "datasource": "Metrics",
        "definition": "label_values({region=~\"$region\",node_type=~\"$node_type\",__name__=~\"pg_up|mysql_up|mongodb_up|proxysql_mysql_status_active_transactions|up\"}, environment)",
        "hide": 0,
        "includeAll": true,
        "label": "Environment",
        "multi": true,
        "multiFormat": "regex values",
        "name": "environment",
        "options": [],
        "query": {
          "query": "label_values({region=~\"$region\",node_type=~\"$node_type\",__name__=~\"pg_up|mysql_up|mongodb_up|proxysql_mysql_status_active_transactions|up\"}, environment)",
          "refId": "Metrics-node_type-Variable-Query"
        },
        "refresh": 2,
        "refresh_on_load": false,
        "regex": "",
        "skipUrlSync": false,
        "sort": 1,
        "type": "query",
        "useTags": false
      },
      {
        "allFormat": "glob",
        "current": {
          "selected": false,
          "text": "All",
          "value": "$__all"
        },
        "datasource": "Metrics",
        "definition": "label_values(up{region=~\"$region\",node_type=~\"$node_type\",environment=~\"$environment\"}, node_name)",
        "hide": 0,
        "includeAll": false,
        "label": "Node Name",
        "multi": false,
        "multiFormat": "regex values",
        "name": "node_name",
        "options": [],
        "query": {
          "query": "label_values(up{region=~\"$region\",node_type=~\"$node_type\",environment=~\"$environment\"}, node_name)",
          "refId": "Metrics-node_name-Variable-Query"
        },
        "refresh": 2,
        "refresh_on_load": false,
        "regex": "",
        "skipUrlSync": false,
        "sort": 1,
        "type": "query",
        "useTags": false
      },
      {
        "current": {
          "selected": false,
          "text": "All",
          "value": "$__all"
        },
        "datasource": "Metrics",
        "definition": "",
        "hide": 2,
        "includeAll": true,
        "label": "Device",
        "multi": true,
        "name": "device",
        "options": [],
        "query": {
          "query": "label_values(node_network_receive_packets_total{node_name=~\"$node_name\"},device)",
          "refId": "Metrics-device-Variable-Query"
        },
        "refresh": 2,
        "regex": "",
        "skipUrlSync": false,
        "sort": 5,
        "tagValuesQuery": "",
        "tagsQuery": "",
        "type": "query",
        "useTags": false
      },
      {
        "current": {
          "selected": false,
          "text": "All",
          "value": "$__all"
        },
        "datasource": "Metrics",
        "definition": "label_values({__name__=~\"pg_up|mysql_up|mongodb_up|proxysql_mysql_status_active_transactions\"}, service_name)",
        "hide": 2,
        "includeAll": true,
        "label": "Service Name",
        "multi": true,
        "name": "service_name",
        "options": [],
        "query": {
          "query": "label_values({__name__=~\"pg_up|mysql_up|mongodb_up|proxysql_mysql_status_active_transactions\"}, service_name)",
          "refId": "Metrics-service_name-Variable-Query"
        },
        "refresh": 2,
        "regex": "",
        "skipUrlSync": false,
        "sort": 5,
        "tagValuesQuery": "",
        "tagsQuery": "",
        "type": "query",
        "useTags": false
      },
      {
        "current": {
          "selected": false,
          "text": "All",
          "value": "$__all"
        },
        "datasource": "Metrics",
        "definition": "label_values({__name__=~\"pg_up|mysql_up|mongodb_up|proxysql_mysql_status_active_transactions\"}, cluster)",
        "hide": 2,
        "includeAll": true,
        "label": "Cluster",
        "multi": true,
        "name": "cluster",
        "options": [],
        "query": {
          "query": "label_values({__name__=~\"pg_up|mysql_up|mongodb_up|proxysql_mysql_status_active_transactions\"}, cluster)",
          "refId": "Metrics-cluster-Variable-Query"
        },
        "refresh": 2,
        "regex": "",
        "skipUrlSync": false,
        "sort": 5,
        "tagValuesQuery": "",
        "tagsQuery": "",
        "type": "query",
        "useTags": false
      },
      {
        "current": {
          "selected": false,
          "text": "All",
          "value": "$__all"
        },
        "datasource": "Metrics",
        "definition": "label_values({__name__=~\"pg_up|mysql_up|mongodb_up|proxysql_mysql_status_active_transactions\"}, replication_set)",
        "hide": 2,
        "includeAll": true,
        "label": "Replication Set",
        "multi": true,
        "name": "replication_set",
        "options": [],
        "query": {
          "query": "label_values({__name__=~\"pg_up|mysql_up|mongodb_up|proxysql_mysql_status_active_transactions\"}, replication_set)",
          "refId": "Metrics-replication_set-Variable-Query"
        },
        "refresh": 2,
        "regex": "",
        "skipUrlSync": false,
        "sort": 5,
        "tagValuesQuery": "",
        "tagsQuery": "",
        "type": "query",
        "useTags": false
      },
      {
        "current": {
          "selected": false,
          "text": "All",
          "value": "$__all"
        },
        "datasource": "Metrics",
        "definition": "label_values(pg_stat_database_tup_fetched{service_name=~\"$service_name\",datname!~\"template.*|postgres\"},datname)",
        "hide": 2,
        "includeAll": true,
        "label": "Database",
        "multi": true,
        "name": "database",
        "options": [],
        "query": {
          "query": "label_values(pg_stat_database_tup_fetched{service_name=~\"$service_name\",datname!~\"template.*|postgres\"},datname)",
          "refId": "Metrics-database-Variable-Query"
        },
        "refresh": 1,
        "regex": "",
        "skipUrlSync": false,
        "sort": 5,
        "tagValuesQuery": "",
        "tagsQuery": "",
        "type": "query",
        "useTags": false
      },
      {
        "current": {
          "selected": false,
          "text": "All",
          "value": "$__all"
        },
        "datasource": "Metrics",
        "definition": "label_values({__name__=~\"pg_up|mysql_up|mongodb_up|proxysql_mysql_status_active_transactions\"}, service_type)",
        "hide": 2,
        "includeAll": true,
        "label": "Type",
        "multi": true,
        "name": "service_type",
        "options": [],
        "query": {
          "query": "label_values({__name__=~\"pg_up|mysql_up|mongodb_up|proxysql_mysql_status_active_transactions\"}, service_type)",
          "refId": "Metrics-service_type-Variable-Query"
        },
        "refresh": 1,
        "regex": "",
        "skipUrlSync": false,
        "sort": 5,
        "tagValuesQuery": "",
        "tagsQuery": "",
        "type": "query",
        "useTags": false
      },
      {
        "current": {
          "selected": false,
          "text": "All",
          "value": "$__all"
        },
        "datasource": "Metrics",
        "definition": "label_values(mysql_info_schema_user_statistics_connected_time_seconds_total{service_name=\"$service_name\"},user)",
        "hide": 2,
        "includeAll": true,
        "label": "Username",
        "multi": true,
        "name": "username",
        "options": [],
        "query": {
          "query": "label_values(mysql_info_schema_user_statistics_connected_time_seconds_total{service_name=\"$service_name\"},user)",
          "refId": "Metrics-username-Variable-Query"
        },
        "refresh": 1,
        "regex": "",
        "skipUrlSync": false,
        "sort": 5,
        "tagValuesQuery": "",
        "tagsQuery": "",
        "type": "query",
        "useTags": false
      },
      {
        "current": {
          "selected": false,
          "text": "All",
          "value": "$__all"
        },
        "datasource": "Metrics",
        "definition": "label_values({__name__=~\"pg_up|mysql_up|mongodb_up|proxysql_mysql_status_active_transactions\"}, schema)",
        "hide": 2,
        "includeAll": true,
        "label": "Schema",
        "multi": true,
        "name": "schema",
        "options": [],
        "query": {
          "query": "label_values({__name__=~\"pg_up|mysql_up|mongodb_up|proxysql_mysql_status_active_transactions\"}, schema)",
          "refId": "Metrics-schema-Variable-Query"
        },
        "refresh": 1,
        "regex": "",
        "skipUrlSync": false,
        "sort": 5,
        "tagValuesQuery": "",
        "tagsQuery": "",
        "type": "query",
        "useTags": false
      }
    ]
  },
  "time": {
    "from": "now-12h",
    "to": "now"
  },
  "timepicker": {
    "hidden": false,
    "now": true,
    "refresh_intervals": [
      "5s",
      "10s",
      "30s",
      "1m",
      "5m",
      "15m",
      "30m",
      "1h",
      "2h",
      "1d"
    ],
    "time_options": [
      "5m",
      "15m",
      "1h",
      "6h",
      "12h",
      "24h",
      "2d",
      "7d",
      "30d"
    ]
  },
  "timezone": "",
  "title": "Network Details",
  "uid": "node-network",
  "version": 2,
  "weekStart": ""
}
