{
  "annotations": {
    "list": [
      {
        "builtIn": 1,
        "datasource": "-- Grafana --",
        "enable": true,
        "hide": false,
        "iconColor": "#e0752d",
        "limit": 100,
        "matchAny": true,
        "name": "PMM Annotations",
        "showIn": 0,
        "tags": [
          "pmm_annotation",
          "$node_name"
        ],
        "target": {
          "limit": 100,
          "matchAny": true,
          "tags": [
            "pmm_annotation",
            "$node_name"
          ],
          "type": "tags"
        },
        "type": "tags"
      },
      {
        "builtIn": 1,
        "datasource": "-- Grafana --",
        "enable": true,
        "hide": true,
        "iconColor": "#6ed0e0",
        "limit": 100,
        "name": "Annotations & Alerts",
        "showIn": 0,
        "tags": [],
        "target": {
          "limit": 100,
          "matchAny": false,
          "tags": [],
          "type": "dashboard"
        },
        "type": "dashboard"
      }
    ]
  },
  "editable": false,
  "fiscalYearStartMonth": 0,
  "graphTooltip": 1,
  "id": null,
  "iteration": 1656509693116,
  "links": [
    {
      "icon": "doc",
      "includeVars": true,
      "keepTime": true,
      "tags": [
        "Home"
      ],
      "targetBlank": false,
      "title": "Home",
      "type": "link",
      "url": "/graph/d/pmm-home/home-dashboard"
    },
    {
      "icon": "dashboard",
      "includeVars": true,
      "keepTime": true,
      "tags": [
        "Query Analytics"
      ],
      "targetBlank": false,
      "title": "Query Analytics",
      "type": "link",
      "url": "/graph/d/pmm-qan/pmm-query-analytics"
    },
    {
      "icon": "bolt",
      "includeVars": true,
      "keepTime": true,
      "tags": [
        "Compare"
      ],
      "targetBlank": false,
      "title": "Compare",
      "type": "link",
      "url": "/graph/d/node-instance-compare/nodes-compare"
    },
    {
      "asDropdown": true,
      "includeVars": true,
      "keepTime": true,
      "tags": [
        "OS"
      ],
      "targetBlank": false,
      "title": "OS",
      "type": "dashboards"
    },
    {
      "asDropdown": true,
      "includeVars": false,
      "keepTime": true,
      "tags": [
        "Services"
      ],
      "targetBlank": false,
      "title": "Services",
      "type": "dashboards"
    },
    {
      "asDropdown": true,
      "includeVars": false,
      "keepTime": true,
      "tags": [
        "PMM"
      ],
      "targetBlank": false,
      "title": "PMM",
      "type": "dashboards"
    }
  ],
  "liveNow": false,
  "panels": [
    {
      "collapsed": false,
      "gridPos": {
        "h": 1,
        "w": 24,
        "x": 0,
        "y": 0
      },
      "id": 38,
      "panels": [],
      "title": "Total",
      "type": "row"
    },
    {
      "aliasColors": {},
      "bars": false,
      "dashLength": 10,
      "dashes": false,
      "decimals": 2,
      "description": "",
      "editable": true,
      "error": false,
      "fieldConfig": {
        "defaults": {
          "links": []
        },
        "overrides": []
      },
      "fill": 6,
      "fillGradient": 0,
      "grid": {},
      "gridPos": {
        "h": 8,
        "w": 12,
        "x": 0,
        "y": 1
      },
      "hiddenSeries": false,
      "id": 45,
      "legend": {
        "alignAsTable": true,
        "avg": true,
        "current": false,
        "hideEmpty": false,
        "max": true,
        "min": true,
        "rightSide": false,
        "show": true,
        "sort": "avg",
        "sortDesc": true,
        "total": false,
        "values": true
      },
      "lines": true,
      "linewidth": 2,
      "links": [],
      "nullPointMode": "null",
      "options": {
        "alertThreshold": true
      },
      "percentage": false,
      "pluginVersion": "8.3.5",
      "pointradius": 2,
      "points": false,
      "renderer": "flot",
      "seriesOverrides": [],
      "spaceLength": 10,
      "stack": true,
      "steppedLine": false,
      "targets": [
        {
          "calculatedInterval": "2s",
          "datasourceErrors": {},
          "errors": {},
          "expr": "avg by (node_name) (max_over_time(node_processes_pids{node_name=~\"$node_name\"}[$interval]) or max_over_time(node_processes_pids{node_name=~\"$node_name\"}[5m]) or\ncount by (node_name) (max_over_time(rdsosmetrics_processList_cpuUsedPc{node_name=~\"$node_name\"}[$interval]) or max_over_time(rdsosmetrics_processList_cpuUsedPc{node_name=~\"$node_name\"}[5m])))",
          "format": "time_series",
          "interval": "$interval",
          "intervalFactor": 1,
          "legendFormat": "{{node_name}}",
          "metric": "",
          "refId": "B",
          "step": 300,
          "target": ""
        }
      ],
      "thresholds": [],
      "timeRegions": [],
      "title": "Number of PIDs",
      "tooltip": {
        "msResolution": false,
        "shared": true,
        "sort": 5,
        "value_type": "individual"
      },
      "type": "graph",
      "xaxis": {
        "mode": "time",
        "show": true,
        "values": []
      },
      "yaxes": [
        {
          "decimals": 2,
          "format": "short",
          "label": "",
          "logBase": 1,
          "min": 0,
          "show": true
        },
        {
          "format": "bytes",
          "logBase": 1,
          "min": 0,
          "show": false
        }
      ],
      "yaxis": {
        "align": false
      }
    },
    {
      "aliasColors": {},
      "bars": false,
      "dashLength": 10,
      "dashes": false,
      "decimals": 2,
      "description": "",
      "editable": true,
      "error": false,
      "fieldConfig": {
        "defaults": {
          "links": []
        },
        "overrides": []
      },
      "fill": 0,
      "fillGradient": 0,
      "grid": {},
      "gridPos": {
        "h": 8,
        "w": 12,
        "x": 12,
        "y": 1
      },
      "hiddenSeries": false,
      "id": 56,
      "legend": {
        "alignAsTable": true,
        "avg": true,
        "current": false,
        "hideEmpty": false,
        "max": true,
        "min": true,
        "rightSide": false,
        "show": true,
        "sort": "avg",
        "sortDesc": true,
        "total": false,
        "values": true
      },
      "lines": true,
      "linewidth": 2,
      "links": [],
      "nullPointMode": "connected",
      "options": {
        "alertThreshold": true
      },
      "percentage": false,
      "pluginVersion": "8.3.5",
      "pointradius": 2,
      "points": false,
      "renderer": "flot",
      "seriesOverrides": [],
      "spaceLength": 10,
      "stack": false,
      "steppedLine": true,
      "targets": [
        {
          "calculatedInterval": "2s",
          "datasourceErrors": {},
          "errors": {},
          "expr": "avg by (node_name) ((max_over_time(node_processes_pids{node_name=~\"$node_name\"}[$interval]) or \nmax_over_time(node_processes_pids{node_name=~\"$node_name\"}[5m]))/\n(max_over_time(node_processes_max_processes{node_name=~\"$node_name\"}[$interval]) or \nmax_over_time(node_processes_max_processes{node_name=~\"$node_name\"}[5m])))",
          "format": "time_series",
          "interval": "$interval",
          "intervalFactor": 1,
          "legendFormat": "{{node_name}}",
          "metric": "",
          "refId": "B",
          "step": 300,
          "target": ""
        }
      ],
      "thresholds": [],
      "timeRegions": [],
      "title": "Percentage of Max PIDs Limit",
      "tooltip": {
        "msResolution": false,
        "shared": true,
        "sort": 5,
        "value_type": "individual"
      },
      "type": "graph",
      "xaxis": {
        "mode": "time",
        "show": true,
        "values": []
      },
      "yaxes": [
        {
          "decimals": 2,
          "format": "percentunit",
          "label": "",
          "logBase": 1,
          "min": 0,
          "show": true
        },
        {
          "format": "bytes",
          "logBase": 1,
          "min": 0,
          "show": false
        }
      ],
      "yaxis": {
        "align": false
      }
    },
    {
      "aliasColors": {},
      "bars": false,
      "dashLength": 10,
      "dashes": false,
      "decimals": 2,
      "description": "",
      "editable": true,
      "error": false,
      "fieldConfig": {
        "defaults": {
          "links": []
        },
        "overrides": []
      },
      "fill": 6,
      "fillGradient": 0,
      "grid": {},
      "gridPos": {
        "h": 8,
        "w": 12,
        "x": 0,
        "y": 9
      },
      "hiddenSeries": false,
      "id": 44,
      "legend": {
        "alignAsTable": true,
        "avg": true,
        "current": false,
        "hideEmpty": false,
        "max": true,
        "min": true,
        "rightSide": false,
        "show": true,
        "sort": "avg",
        "sortDesc": true,
        "total": false,
        "values": true
      },
      "lines": true,
      "linewidth": 2,
      "links": [],
      "nullPointMode": "null",
      "options": {
        "alertThreshold": true
      },
      "percentage": false,
      "pluginVersion": "8.3.5",
      "pointradius": 2,
      "points": false,
      "renderer": "flot",
      "seriesOverrides": [
        {
          "alias": "Max",
          "color": "#C4162A",
          "fill": 0,
          "legend": false
        }
      ],
      "spaceLength": 10,
      "stack": true,
      "steppedLine": false,
      "targets": [
        {
          "calculatedInterval": "2s",
          "datasourceErrors": {},
          "errors": {},
          "expr": "avg by (node_name) (max_over_time(node_processes_threads{node_name=~\"$node_name\"}[$interval]) or \nmax_over_time(node_processes_threads{node_name=~\"$node_name\"}[5m]) or\ncount by (node_name) (count by (id,node_name)(max_over_time(rdsosmetrics_processList_rss{node_name=~\"$node_name\"}[$interval]) or\nmax_over_time(rdsosmetrics_processList_rss{node_name=~\"$node_name\"}[5m])))) ",
          "format": "time_series",
          "interval": "$interval",
          "intervalFactor": 1,
          "legendFormat": "{{node_name}}",
          "metric": "",
          "refId": "B",
          "step": 300,
          "target": ""
        }
      ],
      "thresholds": [],
      "timeRegions": [],
      "title": "Number of Threads",
      "tooltip": {
        "msResolution": false,
        "shared": true,
        "sort": 5,
        "value_type": "individual"
      },
      "type": "graph",
      "xaxis": {
        "mode": "time",
        "show": true,
        "values": []
      },
      "yaxes": [
        {
          "decimals": 2,
          "format": "short",
          "label": "",
          "logBase": 1,
          "min": 0,
          "show": true
        },
        {
          "format": "bytes",
          "logBase": 1,
          "min": 0,
          "show": false
        }
      ],
      "yaxis": {
        "align": false
      }
    },
    {
      "aliasColors": {},
      "bars": false,
      "dashLength": 10,
      "dashes": false,
      "decimals": 2,
      "description": "",
      "editable": true,
      "error": false,
      "fieldConfig": {
        "defaults": {
          "links": []
        },
        "overrides": []
      },
      "fill": 0,
      "fillGradient": 0,
      "grid": {},
      "gridPos": {
        "h": 8,
        "w": 12,
        "x": 12,
        "y": 9
      },
      "hiddenSeries": false,
      "id": 46,
      "legend": {
        "alignAsTable": true,
        "avg": true,
        "current": false,
        "hideEmpty": false,
        "max": true,
        "min": true,
        "rightSide": false,
        "show": true,
        "sort": "avg",
        "sortDesc": true,
        "total": false,
        "values": true
      },
      "lines": true,
      "linewidth": 2,
      "links": [],
      "nullPointMode": "connected",
      "options": {
        "alertThreshold": true
      },
      "percentage": false,
      "pluginVersion": "8.3.5",
      "pointradius": 2,
      "points": false,
      "renderer": "flot",
      "seriesOverrides": [
        {
          "alias": "Max",
          "color": "#C4162A",
          "fill": 0,
          "legend": false
        },
        {
          "alias": "PIDs",
          "color": "#1F60C4"
        }
      ],
      "spaceLength": 10,
      "stack": false,
      "steppedLine": true,
      "targets": [
        {
          "calculatedInterval": "2s",
          "datasourceErrors": {},
          "errors": {},
          "expr": "avg by (node_name) ((max_over_time(node_processes_threads{node_name=~\"$node_name\"}[$interval]) or \nmax_over_time(node_processes_threads{node_name=~\"$node_name\"}[$interval]))/\n(max_over_time(node_processes_max_threads{node_name=~\"$node_name\"}[$interval]) or \nmax_over_time(node_processes_max_threads{node_name=~\"$node_name\"}[5m])))",
          "format": "time_series",
          "interval": "$interval",
          "intervalFactor": 1,
          "legendFormat": "{{node_name}}",
          "metric": "",
          "refId": "B",
          "step": 300,
          "target": ""
        }
      ],
      "thresholds": [],
      "timeRegions": [],
      "title": "Percentage of Max Threads Limit",
      "tooltip": {
        "msResolution": false,
        "shared": true,
        "sort": 5,
        "value_type": "individual"
      },
      "type": "graph",
      "xaxis": {
        "mode": "time",
        "show": true,
        "values": []
      },
      "yaxes": [
        {
          "decimals": 2,
          "format": "percentunit",
          "label": "",
          "logBase": 1,
          "min": 0,
          "show": true
        },
        {
          "format": "bytes",
          "logBase": 1,
          "min": 0,
          "show": false
        }
      ],
      "yaxis": {
        "align": false
      }
    },
    {
      "aliasColors": {},
      "bars": false,
      "dashLength": 10,
      "dashes": false,
      "decimals": 2,
      "description": "**Processes**\n\nThe Processes graph shows how many processes/threads are either in the kernel run queue (runnable state) or in the blocked queue (waiting for I/O).  When the number of process in the runnable state is constantly higher than the number of CPU cores available, the load is CPU bound.  When the number of process blocked waiting for I/O is large, the load is disk bound.  The running average of the sum of these two quantities is the basis of the loadavg metric.",
      "editable": true,
      "error": false,
      "fieldConfig": {
        "defaults": {
          "links": []
        },
        "overrides": []
      },
      "fill": 2,
      "fillGradient": 0,
      "grid": {},
      "gridPos": {
        "h": 8,
        "w": 12,
        "x": 0,
        "y": 17
      },
      "hiddenSeries": false,
      "id": 20,
      "legend": {
        "alignAsTable": true,
        "avg": true,
        "current": false,
        "hideEmpty": false,
        "max": true,
        "min": true,
        "rightSide": false,
        "show": true,
        "sort": "avg",
        "sortDesc": true,
        "total": false,
        "values": true
      },
      "lines": false,
      "linewidth": 2,
      "links": [
        {
          "title": "Vmstat Output explained",
          "url": "http://nonfunctionaltestingtools.blogspot.ca/2013/03/vmstat-output-explained.html"
        }
      ],
      "nullPointMode": "null",
      "options": {
        "alertThreshold": true
      },
      "percentage": false,
      "pluginVersion": "8.3.5",
      "pointradius": 1,
      "points": true,
      "renderer": "flot",
      "seriesOverrides": [
        {
          "alias": "Avg",
          "color": "#E24D42",
          "fill": 0,
          "legend": false,
          "lines": true,
          "points": false
        }
      ],
      "spaceLength": 10,
      "stack": false,
      "steppedLine": false,
      "targets": [
        {
          "calculatedInterval": "2m",
          "datasourceErrors": {},
          "errors": {},
          "expr": "avg by (node_name) (max_over_time(node_procs_running{node_name=~\"$node_name\"}[$interval]) or \nmax_over_time(node_procs_running{node_name=~\"$node_name\"}[5m]))",
          "format": "time_series",
          "interval": "$interval",
          "intervalFactor": 1,
          "legendFormat": "{{node_name}}",
          "metric": "",
          "refId": "A",
          "step": 300,
          "target": ""
        },
        {
          "expr": "avg(max_over_time(node_procs_running{node_name=~\"$node_name\"}[$interval]) or max_over_time(node_procs_running{node_name=~\"$node_name\"}[5m]) )",
          "format": "time_series",
          "interval": "$interval",
          "intervalFactor": 1,
          "legendFormat": "Avg",
          "refId": "B"
        }
      ],
      "thresholds": [],
      "timeRegions": [],
      "title": "Runnable Processes",
      "tooltip": {
        "msResolution": false,
        "shared": true,
        "sort": 5,
        "value_type": "individual"
      },
      "type": "graph",
      "xaxis": {
        "mode": "time",
        "show": true,
        "values": []
      },
      "yaxes": [
        {
          "decimals": 2,
          "format": "none",
          "label": "",
          "logBase": 1,
          "min": 0,
          "show": true
        },
        {
          "format": "none",
          "logBase": 1,
          "min": 0,
          "show": false
        }
      ],
      "yaxis": {
        "align": false
      }
    },
    {
      "aliasColors": {},
      "bars": false,
      "dashLength": 10,
      "dashes": false,
      "decimals": 2,
      "description": "**Processes**\n\nThe Processes graph shows how many processes/threads are either in the kernel run queue (runnable state) or in the blocked queue (waiting for I/O).  When the number of process in the runnable state is constantly higher than the number of CPU cores available, the load is CPU bound.  When the number of process blocked waiting for I/O is large, the load is disk bound.  The running average of the sum of these two quantities is the basis of the loadavg metric.",
      "editable": true,
      "error": false,
      "fieldConfig": {
        "defaults": {
          "links": []
        },
        "overrides": []
      },
      "fill": 2,
      "fillGradient": 0,
      "grid": {},
      "gridPos": {
        "h": 8,
        "w": 12,
        "x": 12,
        "y": 17
      },
      "hiddenSeries": false,
      "id": 87,
      "legend": {
        "alignAsTable": true,
        "avg": true,
        "current": false,
        "hideEmpty": false,
        "max": true,
        "min": true,
        "rightSide": false,
        "show": true,
        "sort": "avg",
        "sortDesc": true,
        "total": false,
        "values": true
      },
      "lines": false,
      "linewidth": 2,
      "links": [
        {
          "title": "Vmstat Output explained",
          "url": "http://nonfunctionaltestingtools.blogspot.ca/2013/03/vmstat-output-explained.html"
        }
      ],
      "nullPointMode": "null as zero",
      "options": {
        "alertThreshold": true
      },
      "percentage": false,
      "pluginVersion": "8.3.5",
      "pointradius": 1,
      "points": true,
      "renderer": "flot",
      "seriesOverrides": [
        {
          "alias": "Avg",
          "color": "#C4162A",
          "fill": 0,
          "legend": false,
          "lines": true,
          "points": false
        }
      ],
      "spaceLength": 10,
      "stack": false,
      "steppedLine": false,
      "targets": [
        {
          "calculatedInterval": "2m",
          "datasourceErrors": {},
          "errors": {},
          "expr": "avg by (node_name) (max_over_time(node_procs_blocked{node_name=~\"$node_name\",node_type!~\"remote_rds\"}[$interval]) or max_over_time(node_procs_blocked{node_name=~\"$node_name\",node_type!~\"remote_rds\"}[5m]) or\nmax_over_time(rdsosmetrics_tasks_blocked{node_name=~\"$node_name\"}[$interval]) or \nmax_over_time(rdsosmetrics_tasks_blocked{node_name=~\"$node_name\"}[5m]))\n",
          "format": "time_series",
          "interval": "$interval",
          "intervalFactor": 1,
          "legendFormat": "{{node_name}}",
          "metric": "",
          "refId": "B",
          "step": 300,
          "target": ""
        },
        {
          "expr": "avg(max_over_time(node_procs_blocked{node_name=~\"$node_name\",node_type!~\"remote_rds\"}[$interval]) or max_over_time(node_procs_blocked{node_name=~\"$node_name\",node_type!~\"remote_rds\"}[5m]) or\nmax_over_time(rdsosmetrics_tasks_blocked{node_name=~\"$node_name\"}[$interval]) or \nmax_over_time(rdsosmetrics_tasks_blocked{node_name=~\"$node_name\"}[5m]))",
          "format": "time_series",
          "interval": "$interval",
          "intervalFactor": 1,
          "legendFormat": "Avg",
          "refId": "A"
        }
      ],
      "thresholds": [],
      "timeRegions": [],
      "title": "Blocked Processes Waiting for I/O ",
      "tooltip": {
        "msResolution": false,
        "shared": true,
        "sort": 5,
        "value_type": "individual"
      },
      "type": "graph",
      "xaxis": {
        "mode": "time",
        "show": true,
        "values": []
      },
      "yaxes": [
        {
          "decimals": 2,
          "format": "short",
          "label": "",
          "logBase": 1,
          "min": 0,
          "show": true
        },
        {
          "format": "none",
          "logBase": 1,
          "min": 0,
          "show": false
        }
      ],
      "yaxis": {
        "align": false
      }
    },
    {
      "aliasColors": {},
      "bars": false,
      "dashLength": 10,
      "dashes": false,
      "decimals": 2,
      "description": "",
      "editable": true,
      "error": false,
      "fieldConfig": {
        "defaults": {
          "links": []
        },
        "overrides": []
      },
      "fill": 2,
      "fillGradient": 0,
      "grid": {},
      "gridPos": {
        "h": 8,
        "w": 12,
        "x": 0,
        "y": 25
      },
      "hiddenSeries": false,
      "id": 21,
      "legend": {
        "alignAsTable": true,
        "avg": true,
        "current": false,
        "hideEmpty": false,
        "max": true,
        "min": true,
        "rightSide": false,
        "show": true,
        "sort": "avg",
        "sortDesc": true,
        "total": false,
        "values": true
      },
      "lines": false,
      "linewidth": 2,
      "links": [],
      "nullPointMode": "null as zero",
      "options": {
        "alertThreshold": true
      },
      "percentage": false,
      "pluginVersion": "8.3.5",
      "pointradius": 1,
      "points": true,
      "renderer": "flot",
      "seriesOverrides": [
        {
          "alias": "Avg",
          "color": "#C4162A",
          "fill": 0,
          "legend": false,
          "lines": true,
          "points": false
        }
      ],
      "spaceLength": 10,
      "stack": false,
      "steppedLine": false,
      "targets": [
        {
          "calculatedInterval": "2s",
          "datasourceErrors": {},
          "errors": {},
          "expr": "avg by (node_name) (max_over_time(node_processes_state{node_name=~\"$node_name\",state=\"S\"}[$interval]) or \nmax_over_time(node_processes_state{node_name=~\"$node_name\",state=\"S\"}[5m]) or \nmax_over_time(rdsosmetrics_tasks_sleeping{node_name=~\"$node_name\"}[$interval]) or \nmax_over_time(rdsosmetrics_tasks_sleeping{node_name=~\"$node_name\"}[5m]))",
          "format": "time_series",
          "interval": "$interval",
          "intervalFactor": 1,
          "legendFormat": "{{node_name}}",
          "metric": "",
          "refId": "B",
          "step": 300,
          "target": ""
        },
        {
          "expr": "avg(max_over_time(node_processes_state{node_name=~\"$node_name\",state=\"S\"}[$interval]) or \nmax_over_time(node_processes_state{node_name=~\"$node_name\",state=\"S\"}[5m]) or \nmax_over_time(rdsosmetrics_tasks_sleeping{node_name=~\"$node_name\"}[$interval]) or \nmax_over_time(rdsosmetrics_tasks_sleeping{node_name=~\"$node_name\"}[5m]))",
          "format": "time_series",
          "interval": "$interval",
          "intervalFactor": 1,
          "legendFormat": "Avg",
          "refId": "A"
        }
      ],
      "thresholds": [],
      "timeRegions": [],
      "title": "Sleeping Processes",
      "tooltip": {
        "msResolution": false,
        "shared": true,
        "sort": 5,
        "value_type": "individual"
      },
      "type": "graph",
      "xaxis": {
        "mode": "time",
        "show": true,
        "values": []
      },
      "yaxes": [
        {
          "decimals": 2,
          "format": "short",
          "label": "",
          "logBase": 1,
          "min": "0",
          "show": true
        },
        {
          "format": "bytes",
          "logBase": 1,
          "min": 0,
          "show": false
        }
      ],
      "yaxis": {
        "align": false
      }
    },
    {
      "aliasColors": {},
      "bars": false,
      "dashLength": 10,
      "dashes": false,
      "decimals": 2,
      "description": "",
      "editable": true,
      "error": false,
      "fieldConfig": {
        "defaults": {
          "links": []
        },
        "overrides": []
      },
      "fill": 2,
      "fillGradient": 0,
      "grid": {},
      "gridPos": {
        "h": 8,
        "w": 12,
        "x": 12,
        "y": 25
      },
      "hiddenSeries": false,
      "id": 88,
      "legend": {
        "alignAsTable": true,
        "avg": true,
        "current": false,
        "hideEmpty": false,
        "max": true,
        "min": true,
        "rightSide": false,
        "show": true,
        "sort": "avg",
        "sortDesc": true,
        "total": false,
        "values": true
      },
      "lines": false,
      "linewidth": 2,
      "links": [],
      "nullPointMode": "null as zero",
      "options": {
        "alertThreshold": true
      },
      "percentage": false,
      "pluginVersion": "8.3.5",
      "pointradius": 1,
      "points": true,
      "renderer": "flot",
      "seriesOverrides": [
        {
          "alias": "Avg",
          "color": "#C4162A",
          "fill": 0,
          "legend": false,
          "lines": true,
          "points": false
        }
      ],
      "spaceLength": 10,
      "stack": false,
      "steppedLine": false,
      "targets": [
        {
          "expr": "avg by (node_name) (max_over_time(node_processes_state{node_name=~\"$node_name\",state=\"R\"}[$interval]) or \nmax_over_time(node_processes_state{node_name=~\"$node_name\",state=\"R\"}[5m]) or\nmax_over_time(rdsosmetrics_tasks_running{node_name=~\"$node_name\"}[$interval]) or \nmax_over_time(rdsosmetrics_tasks_running{node_name=~\"$node_name\"}[5m]))",
          "format": "time_series",
          "interval": "$interval",
          "intervalFactor": 1,
          "legendFormat": "{{node_name}}",
          "refId": "A"
        },
        {
          "expr": "avg(max_over_time(node_processes_state{node_name=~\"$node_name\",state=\"R\"}[$interval]) or \nmax_over_time(node_processes_state{node_name=~\"$node_name\",state=\"R\"}[5m]) or\nmax_over_time(rdsosmetrics_tasks_running{node_name=~\"$node_name\"}[$interval]) or \nmax_over_time(rdsosmetrics_tasks_running{node_name=~\"$node_name\"}[5m]))",
          "format": "time_series",
          "interval": "$interval",
          "intervalFactor": 1,
          "legendFormat": "Avg",
          "refId": "B"
        }
      ],
      "thresholds": [],
      "timeRegions": [],
      "title": "Running Processes",
      "tooltip": {
        "msResolution": false,
        "shared": true,
        "sort": 5,
        "value_type": "individual"
      },
      "type": "graph",
      "xaxis": {
        "mode": "time",
        "show": true,
        "values": []
      },
      "yaxes": [
        {
          "decimals": 2,
          "format": "short",
          "label": "",
          "logBase": 1,
          "min": "0",
          "show": true
        },
        {
          "format": "bytes",
          "logBase": 1,
          "min": 0,
          "show": false
        }
      ],
      "yaxis": {
        "align": false
      }
    },
    {
      "aliasColors": {},
      "bars": false,
      "dashLength": 10,
      "dashes": false,
      "decimals": 2,
      "description": "",
      "editable": true,
      "error": false,
      "fieldConfig": {
        "defaults": {
          "links": []
        },
        "overrides": []
      },
      "fill": 2,
      "fillGradient": 0,
      "grid": {},
      "gridPos": {
        "h": 8,
        "w": 12,
        "x": 0,
        "y": 33
      },
      "hiddenSeries": false,
      "id": 89,
      "legend": {
        "alignAsTable": true,
        "avg": true,
        "current": false,
        "hideEmpty": false,
        "max": true,
        "min": true,
        "rightSide": false,
        "show": true,
        "sort": "avg",
        "sortDesc": true,
        "total": false,
        "values": true
      },
      "lines": false,
      "linewidth": 2,
      "links": [],
      "nullPointMode": "null as zero",
      "options": {
        "alertThreshold": true
      },
      "percentage": false,
      "pluginVersion": "8.3.5",
      "pointradius": 1,
      "points": true,
      "renderer": "flot",
      "seriesOverrides": [
        {
          "alias": "Avg",
          "color": "#C4162A",
          "fill": 0,
          "legend": false,
          "lines": true,
          "points": false
        }
      ],
      "spaceLength": 10,
      "stack": false,
      "steppedLine": false,
      "targets": [
        {
          "expr": "avg by (node_name) (max_over_time(node_processes_state{node_name=~\"$node_name\",state=\"D\"}[$interval]) or max_over_time(node_processes_state{node_name=~\"$node_name\",state=\"D\"}[5m]))",
          "format": "time_series",
          "interval": "$interval",
          "intervalFactor": 1,
          "legendFormat": "{{node_name}}",
          "refId": "C"
        },
        {
          "expr": "avg(max_over_time(node_processes_state{node_name=~\"$node_name\",state=\"D\"}[$interval]) or max_over_time(node_processes_state{node_name=~\"$node_name\",state=\"D\"}[5m]))",
          "format": "time_series",
          "interval": "$interval",
          "intervalFactor": 1,
          "legendFormat": "Avg",
          "refId": "A"
        }
      ],
      "thresholds": [],
      "timeRegions": [],
      "title": "Disk Sleep Processes",
      "tooltip": {
        "msResolution": false,
        "shared": true,
        "sort": 5,
        "value_type": "individual"
      },
      "type": "graph",
      "xaxis": {
        "mode": "time",
        "show": true,
        "values": []
      },
      "yaxes": [
        {
          "decimals": 2,
          "format": "short",
          "label": "",
          "logBase": 1,
          "show": true
        },
        {
          "format": "bytes",
          "logBase": 1,
          "min": 0,
          "show": false
        }
      ],
      "yaxis": {
        "align": false
      }
    },
    {
      "aliasColors": {},
      "bars": false,
      "dashLength": 10,
      "dashes": false,
      "decimals": 0,
      "description": "",
      "editable": true,
      "error": false,
      "fieldConfig": {
        "defaults": {
          "links": []
        },
        "overrides": []
      },
      "fill": 2,
      "fillGradient": 0,
      "grid": {},
      "gridPos": {
        "h": 8,
        "w": 12,
        "x": 12,
        "y": 33
      },
      "hiddenSeries": false,
      "id": 90,
      "legend": {
        "alignAsTable": true,
        "avg": true,
        "current": false,
        "hideEmpty": false,
        "max": true,
        "min": true,
        "rightSide": false,
        "show": true,
        "sort": "avg",
        "sortDesc": true,
        "total": false,
        "values": true
      },
      "lines": false,
      "linewidth": 2,
      "links": [],
      "nullPointMode": "null as zero",
      "options": {
        "alertThreshold": true
      },
      "percentage": false,
      "pluginVersion": "8.3.5",
      "pointradius": 1,
      "points": true,
      "renderer": "flot",
      "seriesOverrides": [
        {
          "alias": "Avg",
          "color": "#C4162A",
          "fill": 0,
          "legend": false,
          "lines": true
        }
      ],
      "spaceLength": 10,
      "stack": false,
      "steppedLine": false,
      "targets": [
        {
          "expr": "avg(max_over_time(node_processes_state{node_name=~\"$node_name\",state=\"T\"}[$interval]) or \nmax_over_time(node_processes_state{node_name=~\"$node_name\",state=\"T\"}[5m]) or\nmax_over_time(rdsosmetrics_tasks_stopped{node_name=~\"$node_name\"}[$interval]) or \nmax_over_time(rdsosmetrics_tasks_stopped{node_name=~\"$node_name\"}[5m]))",
          "format": "time_series",
          "interval": "$interval",
          "intervalFactor": 1,
          "legendFormat": "Avg",
          "refId": "D"
        },
        {
          "expr": "avg by (node_name) (max_over_time(node_processes_state{node_name=~\"$node_name\",state=\"T\"}[$interval]) or \nmax_over_time(node_processes_state{node_name=~\"$node_name\",state=\"T\"}[5m]) or\nmax_over_time(rdsosmetrics_tasks_stopped{node_name=~\"$node_name\"}[$interval]) or \nmax_over_time(rdsosmetrics_tasks_stopped{node_name=~\"$node_name\"}[5m]))",
          "format": "time_series",
          "interval": "$interval",
          "intervalFactor": 1,
          "legendFormat": "{{node_name}}",
          "refId": "A"
        }
      ],
      "thresholds": [],
      "timeRegions": [],
      "title": "Stopped Processes",
      "tooltip": {
        "msResolution": false,
        "shared": true,
        "sort": 5,
        "value_type": "individual"
      },
      "type": "graph",
      "xaxis": {
        "mode": "time",
        "show": true,
        "values": []
      },
      "yaxes": [
        {
          "decimals": 2,
          "format": "short",
          "label": "",
          "logBase": 1,
          "min": "0",
          "show": true
        },
        {
          "format": "bytes",
          "logBase": 1,
          "min": 0,
          "show": false
        }
      ],
      "yaxis": {
        "align": false
      }
    },
    {
      "aliasColors": {},
      "bars": false,
      "dashLength": 10,
      "dashes": false,
      "decimals": 2,
      "description": "",
      "editable": true,
      "error": false,
      "fieldConfig": {
        "defaults": {
          "links": []
        },
        "overrides": []
      },
      "fill": 2,
      "fillGradient": 0,
      "grid": {},
      "gridPos": {
        "h": 8,
        "w": 12,
        "x": 0,
        "y": 41
      },
      "hiddenSeries": false,
      "id": 91,
      "legend": {
        "alignAsTable": true,
        "avg": true,
        "current": false,
        "hideEmpty": false,
        "max": true,
        "min": true,
        "rightSide": false,
        "show": true,
        "sort": "avg",
        "sortDesc": true,
        "total": false,
        "values": true
      },
      "lines": false,
      "linewidth": 2,
      "links": [],
      "nullPointMode": "null as zero",
      "options": {
        "alertThreshold": true
      },
      "percentage": false,
      "pluginVersion": "8.3.5",
      "pointradius": 1,
      "points": true,
      "renderer": "flot",
      "seriesOverrides": [
        {
          "alias": "Avg",
          "color": "#C4162A",
          "fill": 0,
          "legend": false,
          "lines": true,
          "points": false
        }
      ],
      "spaceLength": 10,
      "stack": false,
      "steppedLine": false,
      "targets": [
        {
          "expr": "avg by (node_name) (max_over_time(node_processes_state{node_name=~\"$node_name\",state=\"Z\"}[$interval]) or \nmax_over_time(node_processes_state{node_name=~\"$node_name\",state=\"Z\"}[5m]) or\nmax_over_time(rdsosmetrics_tasks_zombie{node_name=~\"$node_name\"}[$interval]) or \nmax_over_time(rdsosmetrics_tasks_zombie{node_name=~\"$node_name\"}[5m]))",
          "format": "time_series",
          "interval": "$interval",
          "intervalFactor": 1,
          "legendFormat": "{{node_name}}",
          "refId": "E"
        },
        {
          "expr": "avg(max_over_time(node_processes_state{node_name=~\"$node_name\",state=\"Z\"}[$interval]) or \nmax_over_time(node_processes_state{node_name=~\"$node_name\",state=\"Z\"}[5m]) or\nmax_over_time(rdsosmetrics_tasks_zombie{node_name=~\"$node_name\"}[$interval]) or \nmax_over_time(rdsosmetrics_tasks_zombie{node_name=~\"$node_name\"}[5m]))",
          "format": "time_series",
          "interval": "$interval",
          "intervalFactor": 1,
          "legendFormat": "Avg",
          "refId": "A"
        }
      ],
      "thresholds": [],
      "timeRegions": [],
      "title": "Zombie Processes",
      "tooltip": {
        "msResolution": false,
        "shared": true,
        "sort": 5,
        "value_type": "individual"
      },
      "type": "graph",
      "xaxis": {
        "mode": "time",
        "show": true,
        "values": []
      },
      "yaxes": [
        {
          "decimals": 2,
          "format": "short",
          "label": "",
          "logBase": 1,
          "show": true
        },
        {
          "format": "bytes",
          "logBase": 1,
          "min": 0,
          "show": false
        }
      ],
      "yaxis": {
        "align": false
      }
    },
    {
      "aliasColors": {},
      "bars": false,
      "dashLength": 10,
      "dashes": false,
      "decimals": 2,
      "description": "",
      "editable": true,
      "error": false,
      "fieldConfig": {
        "defaults": {
          "links": []
        },
        "overrides": []
      },
      "fill": 2,
      "fillGradient": 0,
      "grid": {},
      "gridPos": {
        "h": 8,
        "w": 12,
        "x": 12,
        "y": 41
      },
      "hiddenSeries": false,
      "id": 92,
      "legend": {
        "alignAsTable": true,
        "avg": true,
        "current": false,
        "hideEmpty": false,
        "hideZero": false,
        "max": true,
        "min": true,
        "rightSide": false,
        "show": true,
        "sort": "avg",
        "sortDesc": true,
        "total": false,
        "values": true
      },
      "lines": false,
      "linewidth": 2,
      "links": [],
      "nullPointMode": "null as zero",
      "options": {
        "alertThreshold": true
      },
      "percentage": false,
      "pluginVersion": "8.3.5",
      "pointradius": 1,
      "points": true,
      "renderer": "flot",
      "seriesOverrides": [
        {
          "alias": "Avg",
          "color": "#C4162A",
          "fill": 0,
          "legend": false,
          "lines": true,
          "points": false
        }
      ],
      "spaceLength": 10,
      "stack": false,
      "steppedLine": false,
      "targets": [
        {
          "expr": "avg by (node_name) (max_over_time(node_processes_state{node_name=~\"$node_name\",state=\"X\"}[$interval]) or \nmax_over_time(node_processes_state{node_name=~\"$node_name\",state=\"X\"}[5m]))",
          "format": "time_series",
          "interval": "$interval",
          "intervalFactor": 1,
          "legendFormat": "{{node_name}}",
          "refId": "F"
        },
        {
          "expr": "avg(max_over_time(node_processes_state{node_name=~\"$node_name\",state=\"X\"}[$interval]) or max_over_time(node_processes_state{node_name=~\"$node_name\",state=\"X\"}[5m]))",
          "format": "time_series",
          "interval": "$interval",
          "intervalFactor": 1,
          "legendFormat": "Avg",
          "refId": "A"
        }
      ],
      "thresholds": [],
      "timeRegions": [],
      "title": "Dead Processes",
      "tooltip": {
        "msResolution": false,
        "shared": true,
        "sort": 5,
        "value_type": "individual"
      },
      "type": "graph",
      "xaxis": {
        "mode": "time",
        "show": true,
        "values": []
      },
      "yaxes": [
        {
          "decimals": 2,
          "format": "short",
          "label": "",
          "logBase": 1,
          "min": "0",
          "show": true
        },
        {
          "format": "bytes",
          "logBase": 1,
          "min": 0,
          "show": false
        }
      ],
      "yaxis": {
        "align": false
      }
    },
    {
      "collapsed": false,
      "gridPos": {
        "h": 1,
        "w": 24,
        "x": 0,
        "y": 49
      },
      "id": 48,
      "panels": [],
      "repeat": "node_name",
      "title": "$node_name",
      "type": "row"
    },
    {
      "aliasColors": {},
      "bars": false,
      "dashLength": 10,
      "dashes": false,
      "decimals": 2,
      "description": "**Processes**\n\nThe Processes graph shows how many processes/threads are either in the kernel run queue (runnable state) or in the blocked queue (waiting for I/O).  When the number of process in the runnable state is constantly higher than the number of CPU cores available, the load is CPU bound.  When the number of process blocked waiting for I/O is large, the load is disk bound.  The running average of the sum of these two quantities is the basis of the loadavg metric.",
      "editable": true,
      "error": false,
      "fieldConfig": {
        "defaults": {
          "links": []
        },
        "overrides": []
      },
      "fill": 2,
      "fillGradient": 0,
      "grid": {},
      "gridPos": {
        "h": 8,
        "w": 12,
        "x": 0,
        "y": 50
      },
      "hiddenSeries": false,
      "id": 53,
      "legend": {
        "alignAsTable": true,
        "avg": true,
        "current": false,
        "hideEmpty": false,
        "max": true,
        "min": true,
        "rightSide": false,
        "show": true,
        "sort": "avg",
        "sortDesc": true,
        "total": false,
        "values": true
      },
      "lines": false,
      "linewidth": 2,
      "links": [
        {
          "title": "Vmstat Output explained",
          "url": "http://nonfunctionaltestingtools.blogspot.ca/2013/03/vmstat-output-explained.html"
        }
      ],
      "nullPointMode": "null",
      "options": {
        "alertThreshold": true
      },
      "percentage": false,
      "pluginVersion": "8.3.5",
      "pointradius": 1,
      "points": true,
      "renderer": "flot",
      "seriesOverrides": [
        {
          "alias": "Processes blocked waiting for I/O to complete",
          "color": "#E24D42"
        },
        {
          "alias": "Processes in runnable state",
          "color": "#6ED0E0"
        }
      ],
      "spaceLength": 10,
      "stack": false,
      "steppedLine": false,
      "targets": [
        {
          "calculatedInterval": "2m",
          "datasourceErrors": {},
          "errors": {},
          "expr": "avg by (node_name) (node_procs_running{node_name=~\"$node_name\"})",
          "format": "time_series",
          "interval": "$interval",
          "intervalFactor": 1,
          "legendFormat": "Processes in runnable state",
          "metric": "",
          "refId": "A",
          "step": 300,
          "target": ""
        },
        {
          "calculatedInterval": "2m",
          "datasourceErrors": {},
          "errors": {},
          "expr": "avg by (node_name) (node_procs_blocked{node_name=~\"$node_name\"})",
          "format": "time_series",
          "interval": "$interval",
          "intervalFactor": 1,
          "legendFormat": "Processes blocked waiting for I/O to complete",
          "metric": "",
          "refId": "B",
          "step": 300,
          "target": ""
        }
      ],
      "thresholds": [],
      "timeRegions": [],
      "title": "Processes",
      "tooltip": {
        "msResolution": false,
        "shared": true,
        "sort": 5,
        "value_type": "individual"
      },
      "type": "graph",
      "xaxis": {
        "mode": "time",
        "show": true,
        "values": []
      },
      "yaxes": [
        {
          "decimals": 2,
          "format": "none",
          "label": "",
          "logBase": 1,
          "min": 0,
          "show": true
        },
        {
          "format": "none",
          "logBase": 1,
          "min": 0,
          "show": false
        }
      ],
      "yaxis": {
        "align": false
      }
    },
    {
      "aliasColors": {},
      "bars": false,
      "dashLength": 10,
      "dashes": false,
      "decimals": 2,
      "description": "",
      "editable": true,
      "error": false,
      "fieldConfig": {
        "defaults": {
          "links": []
        },
        "overrides": []
      },
      "fill": 2,
      "fillGradient": 0,
      "grid": {},
      "gridPos": {
        "h": 8,
        "w": 12,
        "x": 12,
        "y": 50
      },
      "hiddenSeries": false,
      "id": 54,
      "legend": {
        "alignAsTable": true,
        "avg": true,
        "current": false,
        "hideEmpty": false,
        "max": true,
        "min": true,
        "rightSide": false,
        "show": true,
        "sort": "avg",
        "sortDesc": true,
        "total": false,
        "values": true
      },
      "lines": false,
      "linewidth": 2,
      "links": [],
      "nullPointMode": "null",
      "options": {
        "alertThreshold": true
      },
      "percentage": false,
      "pluginVersion": "8.3.5",
      "pointradius": 1,
      "points": true,
      "renderer": "flot",
      "seriesOverrides": [],
      "spaceLength": 10,
      "stack": false,
      "steppedLine": false,
      "targets": [
        {
          "calculatedInterval": "2s",
          "datasourceErrors": {},
          "errors": {},
          "expr": "avg by (node_name) (max_over_time(node_processes_state{node_name=~\"$node_name\",state=\"S\"}[$interval]) or \nmax_over_time(node_processes_state{node_name=~\"$node_name\",state=\"S\"}[5m]) or\nmax_over_time(rdsosmetrics_tasks_sleeping{node_name=~\"$node_name\"}[$interval]) or \nmax_over_time(rdsosmetrics_tasks_sleeping{node_name=~\"$node_name\"}[5m]))",
          "format": "time_series",
          "interval": "$interval",
          "intervalFactor": 1,
          "legendFormat": "Sleeping",
          "metric": "",
          "refId": "B",
          "step": 300,
          "target": ""
        },
        {
          "expr": "avg by (node_name) (max_over_time(node_processes_state{node_name=~\"$node_name\",state=\"R\"}[$interval]) or \nmax_over_time(node_processes_state{node_name=~\"$node_name\",state=\"R\"}[5m]) or\nmax_over_time(rdsosmetrics_tasks_running{node_name=~\"$node_name\"}[$interval]) or \nmax_over_time(rdsosmetrics_tasks_running{node_name=~\"$node_name\"}[5m]))",
          "format": "time_series",
          "interval": "$interval",
          "intervalFactor": 1,
          "legendFormat": "Running",
          "refId": "A"
        },
        {
          "expr": "avg by (node_name) (max_over_time(node_processes_state{node_name=~\"$node_name\",state=\"D\"}[$interval]) or \nmax_over_time(node_processes_state{node_name=~\"$node_name\",state=\"D\"}[5m]))",
          "format": "time_series",
          "interval": "$interval",
          "intervalFactor": 1,
          "legendFormat": "Disk sleep",
          "refId": "C"
        },
        {
          "expr": "avg by (node_name) (max_over_time(node_processes_state{node_name=~\"$node_name\",state=\"T\"}[$interval]) or \nmax_over_time(node_processes_state{node_name=~\"$node_name\",state=\"T\"}[5m]) or\nmax_over_time(rdsosmetrics_tasks_stopped{node_name=~\"$node_name\"}[$interval]) or \nmax_over_time(rdsosmetrics_tasks_stopped{node_name=~\"$node_name\"}[5m]))",
          "format": "time_series",
          "interval": "$interval",
          "intervalFactor": 1,
          "legendFormat": "Stopped",
          "refId": "D"
        },
        {
          "expr": "avg by (node_name) (max_over_time(node_processes_state{node_name=~\"$node_name\",state=\"Z\"}[$interval]) or \nmax_over_time(node_processes_state{node_name=~\"$node_name\",state=\"Z\"}[5m]) or\nmax_over_time(rdsosmetrics_tasks_zombie{node_name=~\"$node_name\"}[$interval]) or \nmax_over_time(rdsosmetrics_tasks_zombie{node_name=~\"$node_name\"}[5m]))",
          "format": "time_series",
          "interval": "$interval",
          "intervalFactor": 1,
          "legendFormat": "Zombie",
          "refId": "E"
        },
        {
          "expr": "avg by (node_name) (max_over_time(node_processes_state{node_name=~\"$node_name\",state=\"X\"}[$interval]) or \nmax_over_time(node_processes_state{node_name=~\"$node_name\",state=\"X\"}[5m]))",
          "format": "time_series",
          "interval": "$interval",
          "intervalFactor": 1,
          "legendFormat": "Dead",
          "refId": "F"
        }
      ],
      "thresholds": [],
      "timeRegions": [],
      "title": "States of Processes",
      "tooltip": {
        "msResolution": false,
        "shared": true,
        "sort": 5,
        "value_type": "individual"
      },
      "type": "graph",
      "xaxis": {
        "mode": "time",
        "show": true,
        "values": []
      },
      "yaxes": [
        {
          "decimals": 2,
          "format": "short",
          "label": "",
          "logBase": 2,
          "min": "0",
          "show": true
        },
        {
          "format": "bytes",
          "logBase": 1,
          "min": 0,
          "show": false
        }
      ],
      "yaxis": {
        "align": false
      }
    },
    {
      "aliasColors": {},
      "bars": false,
      "dashLength": 10,
      "dashes": false,
      "decimals": 2,
      "description": "",
      "editable": true,
      "error": false,
      "fieldConfig": {
        "defaults": {
          "links": []
        },
        "overrides": []
      },
      "fill": 2,
      "fillGradient": 0,
      "grid": {},
      "gridPos": {
        "h": 8,
        "w": 12,
        "x": 0,
        "y": 58
      },
      "hiddenSeries": false,
      "id": 55,
      "legend": {
        "alignAsTable": true,
        "avg": true,
        "current": false,
        "hideEmpty": false,
        "max": true,
        "min": true,
        "rightSide": false,
        "show": true,
        "sort": "avg",
        "sortDesc": true,
        "total": false,
        "values": true
      },
      "lines": true,
      "linewidth": 2,
      "links": [],
      "nullPointMode": "null",
      "options": {
        "alertThreshold": true
      },
      "percentage": false,
      "pluginVersion": "8.3.5",
      "pointradius": 2,
      "points": false,
      "renderer": "flot",
      "seriesOverrides": [
        {
          "alias": "Max",
          "color": "#C4162A",
          "fill": 0,
          "legend": false
        }
      ],
      "spaceLength": 10,
      "stack": false,
      "steppedLine": false,
      "targets": [
        {
          "calculatedInterval": "2s",
          "datasourceErrors": {},
          "errors": {},
          "expr": "avg by (node_name) (max_over_time(node_processes_pids{node_name=~\"$node_name\"}[$interval]) or max_over_time(node_processes_pids{node_name=~\"$node_name\"}[5m]) or\ncount by (node_name) (max_over_time(rdsosmetrics_processList_cpuUsedPc{node_name=~\"$node_name\"}[$interval]) or max_over_time(rdsosmetrics_processList_cpuUsedPc{node_name=~\"$node_name\"}[5m])))",
          "format": "time_series",
          "interval": "$interval",
          "intervalFactor": 1,
          "legendFormat": "PIDs",
          "metric": "",
          "refId": "B",
          "step": 300,
          "target": ""
        },
        {
          "expr": "avg by (node_name) (max_over_time(node_processes_max_processes{node_name=\"$node_name\"}[$interval]) or max_over_time(node_processes_max_processes{node_name=\"$node_name\"}[5m]))",
          "format": "time_series",
          "interval": "$interval",
          "intervalFactor": 1,
          "legendFormat": "Max",
          "refId": "A"
        }
      ],
      "thresholds": [],
      "timeRegions": [],
      "title": "Number of PIDs",
      "tooltip": {
        "msResolution": false,
        "shared": true,
        "sort": 5,
        "value_type": "individual"
      },
      "type": "graph",
      "xaxis": {
        "mode": "time",
        "show": true,
        "values": []
      },
      "yaxes": [
        {
          "decimals": 2,
          "format": "short",
          "label": "",
          "logBase": 2,
          "min": 0,
          "show": true
        },
        {
          "format": "bytes",
          "logBase": 1,
          "min": 0,
          "show": false
        }
      ],
      "yaxis": {
        "align": false
      }
    },
    {
      "aliasColors": {},
      "bars": false,
      "dashLength": 10,
      "dashes": false,
      "decimals": 2,
      "description": "",
      "editable": true,
      "error": false,
      "fieldConfig": {
        "defaults": {
          "links": []
        },
        "overrides": []
      },
      "fill": 2,
      "fillGradient": 0,
      "grid": {},
      "gridPos": {
        "h": 8,
        "w": 12,
        "x": 12,
        "y": 58
      },
      "hiddenSeries": false,
      "id": 43,
      "legend": {
        "alignAsTable": true,
        "avg": true,
        "current": false,
        "hideEmpty": false,
        "max": true,
        "min": true,
        "rightSide": false,
        "show": true,
        "sort": "avg",
        "sortDesc": true,
        "total": false,
        "values": true
      },
      "lines": true,
      "linewidth": 2,
      "links": [],
      "nullPointMode": "null",
      "options": {
        "alertThreshold": true
      },
      "percentage": false,
      "pluginVersion": "8.3.5",
      "pointradius": 2,
      "points": false,
      "renderer": "flot",
      "seriesOverrides": [
        {
          "alias": "Max",
          "color": "#C4162A",
          "fill": 0,
          "legend": false
        },
        {
          "alias": "PIDs",
          "color": "#1F60C4"
        }
      ],
      "spaceLength": 10,
      "stack": false,
      "steppedLine": true,
      "targets": [
        {
          "calculatedInterval": "2s",
          "datasourceErrors": {},
          "errors": {},
          "expr": "avg by (node_name) ((max_over_time(node_processes_pids{node_name=\"$node_name\"}[$interval]) or max_over_time(node_processes_pids{node_name=\"$node_name\"}[5m])) /\n(max_over_time(node_processes_max_processes{node_name=\"$node_name\"}[$interval]) or max_over_time(node_processes_max_processes{node_name=\"$node_name\"}[5m])))",
          "format": "time_series",
          "interval": "$interval",
          "intervalFactor": 1,
          "legendFormat": "PIDs",
          "metric": "",
          "refId": "B",
          "step": 300,
          "target": ""
        }
      ],
      "thresholds": [],
      "timeRegions": [],
      "title": "Percentage of max PIDs limit",
      "tooltip": {
        "msResolution": false,
        "shared": true,
        "sort": 5,
        "value_type": "individual"
      },
      "type": "graph",
      "xaxis": {
        "mode": "time",
        "show": true,
        "values": []
      },
      "yaxes": [
        {
          "decimals": 2,
          "format": "percentunit",
          "label": "",
          "logBase": 1,
          "min": 0,
          "show": true
        },
        {
          "format": "bytes",
          "logBase": 1,
          "min": 0,
          "show": false
        }
      ],
      "yaxis": {
        "align": false
      }
    },
    {
      "aliasColors": {},
      "bars": false,
      "dashLength": 10,
      "dashes": false,
      "decimals": 2,
      "description": "",
      "editable": true,
      "error": false,
      "fieldConfig": {
        "defaults": {
          "links": []
        },
        "overrides": []
      },
      "fill": 2,
      "fillGradient": 0,
      "grid": {},
      "gridPos": {
        "h": 8,
        "w": 12,
        "x": 0,
        "y": 66
      },
      "hiddenSeries": false,
      "id": 57,
      "legend": {
        "alignAsTable": true,
        "avg": true,
        "current": false,
        "hideEmpty": false,
        "max": true,
        "min": true,
        "rightSide": false,
        "show": true,
        "sort": "avg",
        "sortDesc": true,
        "total": false,
        "values": true
      },
      "lines": true,
      "linewidth": 2,
      "links": [],
      "nullPointMode": "null",
      "options": {
        "alertThreshold": true
      },
      "percentage": false,
      "pluginVersion": "8.3.5",
      "pointradius": 2,
      "points": false,
      "renderer": "flot",
      "seriesOverrides": [
        {
          "alias": "Max",
          "color": "#C4162A",
          "fill": 0,
          "legend": false
        }
      ],
      "spaceLength": 10,
      "stack": false,
      "steppedLine": false,
      "targets": [
        {
          "calculatedInterval": "2s",
          "datasourceErrors": {},
          "errors": {},
          "expr": "avg by (node_name) (max_over_time(node_processes_threads{node_name=~\"$node_name\"}[$interval]) or \nmax_over_time(node_processes_threads{node_name=~\"$node_name\"}[5m]) or\ncount by (node_name) (count by (id,node_name)(max_over_time(rdsosmetrics_processList_rss{node_name=~\"$node_name\"}[$interval]) or\nmax_over_time(rdsosmetrics_processList_rss{node_name=~\"$node_name\"}[5m])))) ",
          "format": "time_series",
          "interval": "$interval",
          "intervalFactor": 1,
          "legendFormat": "Threads",
          "metric": "",
          "refId": "B",
          "step": 300,
          "target": ""
        },
        {
          "expr": "avg by (node_name) (max_over_time(node_processes_max_threads{node_name=\"$node_name\"}[$interval]) or max_over_time(node_processes_max_threads{node_name=\"$node_name\"}[5m]))",
          "format": "time_series",
          "interval": "$interval",
          "intervalFactor": 1,
          "legendFormat": "Max",
          "refId": "A"
        }
      ],
      "thresholds": [],
      "timeRegions": [],
      "title": "Number of Threads",
      "tooltip": {
        "msResolution": false,
        "shared": true,
        "sort": 5,
        "value_type": "individual"
      },
      "type": "graph",
      "xaxis": {
        "mode": "time",
        "show": true,
        "values": []
      },
      "yaxes": [
        {
          "decimals": 2,
          "format": "short",
          "label": "",
          "logBase": 2,
          "min": 0,
          "show": true
        },
        {
          "format": "bytes",
          "logBase": 1,
          "min": 0,
          "show": false
        }
      ],
      "yaxis": {
        "align": false
      }
    },
    {
      "aliasColors": {},
      "bars": false,
      "dashLength": 10,
      "dashes": false,
      "decimals": 2,
      "description": "",
      "editable": true,
      "error": false,
      "fieldConfig": {
        "defaults": {
          "links": []
        },
        "overrides": []
      },
      "fill": 2,
      "fillGradient": 0,
      "grid": {},
      "gridPos": {
        "h": 8,
        "w": 12,
        "x": 12,
        "y": 66
      },
      "hiddenSeries": false,
      "id": 58,
      "legend": {
        "alignAsTable": true,
        "avg": true,
        "current": false,
        "hideEmpty": false,
        "max": true,
        "min": true,
        "rightSide": false,
        "show": true,
        "sort": "avg",
        "sortDesc": true,
        "total": false,
        "values": true
      },
      "lines": true,
      "linewidth": 2,
      "links": [],
      "nullPointMode": "null",
      "options": {
        "alertThreshold": true
      },
      "percentage": false,
      "pluginVersion": "8.3.5",
      "pointradius": 2,
      "points": false,
      "renderer": "flot",
      "seriesOverrides": [
        {
          "alias": "Max",
          "color": "#C4162A",
          "fill": 0,
          "legend": false
        },
        {
          "alias": "PIDs",
          "color": "#1F60C4"
        }
      ],
      "spaceLength": 10,
      "stack": false,
      "steppedLine": true,
      "targets": [
        {
          "calculatedInterval": "2s",
          "datasourceErrors": {},
          "errors": {},
          "expr": "avg by (node_name) ((max_over_time(node_processes_threads{node_name=\"$node_name\"}[$interval]) or max_over_time(node_processes_threads{node_name=\"$node_name\"}[5m])) /\n(max_over_time(node_processes_max_threads{node_name=\"$node_name\"}[$interval]) or max_over_time(node_processes_max_threads{node_name=\"$node_name\"}[5m])))",
          "format": "time_series",
          "interval": "$interval",
          "intervalFactor": 1,
          "legendFormat": "PIDs",
          "metric": "",
          "refId": "B",
          "step": 300,
          "target": ""
        }
      ],
      "thresholds": [],
      "timeRegions": [],
      "title": "Percentage of max threads limit",
      "tooltip": {
        "msResolution": false,
        "shared": true,
        "sort": 5,
        "value_type": "individual"
      },
      "type": "graph",
      "xaxis": {
        "mode": "time",
        "show": true,
        "values": []
      },
      "yaxes": [
        {
          "decimals": 2,
          "format": "percentunit",
          "label": "",
          "logBase": 1,
          "min": 0,
          "show": true
        },
        {
          "format": "bytes",
          "logBase": 1,
          "min": 0,
          "show": false
        }
      ],
      "yaxis": {
        "align": false
      }
    }
  ],
  "refresh": "1m",
  "schemaVersion": 34,
  "style": "dark",
  "tags": [
    "Percona",
    "OS"
  ],
  "templating": {
    "list": [
      {
        "allFormat": "glob",
        "auto": true,
        "auto_count": 200,
        "auto_min": "1s",
        "current": {
          "selected": false,
          "text": "auto",
          "value": "$__auto_interval_interval"
        },
        "datasource": "Metrics",
        "hide": 0,
        "includeAll": false,
        "label": "Interval",
        "multi": false,
        "multiFormat": "glob",
        "name": "interval",
        "options": [
          {
            "selected": true,
            "text": "auto",
            "value": "$__auto_interval_interval"
          },
          {
            "selected": false,
            "text": "1s",
            "value": "1s"
          },
          {
            "selected": false,
            "text": "5s",
            "value": "5s"
          },
          {
            "selected": false,
            "text": "1m",
            "value": "1m"
          },
          {
            "selected": false,
            "text": "5m",
            "value": "5m"
          },
          {
            "selected": false,
            "text": "1h",
            "value": "1h"
          },
          {
            "selected": false,
            "text": "6h",
            "value": "6h"
          },
          {
            "selected": false,
            "text": "1d",
            "value": "1d"
          }
        ],
        "query": "1s,5s,1m,5m,1h,6h,1d",
        "refresh": 2,
        "skipUrlSync": false,
        "type": "interval"
      },
      {
        "allFormat": "glob",
        "allValue": ".*",
        "current": {
          "selected": false,
          "text": "All",
          "value": "$__all"
        },
        "datasource": "Metrics",
        "definition": "label_values(node_load1{node_type=~\"generic|remote_rds|container|remote\"}, region)",
        "hide": 0,
        "includeAll": true,
        "label": "Region",
        "multi": true,
        "multiFormat": "regex values",
        "name": "region",
        "options": [],
        "query": {
          "query": "label_values(node_load1{node_type=~\"generic|remote_rds|container|remote\"}, region)",
          "refId": "Metrics-region-Variable-Query"
        },
        "refresh": 2,
        "refresh_on_load": false,
        "regex": "",
        "skipUrlSync": false,
        "sort": 1,
        "type": "query",
        "useTags": false
      },
      {
        "allFormat": "glob",
        "allValue": ".*",
        "current": {
          "selected": false,
          "text": "All",
          "value": "$__all"
        },
        "datasource": "Metrics",
        "definition": "label_values(up{region=~\"$region\"}, node_type)",
        "hide": 0,
        "includeAll": true,
        "label": "Type",
        "multi": true,
        "multiFormat": "regex values",
        "name": "node_type",
        "options": [],
        "query": {
          "query": "label_values(up{region=~\"$region\"}, node_type)",
          "refId": "Metrics-node_type-Variable-Query"
        },
        "refresh": 2,
        "refresh_on_load": false,
        "regex": "",
        "skipUrlSync": false,
        "sort": 1,
        "type": "query",
        "useTags": false
      },
      {
        "allValue": ".*",
        "current": {
          "selected": true,
          "text": [
            "All"
          ],
          "value": [
            "$__all"
          ]
        },
        "datasource": "Metrics",
        "definition": "label_values({region=~\"$region\",node_type=~\"$node_type\",__name__=~\"pg_up|mysql_up|mongodb_up|proxysql_mysql_status_active_transactions|up\"}, environment)",
        "hide": 0,
        "includeAll": true,
        "label": "Environment",
        "multi": true,
        "multiFormat": "regex values",
        "name": "environment",
        "options": [],
        "query": {
          "query": "label_values({region=~\"$region\",node_type=~\"$node_type\",__name__=~\"pg_up|mysql_up|mongodb_up|proxysql_mysql_status_active_transactions|up\"}, environment)",
          "refId": "Metrics-node_type-Variable-Query"
        },
        "refresh": 2,
        "refresh_on_load": false,
        "regex": "",
        "skipUrlSync": false,
        "sort": 1,
        "type": "query",
        "useTags": false
      },
      {
        "allFormat": "glob",
        "current": {
          "selected": false,
          "text": "All",
          "value": "$__all"
        },
        "datasource": "Metrics",
        "definition": "label_values(up{region=~\"$region\",node_type=~\"$node_type\",environment=~\"$environment\"}, node_name)",
        "hide": 0,
        "includeAll": false,
        "label": "Node Name",
        "multi": false,
        "multiFormat": "regex values",
        "name": "node_name",
        "options": [],
        "query": {
          "query": "label_values(up{region=~\"$region\",node_type=~\"$node_type\",environment=~\"$environment\"}, node_name)",
          "refId": "Metrics-node_name-Variable-Query"
        },
        "refresh": 2,
        "refresh_on_load": false,
        "regex": "",
        "skipUrlSync": false,
        "sort": 1,
        "type": "query",
        "useTags": false
      },
      {
        "current": {
          "selected": false,
          "text": "All",
          "value": "$__all"
        },
        "datasource": "Metrics",
        "definition": "label_values({__name__=~\"pg_up|mysql_up|mongodb_up|proxysql_mysql_status_active_transactions\"}, service_name)",
        "hide": 2,
        "includeAll": true,
        "label": "Service Name",
        "multi": true,
        "name": "service_name",
        "options": [],
        "query": {
          "query": "label_values({__name__=~\"pg_up|mysql_up|mongodb_up|proxysql_mysql_status_active_transactions\"}, service_name)",
          "refId": "Metrics-service_name-Variable-Query"
        },
        "refresh": 2,
        "regex": "",
        "skipUrlSync": false,
        "sort": 5,
        "tagValuesQuery": "",
        "tagsQuery": "",
        "type": "query",
        "useTags": false
      },
      {
        "current": {
          "selected": false,
          "text": "All",
          "value": "$__all"
        },
        "datasource": "Metrics",
        "definition": "label_values({__name__=~\"pg_up|mysql_up|mongodb_up|proxysql_mysql_status_active_transactions\"}, cluster)",
        "hide": 2,
        "includeAll": true,
        "label": "Cluster",
        "multi": true,
        "name": "cluster",
        "options": [],
        "query": {
          "query": "label_values({__name__=~\"pg_up|mysql_up|mongodb_up|proxysql_mysql_status_active_transactions\"}, cluster)",
          "refId": "Metrics-cluster-Variable-Query"
        },
        "refresh": 2,
        "regex": "",
        "skipUrlSync": false,
        "sort": 5,
        "tagValuesQuery": "",
        "tagsQuery": "",
        "type": "query",
        "useTags": false
      },
      {
        "current": {
          "selected": false,
          "text": "All",
          "value": "$__all"
        },
        "datasource": "Metrics",
        "definition": "label_values({__name__=~\"pg_up|mysql_up|mongodb_up|proxysql_mysql_status_active_transactions\"}, replication_set)",
        "hide": 2,
        "includeAll": true,
        "label": "Replication Set",
        "multi": true,
        "name": "replication_set",
        "options": [],
        "query": {
          "query": "label_values({__name__=~\"pg_up|mysql_up|mongodb_up|proxysql_mysql_status_active_transactions\"}, replication_set)",
          "refId": "Metrics-replication_set-Variable-Query"
        },
        "refresh": 2,
        "regex": "",
        "skipUrlSync": false,
        "sort": 5,
        "tagValuesQuery": "",
        "tagsQuery": "",
        "type": "query",
        "useTags": false
      },
      {
        "current": {
          "selected": false,
          "text": "All",
          "value": "$__all"
        },
        "datasource": "Metrics",
        "definition": "label_values(pg_stat_database_tup_fetched{service_name=~\"$service_name\",datname!~\"template.*|postgres\"},datname)",
        "hide": 2,
        "includeAll": true,
        "label": "Database",
        "multi": true,
        "name": "database",
        "options": [],
        "query": {
          "query": "label_values(pg_stat_database_tup_fetched{service_name=~\"$service_name\",datname!~\"template.*|postgres\"},datname)",
          "refId": "Metrics-database-Variable-Query"
        },
        "refresh": 1,
        "regex": "",
        "skipUrlSync": false,
        "sort": 5,
        "tagValuesQuery": "",
        "tagsQuery": "",
        "type": "query",
        "useTags": false
      },
      {
        "current": {
          "selected": false,
          "text": "All",
          "value": "$__all"
        },
        "datasource": "Metrics",
        "definition": "label_values({__name__=~\"pg_up|mysql_up|mongodb_up|proxysql_mysql_status_active_transactions\"}, service_type)",
        "hide": 2,
        "includeAll": true,
        "label": "Type",
        "multi": true,
        "name": "service_type",
        "options": [],
        "query": {
          "query": "label_values({__name__=~\"pg_up|mysql_up|mongodb_up|proxysql_mysql_status_active_transactions\"}, service_type)",
          "refId": "Metrics-service_type-Variable-Query"
        },
        "refresh": 1,
        "regex": "",
        "skipUrlSync": false,
        "sort": 5,
        "tagValuesQuery": "",
        "tagsQuery": "",
        "type": "query",
        "useTags": false
      },
      {
        "current": {
          "selected": false,
          "text": "All",
          "value": "$__all"
        },
        "datasource": "Metrics",
        "definition": "label_values(mysql_info_schema_user_statistics_connected_time_seconds_total{service_name=\"$service_name\"},user)",
        "hide": 2,
        "includeAll": true,
        "label": "Username",
        "multi": true,
        "name": "username",
        "options": [],
        "query": {
          "query": "label_values(mysql_info_schema_user_statistics_connected_time_seconds_total{service_name=\"$service_name\"},user)",
          "refId": "Metrics-username-Variable-Query"
        },
        "refresh": 1,
        "regex": "",
        "skipUrlSync": false,
        "sort": 5,
        "tagValuesQuery": "",
        "tagsQuery": "",
        "type": "query",
        "useTags": false
      },
      {
        "current": {
          "selected": false,
          "text": "All",
          "value": "$__all"
        },
        "datasource": "Metrics",
        "definition": "label_values({__name__=~\"pg_up|mysql_up|mongodb_up|proxysql_mysql_status_active_transactions\"}, schema)",
        "hide": 2,
        "includeAll": true,
        "label": "Schema",
        "multi": true,
        "name": "schema",
        "options": [],
        "query": {
          "query": "label_values({__name__=~\"pg_up|mysql_up|mongodb_up|proxysql_mysql_status_active_transactions\"}, schema)",
          "refId": "Metrics-schema-Variable-Query"
        },
        "refresh": 1,
        "regex": "",
        "skipUrlSync": false,
        "sort": 5,
        "tagValuesQuery": "",
        "tagsQuery": "",
        "type": "query",
        "useTags": false
      }
    ]
  },
  "time": {
    "from": "now-12h",
    "to": "now"
  },
  "timepicker": {
    "collapse": false,
    "enable": true,
    "hidden": false,
    "notice": false,
    "now": true,
    "refresh_intervals": [
      "5s",
      "10s",
      "30s",
      "1m",
      "5m",
      "15m",
      "30m",
      "1h",
      "2h",
      "1d"
    ],
    "status": "Stable",
    "time_options": [
      "5m",
      "15m",
      "1h",
      "6h",
      "12h",
      "24h",
      "2d",
      "7d",
      "30d"
    ],
    "type": "timepicker"
  },
  "timezone": "",
  "title": "Processes Details",
  "uid": "node-cpu-process",
  "version": 2,
  "weekStart": ""
}
