{
  "annotations": {
    "list": [
      {
        "builtIn": 1,
        "datasource": "-- Grafana --",
        "enable": true,
        "hide": false,
        "iconColor": "#e0752d",
        "limit": 100,
        "matchAny": true,
        "name": "PMM Annotations",
        "showIn": 0,
        "tags": [
          "pmm_annotation",
          "$node_name"
        ],
        "target": {
          "limit": 100,
          "matchAny": true,
          "tags": [
            "pmm_annotation",
            "$node_name"
          ],
          "type": "tags"
        },
        "type": "tags"
      },
      {
        "builtIn": 1,
        "datasource": "-- Grafana --",
        "enable": true,
        "hide": true,
        "iconColor": "#6ed0e0",
        "limit": 100,
        "name": "Annotations & Alerts",
        "showIn": 0,
        "tags": [],
        "target": {
          "limit": 100,
          "matchAny": false,
          "tags": [],
          "type": "dashboard"
        },
        "type": "dashboard"
      }
    ]
  },
  "editable": false,
  "fiscalYearStartMonth": 0,
  "graphTooltip": 1,
  "id": null,
  "iteration": 1656405108966,
  "links": [
    {
      "icon": "doc",
      "includeVars": true,
      "keepTime": true,
      "tags": [
        "Home"
      ],
      "targetBlank": false,
      "title": "Home",
      "type": "link",
      "url": "/graph/d/pmm-home/home-dashboard"
    },
    {
      "icon": "dashboard",
      "includeVars": true,
      "keepTime": true,
      "tags": [
        "Query Analytics"
      ],
      "targetBlank": false,
      "title": "Query Analytics",
      "type": "link",
      "url": "/graph/d/pmm-qan/pmm-query-analytics"
    },
    {
      "asDropdown": true,
      "includeVars": false,
      "keepTime": true,
      "tags": [
        "Services"
      ],
      "targetBlank": false,
      "title": "Services",
      "type": "dashboards"
    },
    {
      "asDropdown": true,
      "includeVars": false,
      "keepTime": true,
      "tags": [
        "PMM"
      ],
      "targetBlank": false,
      "title": "PMM",
      "type": "dashboards"
    }
  ],
  "liveNow": false,
  "panels": [
    {
      "collapsed": false,
      "gridPos": {
        "h": 1,
        "w": 24,
        "x": 0,
        "y": 0
      },
      "id": 2217,
      "panels": [],
      "title": "Prometheus Exporters Summary",
      "type": "row"
    },
    {
      "description": "Shows the average CPU usage in percent per host for all exporters. An Exporter is a software library that provides metrics to PMM.\n\nNote that the CPU usage is only the CPU usage of the exporter itself. It does not include the additional resource usage that is required to produce metrics by the application or operating system.\n\nSee also:",
      "fieldConfig": {
        "defaults": {
          "color": {
            "mode": "thresholds"
          },
          "decimals": 2,
          "mappings": [
            {
              "options": {
                "match": "null",
                "result": {
                  "text": "N/A"
                }
              },
              "type": "special"
            }
          ],
          "thresholds": {
            "mode": "absolute",
            "steps": [
              {
                "color": "#299c46",
                "value": null
              },
              {
                "color": "rgba(237, 129, 40, 0.89)",
                "value": 5
              },
              {
                "color": "#d44a3a",
                "value": 20
              }
            ]
          },
          "unit": "percent"
        },
        "overrides": []
      },
      "gridPos": {
        "h": 3,
        "w": 6,
        "x": 0,
        "y": 1
      },
      "id": 2230,
      "links": [
        {
          "targetBlank": true,
          "title": "Understanding Prometheus Exporters",
          "url": "https://www.percona.com/blog/2018/02/20/understand-prometheus-exporters-percona-monitoring-management-pmm/"
        },
        {
          "targetBlank": true,
          "title": "Exporters and integrations",
          "url": "https://prometheus.io/docs/instrumenting/exporters/"
        }
      ],
      "maxDataPoints": 100,
      "options": {
        "colorMode": "none",
        "graphMode": "area",
        "justifyMode": "auto",
        "orientation": "horizontal",
        "reduceOptions": {
          "calcs": [
            "lastNotNull"
          ],
          "fields": "",
          "values": false
        },
        "text": {
          "valueSize": 20
        },
        "textMode": "auto"
      },
      "pluginVersion": "8.3.5",
      "targets": [
        {
          "expr": "avg((sum(rate(process_cpu_seconds_total{job=~\".*exporter.*\",node_name=~\"$node_name\"}[$interval]) or irate(process_cpu_seconds_total{job=~\".*exporter.*\",node_name=~\"$node_name\"}[5m]) or\nlabel_replace(rate(process_cpu_seconds_total{job=~\"rds.*\"}[$interval]),\"node_name\",\"pmm-server\",\"\",\"\") or\nlabel_replace(rate(process_cpu_seconds_total{job=~\"rds.*\"}[5m]),\"node_name\",\"pmm-server\",\"\",\"\")) by (node_name)) / \ncount(node_cpu_seconds_total{job=~\".*exporter.*\",node_name=~\"$node_name\"}) by (node_name) * 100 or\nsum by (node_name) ((max_over_time(node_cpu_average{node_name=~\"$node_name\", mode=\"total\"}[$interval]) or \nmax_over_time(node_cpu_average{node_name=~\"$node_name\", mode=\"total\"}[5m]))))",
          "interval": "",
          "legendFormat": "",
          "refId": "B"
        }
      ],
      "title": "Avg CPU Usage per Node",
      "type": "stat"
    },
    {
      "description": "Shows the Exporters average Memory usage per host. An Exporter is a software library that provides metrics to PMM.\n\nNote that the Memory usage is only the Memory usage of the exporter itself. It does not include the additional memory usage that is required to produce metrics by the application or operating system.\n\nSee also:",
      "fieldConfig": {
        "defaults": {
          "color": {
            "mode": "thresholds"
          },
          "decimals": 2,
          "mappings": [],
          "thresholds": {
            "mode": "absolute",
            "steps": [
              {
                "color": "rgba(50, 172, 45, 0.97)",
                "value": null
              },
              {
                "color": "rgba(237, 129, 40, 0.89)",
                "value": 100000000
              },
              {
                "color": "rgba(245, 54, 54, 0.9)",
                "value": 200000000
              }
            ]
          },
          "unit": "bytes"
        },
        "overrides": []
      },
      "gridPos": {
        "h": 3,
        "w": 6,
        "x": 6,
        "y": 1
      },
      "id": 1020,
      "interval": "$interval",
      "links": [
        {
          "targetBlank": true,
          "title": "Understanding Prometheus Exporters",
          "url": "https://www.percona.com/blog/2018/02/20/understand-prometheus-exporters-percona-monitoring-management-pmm/"
        },
        {
          "targetBlank": true,
          "title": "Exporters and integrations",
          "url": "https://prometheus.io/docs/instrumenting/exporters/"
        }
      ],
      "maxDataPoints": 100,
      "options": {
        "colorMode": "none",
        "graphMode": "area",
        "justifyMode": "auto",
        "orientation": "horizontal",
        "reduceOptions": {
          "calcs": [
            "lastNotNull"
          ],
          "fields": "",
          "values": false
        },
        "text": {
          "valueSize": 20
        },
        "textMode": "auto"
      },
      "pluginVersion": "8.3.5",
      "targets": [
        {
          "expr": "avg(sum(\nmax_over_time(process_resident_memory_bytes{job=~\".*exporter.*\",job!~\"rds.*\",node_name=~\"$node_name\"}[$interval]) or max_over_time(process_resident_memory_bytes{job=~\".*exporter.*\",job!~\"rds.*\",node_name=~\"$node_name\"}[5m]) or\n(sum by (node_name) (label_replace(max_over_time(process_resident_memory_bytes{job=~\"rds.*\"}[$interval]),\"node_name\",\"pmm-server\",\"\",\"\") or\nlabel_replace(max_over_time(process_resident_memory_bytes{job=~\"rds.*\"}[5m]),\"node_name\",\"pmm-server\",\"\",\"\"))) * count by (node_name) (label_replace(process_resident_memory_bytes{instance=~\"$node_name\",job=\"prometheus\"},\"node_name\", \"pmm-server\", \"\", \"\"))\n) by (node_name))",
          "hide": false,
          "refId": "B"
        }
      ],
      "title": "Avg Memory Usage per Node",
      "type": "stat"
    },
    {
      "description": "Shows the number of monitored hosts that are running Exporters. An Exporter is a software library that provides metrics to PMM.\n\nSee also:",
      "fieldConfig": {
        "defaults": {
          "color": {
            "mode": "thresholds"
          },
          "decimals": 0,
          "mappings": [],
          "thresholds": {
            "mode": "absolute",
            "steps": [
              {
                "color": "rgba(50, 172, 45, 0.97)",
                "value": null
              },
              {
                "color": "rgba(237, 129, 40, 0.89)",
                "value": 512
              },
              {
                "color": "rgba(245, 54, 54, 0.9)",
                "value": 800
              }
            ]
          },
          "unit": "short"
        },
        "overrides": []
      },
      "gridPos": {
        "h": 3,
        "w": 6,
        "x": 12,
        "y": 1
      },
      "id": 1611,
      "interval": "$interval",
      "links": [
        {
          "targetBlank": true,
          "title": "Understanding Prometheus Exporters",
          "url": "https://www.percona.com/blog/2018/02/20/understand-prometheus-exporters-percona-monitoring-management-pmm/"
        },
        {
          "targetBlank": true,
          "title": "Exporters and integrations",
          "url": "https://prometheus.io/docs/instrumenting/exporters/"
        }
      ],
      "maxDataPoints": 100,
      "options": {
        "colorMode": "none",
        "graphMode": "area",
        "justifyMode": "auto",
        "orientation": "horizontal",
        "reduceOptions": {
          "calcs": [
            "lastNotNull"
          ],
          "fields": "",
          "values": false
        },
        "text": {
          "valueSize": 20
        },
        "textMode": "auto"
      },
      "pluginVersion": "8.3.5",
      "targets": [
        {
          "calculatedInterval": "10m",
          "datasourceErrors": {},
          "errors": {},
          "expr": "count(count(process_open_fds{job=~\".*exporter.*\",node_name=~\"$node_name\"}) by (node_name))",
          "format": "time_series",
          "interval": "$interval",
          "intervalFactor": 1,
          "legendFormat": "",
          "metric": "node_mem",
          "refId": "A",
          "step": 300
        }
      ],
      "title": "Monitored Nodes",
      "type": "stat"
    },
    {
      "description": "Shows the total number of Exporters running with this PMM Server instance. An Exporter is a software library that provides metrics to PMM.\n\nSee also:",
      "fieldConfig": {
        "defaults": {
          "color": {
            "mode": "thresholds"
          },
          "decimals": 0,
          "mappings": [],
          "thresholds": {
            "mode": "absolute",
            "steps": [
              {
                "color": "rgba(50, 172, 45, 0.97)",
                "value": null
              },
              {
                "color": "rgba(237, 129, 40, 0.89)",
                "value": 512
              },
              {
                "color": "rgba(245, 54, 54, 0.9)",
                "value": 800
              }
            ]
          },
          "unit": "short"
        },
        "overrides": []
      },
      "gridPos": {
        "h": 3,
        "w": 6,
        "x": 18,
        "y": 1
      },
      "id": 1612,
      "interval": "$interval",
      "links": [
        {
          "targetBlank": true,
          "title": "Understanding Prometheus Exporters",
          "url": "https://www.percona.com/blog/2018/02/20/understand-prometheus-exporters-percona-monitoring-management-pmm/"
        },
        {
          "targetBlank": true,
          "title": "Exporters and integrations",
          "url": "https://prometheus.io/docs/instrumenting/exporters/"
        }
      ],
      "maxDataPoints": 100,
      "options": {
        "colorMode": "none",
        "graphMode": "area",
        "justifyMode": "auto",
        "orientation": "horizontal",
        "reduceOptions": {
          "calcs": [
            "lastNotNull"
          ],
          "fields": "",
          "values": false
        },
        "text": {
          "valueSize": 20
        },
        "textMode": "auto"
      },
      "pluginVersion": "8.3.5",
      "targets": [
        {
          "calculatedInterval": "10m",
          "datasource": "Metrics",
          "datasourceErrors": {},
          "errors": {},
          "exemplar": false,
          "expr": "sum(count by (agent_type) (process_cpu_seconds_total{node_name=~\"$node_name\"}) or count by (agent_type) (label_replace(label_replace(process_cpu_seconds_total{job=~\"rds.*\"},\"agent_type\", \"rds_exporter\", \"job\", \"rds_exporter_(.*)\"),\"node_name\",\"pmm-server\",\"\",\"\"))  * count by (agent_type) (label_replace(process_resident_memory_bytes{instance=~\"$node_name\",job=\"prometheus\"},\"agent_type\", \"rds_exporter\", \"\", \"\")))",
          "format": "time_series",
          "instant": true,
          "interval": "$interval",
          "intervalFactor": 1,
          "legendFormat": "",
          "metric": "node_mem",
          "refId": "A",
          "step": 300
        }
      ],
      "title": "Exporters Running",
      "type": "stat"
    },
    {
      "collapsed": false,
      "gridPos": {
        "h": 1,
        "w": 24,
        "x": 0,
        "y": 4
      },
      "id": 2218,
      "panels": [],
      "title": "Prometheus Exporters Resource Usage by Node",
      "type": "row"
    },
    {
      "aliasColors": {},
      "bars": false,
      "dashLength": 10,
      "dashes": false,
      "decimals": 2,
      "description": "Plots the Exporters' CPU usage across each monitored host (by default, All hosts). An Exporter is a software library that provides metrics to PMM.\n\nSee also:",
      "fieldConfig": {
        "defaults": {
          "links": []
        },
        "overrides": []
      },
      "fill": 2,
      "fillGradient": 0,
      "gridPos": {
        "h": 8,
        "w": 12,
        "x": 0,
        "y": 5
      },
      "hiddenSeries": false,
      "id": 1613,
      "interval": "",
      "legend": {
        "alignAsTable": true,
        "avg": true,
        "current": false,
        "max": true,
        "min": true,
        "show": true,
        "sort": "avg",
        "sortDesc": true,
        "total": false,
        "values": true
      },
      "lines": true,
      "linewidth": 2,
      "links": [
        {
          "targetBlank": true,
          "title": "Understanding Prometheus Exporters",
          "url": "https://www.percona.com/blog/2018/02/20/understand-prometheus-exporters-percona-monitoring-management-pmm/"
        },
        {
          "targetBlank": true,
          "title": "Exporters and integrations",
          "url": "https://prometheus.io/docs/instrumenting/exporters/"
        }
      ],
      "nullPointMode": "null",
      "options": {
        "alertThreshold": true
      },
      "percentage": false,
      "pluginVersion": "8.3.5",
      "pointradius": 5,
      "points": false,
      "renderer": "flot",
      "seriesOverrides": [],
      "spaceLength": 10,
      "stack": false,
      "steppedLine": false,
      "targets": [
        {
          "expr": "clamp_max((sum(rate(process_cpu_seconds_total{job=~\".*exporter.*|^vmagent.*\",node_name=~\"$node_name\"}[$interval]) or irate(process_cpu_seconds_total{job=~\".*exporter.*|^vmagent.*\",node_name=~\"$node_name\"}[5m]) or\nlabel_replace(rate(process_cpu_seconds_total{job=~\"rds.*\"}[$interval]),\"node_name\",\"pmm-server\",\"\",\"\") or\nlabel_replace(rate(process_cpu_seconds_total{job=~\"rds.*\"}[5m]),\"node_name\",\"pmm-server\",\"\",\"\")) by (node_name)) / \ncount(node_cpu_seconds_total{job=~\".*exporter.*\",node_name=~\"$node_name\"}) by (node_name) *100 or\nsum by (node_name) ((max_over_time(node_cpu_average{node_name=~\"$node_name\", mode=\"total\"}[$interval]) or \nmax_over_time(node_cpu_average{node_name=~\"$node_name\", mode=\"total\"}[5m]))),100)",
          "hide": false,
          "interval": "$interval",
          "legendFormat": "{{node_name}}",
          "refId": "B"
        }
      ],
      "thresholds": [],
      "timeRegions": [],
      "title": "CPU Usage",
      "tooltip": {
        "shared": true,
        "sort": 5,
        "value_type": "individual"
      },
      "type": "graph",
      "xaxis": {
        "mode": "time",
        "show": true,
        "values": []
      },
      "yaxes": [
        {
          "$$hashKey": "object:376",
          "decimals": 2,
          "format": "percent",
          "logBase": 1,
          "min": "0",
          "show": true
        },
        {
          "$$hashKey": "object:377",
          "format": "short",
          "logBase": 1,
          "show": false
        }
      ],
      "yaxis": {
        "align": false
      }
    },
    {
      "aliasColors": {},
      "bars": false,
      "dashLength": 10,
      "dashes": false,
      "decimals": 2,
      "description": "Plots the Exporters' Memory usage across each monitored host (by default, All hosts). An Exporter is a software library that provides metrics to PMM.\n\nSee also:",
      "fieldConfig": {
        "defaults": {
          "links": []
        },
        "overrides": []
      },
      "fill": 2,
      "fillGradient": 0,
      "gridPos": {
        "h": 8,
        "w": 12,
        "x": 12,
        "y": 5
      },
      "hiddenSeries": false,
      "id": 1914,
      "interval": "",
      "legend": {
        "alignAsTable": true,
        "avg": true,
        "current": false,
        "max": true,
        "min": true,
        "show": true,
        "sort": "avg",
        "sortDesc": true,
        "total": false,
        "values": true
      },
      "lines": true,
      "linewidth": 2,
      "links": [
        {
          "targetBlank": true,
          "title": "Understanding Prometheus Exporters",
          "url": "https://www.percona.com/blog/2018/02/20/understand-prometheus-exporters-percona-monitoring-management-pmm/"
        },
        {
          "targetBlank": true,
          "title": "Exporters and integrations",
          "url": "https://prometheus.io/docs/instrumenting/exporters/"
        }
      ],
      "nullPointMode": "null",
      "options": {
        "alertThreshold": true
      },
      "percentage": false,
      "pluginVersion": "8.3.5",
      "pointradius": 5,
      "points": false,
      "renderer": "flot",
      "seriesOverrides": [],
      "spaceLength": 10,
      "stack": false,
      "steppedLine": false,
      "targets": [
        {
          "expr": "sum(\nmax_over_time(process_resident_memory_bytes{job=~\".*exporter.*|^vmagent.*\",job!~\"rds.*\",node_name=~\"$node_name\"}[$interval]) or max_over_time(process_resident_memory_bytes{job=~\".*exporter.*|^vmagent.*\",job!~\"rds.*\",node_name=~\"$node_name\"}[5m]) or\n(sum by (node_name) (label_replace(max_over_time(process_resident_memory_bytes{job=~\"rds.*\"}[$interval]),\"node_name\",\"pmm-server\",\"\",\"\") or\nlabel_replace(max_over_time(process_resident_memory_bytes{job=~\"rds.*\"}[5m]),\"node_name\",\"pmm-server\",\"\",\"\"))) * count by (node_name) (label_replace(process_resident_memory_bytes{instance=~\"$node_name\",job=\"prometheus\"},\"node_name\", \"pmm-server\", \"\", \"\"))\n) by (node_name)",
          "interval": "$interval",
          "legendFormat": "{{node_name}}",
          "refId": "B"
        }
      ],
      "thresholds": [],
      "timeRegions": [],
      "title": "Memory Usage",
      "tooltip": {
        "shared": true,
        "sort": 5,
        "value_type": "individual"
      },
      "type": "graph",
      "xaxis": {
        "mode": "time",
        "show": true,
        "values": []
      },
      "yaxes": [
        {
          "$$hashKey": "object:448",
          "decimals": 2,
          "format": "bytes",
          "logBase": 1,
          "min": "0",
          "show": true
        },
        {
          "$$hashKey": "object:449",
          "format": "short",
          "logBase": 1,
          "show": false
        }
      ],
      "yaxis": {
        "align": false
      }
    },
    {
      "collapsed": false,
      "gridPos": {
        "h": 1,
        "w": 24,
        "x": 0,
        "y": 13
      },
      "id": 2219,
      "panels": [],
      "title": "Prometheus Resource usage by Type",
      "type": "row"
    },
    {
      "aliasColors": {},
      "bars": false,
      "dashLength": 10,
      "dashes": false,
      "decimals": 3,
      "description": "Shows the Exporters' CPU Cores used for each type of Exporter. An Exporter is a software library that provides metrics to PMM.\n\nSee also:",
      "fieldConfig": {
        "defaults": {
          "links": []
        },
        "overrides": []
      },
      "fill": 2,
      "fillGradient": 0,
      "gridPos": {
        "h": 9,
        "w": 12,
        "x": 0,
        "y": 14
      },
      "hiddenSeries": false,
      "id": 1915,
      "interval": "",
      "legend": {
        "alignAsTable": true,
        "avg": true,
        "current": false,
        "max": true,
        "min": true,
        "show": true,
        "sort": "avg",
        "sortDesc": true,
        "total": false,
        "values": true
      },
      "lines": true,
      "linewidth": 2,
      "links": [
        {
          "targetBlank": true,
          "title": "Understanding Prometheus Exporters",
          "url": "https://www.percona.com/blog/2018/02/20/understand-prometheus-exporters-percona-monitoring-management-pmm/"
        },
        {
          "targetBlank": true,
          "title": "Exporters and integrations",
          "url": "https://prometheus.io/docs/instrumenting/exporters/"
        }
      ],
      "nullPointMode": "null",
      "options": {
        "alertThreshold": true
      },
      "percentage": false,
      "pluginVersion": "8.3.5",
      "pointradius": 5,
      "points": false,
      "renderer": "flot",
      "seriesOverrides": [],
      "spaceLength": 10,
      "stack": false,
      "steppedLine": false,
      "targets": [
        {
          "expr": "sum by (agent_type) (rate(process_cpu_seconds_total{job=~\".*exporter.*|^vmagent.*\",job!~\"rds.*\",node_name=~\"$node_name\"}[$interval]) or irate(process_cpu_seconds_total{job=~\".*exporter.*|^vmagent.*\",job!~\"rds.*\",node_name=~\"$node_name\"}[5m]) or avg by (agent_type) (label_replace(label_replace(rate(process_cpu_seconds_total{job=~\"rds.*\"}[$interval]),\"agent_type\", \"rds_exporter\", \"job\", \"rds_exporter_(.*)\"),\"node_name\",\"pmm-server\",\"\",\"\") or label_replace(label_replace(irate(process_cpu_seconds_total{job=~\"rds.*\"}[5m]),\"agent_type\", \"rds_exporter\", \"job\", \"rds_exporter_(.*)\"),\"node_name\",\"pmm-server\",\"\",\"\")) * count by (agent_type) (label_replace(process_cpu_seconds_total{instance=~\"$node_name\",job=\"prometheus\"},\"agent_type\", \"rds_exporter\", \"\", \"\"))\n)",
          "hide": false,
          "interval": "$interval",
          "legendFormat": "{{agent_type}}",
          "refId": "B"
        },
        {
          "refId": "C"
        }
      ],
      "thresholds": [],
      "timeRegions": [],
      "title": "CPU Cores Used",
      "tooltip": {
        "shared": true,
        "sort": 5,
        "value_type": "individual"
      },
      "type": "graph",
      "xaxis": {
        "mode": "time",
        "show": true,
        "values": []
      },
      "yaxes": [
        {
          "$$hashKey": "object:763",
          "decimals": 3,
          "format": "short",
          "label": "",
          "logBase": 1,
          "min": "0",
          "show": true
        },
        {
          "$$hashKey": "object:764",
          "format": "short",
          "logBase": 1,
          "show": false
        }
      ],
      "yaxis": {
        "align": false
      }
    },
    {
      "aliasColors": {},
      "bars": false,
      "dashLength": 10,
      "dashes": false,
      "decimals": 2,
      "description": "Shows the Exporters' memory used for each type of Exporter. An Exporter is a software library that provides metrics to PMM.\n\nSee also:",
      "fieldConfig": {
        "defaults": {
          "links": []
        },
        "overrides": []
      },
      "fill": 2,
      "fillGradient": 0,
      "gridPos": {
        "h": 9,
        "w": 12,
        "x": 12,
        "y": 14
      },
      "hiddenSeries": false,
      "id": 2216,
      "interval": "",
      "legend": {
        "alignAsTable": true,
        "avg": true,
        "current": false,
        "max": true,
        "min": true,
        "show": true,
        "sort": "avg",
        "sortDesc": true,
        "total": false,
        "values": true
      },
      "lines": true,
      "linewidth": 2,
      "links": [
        {
          "targetBlank": true,
          "title": "Understanding Prometheus Exporters",
          "url": "https://www.percona.com/blog/2018/02/20/understand-prometheus-exporters-percona-monitoring-management-pmm/"
        },
        {
          "targetBlank": true,
          "title": "Exporters and integrations",
          "url": "https://prometheus.io/docs/instrumenting/exporters/"
        }
      ],
      "nullPointMode": "null",
      "options": {
        "alertThreshold": true
      },
      "percentage": false,
      "pluginVersion": "8.3.5",
      "pointradius": 5,
      "points": false,
      "renderer": "flot",
      "seriesOverrides": [],
      "spaceLength": 10,
      "stack": false,
      "steppedLine": false,
      "targets": [
        {
          "expr": "sum by (agent_type) (max_over_time(process_resident_memory_bytes{job=~\".*exporter.*|^vmagent.*\",job!~\"rds.*\",node_name=~\"$node_name\"}[$interval]) or\nmax_over_time(process_resident_memory_bytes{job=~\".*exporter.*|^vmagent.*\",job!~\"rds.*\",node_name=~\"$node_name\"}[5m]) or avg by (agent_type) (label_replace(label_replace(max_over_time(process_resident_memory_bytes{job=~\"rds.*\"}[$interval]),\"agent_type\", \"rds_exporter\", \"job\", \"rds_exporter_(.*)\"),\"node_name\",\"pmm-server\",\"\",\"\") or label_replace(label_replace(max_over_time(process_resident_memory_bytes{job=~\"rds.*\"}[5m]),\"agent_type\", \"rds_exporter\", \"job\", \"rds_exporter_(.*)\"),\"node_name\",\"pmm-server\",\"\",\"\")) * count by (agent_type) (label_replace(process_resident_memory_bytes{instance=~\"$node_name\",job=\"prometheus\"},\"agent_type\", \"rds_exporter\", \"\", \"\"))\n)",
          "hide": false,
          "interval": "$interval",
          "legendFormat": "{{agent_type}}",
          "refId": "B"
        }
      ],
      "thresholds": [],
      "timeRegions": [],
      "title": "Memory Usage",
      "tooltip": {
        "shared": true,
        "sort": 5,
        "value_type": "individual"
      },
      "type": "graph",
      "xaxis": {
        "mode": "time",
        "show": true,
        "values": []
      },
      "yaxes": [
        {
          "$$hashKey": "object:835",
          "decimals": 2,
          "format": "bytes",
          "logBase": 1,
          "min": "0",
          "show": true
        },
        {
          "$$hashKey": "object:836",
          "format": "short",
          "logBase": 1,
          "show": false
        }
      ],
      "yaxis": {
        "align": false
      }
    },
    {
      "collapsed": false,
      "gridPos": {
        "h": 1,
        "w": 24,
        "x": 0,
        "y": 23
      },
      "id": 2220,
      "panels": [],
      "repeat": "node_name",
      "type": "row"
    },
    {
      "gridPos": {
        "h": 6,
        "w": 5,
        "x": 0,
        "y": 24
      },
      "height": "95",
      "id": 162,
      "links": [
        {
          "targetBlank": true,
          "title": "Understanding Prometheus Exporters",
          "url": "https://www.percona.com/blog/2018/02/20/understand-prometheus-exporters-percona-monitoring-management-pmm/"
        },
        {
          "targetBlank": true,
          "title": "Exporters and integrations",
          "url": "https://prometheus.io/docs/instrumenting/exporters/"
        },
        {
          "targetBlank": true,
          "title": "System Overview",
          "url": "/graph/d/node-instance-summary/node-summary?$__url_time_range&$__all_variables"
        }
      ],
      "options": {
        "content": "$node_name",
        "mode": "markdown"
      },
      "pluginVersion": "8.3.5",
      "title": "Node name",
      "type": "text"
    },
    {
      "description": "Show the CPU usage as a percentage for all Exporters on a per-host basis. An Exporter is a software library that provides metrics to PMM.\n\nSee also:",
      "fieldConfig": {
        "defaults": {
          "color": {
            "mode": "thresholds"
          },
          "decimals": 2,
          "mappings": [
            {
              "options": {
                "match": "null",
                "result": {
                  "text": "N/A"
                }
              },
              "type": "special"
            }
          ],
          "thresholds": {
            "mode": "absolute",
            "steps": [
              {
                "color": "#299c46",
                "value": null
              },
              {
                "color": "rgba(237, 129, 40, 0.89)",
                "value": 5
              },
              {
                "color": "#d44a3a",
                "value": 10
              }
            ]
          },
          "unit": "percent"
        },
        "overrides": []
      },
      "gridPos": {
        "h": 3,
        "w": 4,
        "x": 5,
        "y": 24
      },
      "id": 2228,
      "links": [
        {
          "targetBlank": true,
          "title": "Understanding Prometheus Exporters",
          "url": "https://www.percona.com/blog/2018/02/20/understand-prometheus-exporters-percona-monitoring-management-pmm/"
        },
        {
          "targetBlank": true,
          "title": "Exporters and integrations",
          "url": "https://prometheus.io/docs/instrumenting/exporters/"
        },
        {
          "targetBlank": true,
          "title": "Prometheus Exporter Status",
          "url": "/graph/d/prometheus-status/prometheus-exporter-status?$__url_time_range&$__all_variables"
        }
      ],
      "maxDataPoints": 100,
      "options": {
        "colorMode": "none",
        "graphMode": "area",
        "justifyMode": "auto",
        "orientation": "horizontal",
        "reduceOptions": {
          "calcs": [
            "lastNotNull"
          ],
          "fields": "",
          "values": false
        },
        "text": {
          "valueSize": 20
        },
        "textMode": "auto"
      },
      "pluginVersion": "8.3.5",
      "targets": [
        {
          "expr": "(sum(rate(process_cpu_seconds_total{job=~\".*exporter.*|^vmagent.*\",node_name=~\"$node_name\"}[$interval]) or irate(process_cpu_seconds_total{job=~\".*exporter.*|^vmagent.*\",node_name=~\"$node_name\"}[5m]) or\nlabel_replace(rate(process_cpu_seconds_total{job=~\"rds.*\"}[$interval]),\"node_name\",\"pmm-server\",\"\",\"\") or\nlabel_replace(rate(process_cpu_seconds_total{job=~\"rds.*\"}[5m]),\"node_name\",\"pmm-server\",\"\",\"\")) by (node_name)) / \ncount(node_cpu_seconds_total{job=~\".*exporter.*\",node_name=~\"$node_name\"}) by (node_name) * 100 or\nsum by (node_name) ((max_over_time(node_cpu_average{node_name=~\"$node_name\", mode=\"total\"}[$interval]) or \nmax_over_time(node_cpu_average{node_name=~\"$node_name\", mode=\"total\"}[5m])))",
          "interval": "",
          "legendFormat": "",
          "refId": "B"
        }
      ],
      "title": "CPU Used",
      "type": "stat"
    },
    {
      "description": "Shows total Memory Used by Exporters on a per-host basis. An Exporter is a software library that provides metrics to PMM.\n\nSee also:",
      "fieldConfig": {
        "defaults": {
          "color": {
            "mode": "thresholds"
          },
          "decimals": 2,
          "mappings": [],
          "thresholds": {
            "mode": "absolute",
            "steps": [
              {
                "color": "rgba(50, 172, 45, 0.97)",
                "value": null
              },
              {
                "color": "rgba(237, 129, 40, 0.89)",
                "value": 100000000
              },
              {
                "color": "rgba(245, 54, 54, 0.9)",
                "value": 200000000
              }
            ]
          },
          "unit": "bytes"
        },
        "overrides": []
      },
      "gridPos": {
        "h": 3,
        "w": 4,
        "x": 9,
        "y": 24
      },
      "id": 163,
      "interval": "$interval",
      "links": [
        {
          "targetBlank": true,
          "title": "Understanding Prometheus Exporters",
          "url": "https://www.percona.com/blog/2018/02/20/understand-prometheus-exporters-percona-monitoring-management-pmm/"
        },
        {
          "targetBlank": true,
          "title": "Exporters and integrations",
          "url": "https://prometheus.io/docs/instrumenting/exporters/"
        },
        {
          "targetBlank": true,
          "title": "Prometheus Exporter Status",
          "url": "/graph/d/prometheus-status/prometheus-exporter-status?$__url_time_range&$__all_variables"
        }
      ],
      "maxDataPoints": 100,
      "options": {
        "colorMode": "none",
        "graphMode": "area",
        "justifyMode": "auto",
        "orientation": "horizontal",
        "reduceOptions": {
          "calcs": [
            "lastNotNull"
          ],
          "fields": "",
          "values": false
        },
        "text": {
          "valueSize": 20
        },
        "textMode": "auto"
      },
      "pluginVersion": "8.3.5",
      "targets": [
        {
          "expr": "sum(\nmax_over_time(process_resident_memory_bytes{job=~\".*exporter.*|^vmagent.*\",job!~\"rds.*\",node_name=~\"$node_name\"}[$interval]) or max_over_time(process_resident_memory_bytes{job=~\".*exporter.*|^vmagent.*\",job!~\"rds.*\",node_name=~\"$node_name\"}[5m]) or\n(sum by (node_name) (label_replace(max_over_time(process_resident_memory_bytes{job=~\"rds.*\"}[$interval]),\"node_name\",\"pmm-server\",\"\",\"\") or\nlabel_replace(max_over_time(process_resident_memory_bytes{job=~\"rds.*\"}[5m]),\"node_name\",\"pmm-server\",\"\",\"\"))) * count by (node_name) (label_replace(process_resident_memory_bytes{instance=~\"$node_name\",job=\"prometheus\"},\"node_name\", \"pmm-server\", \"\", \"\"))\n) by (node_name)",
          "hide": false,
          "interval": "$interval",
          "legendFormat": "",
          "refId": "B"
        }
      ],
      "title": "Mem Used",
      "type": "stat"
    },
    {
      "description": "Shows the number of Exporters running on a per-host basis. An Exporter is a software library that provides metrics to PMM.\n\nSee also:",
      "fieldConfig": {
        "defaults": {
          "color": {
            "mode": "thresholds"
          },
          "decimals": 0,
          "mappings": [],
          "thresholds": {
            "mode": "absolute",
            "steps": [
              {
                "color": "rgba(50, 172, 45, 0.97)",
                "value": null
              },
              {
                "color": "rgba(237, 129, 40, 0.89)",
                "value": 512
              },
              {
                "color": "rgba(245, 54, 54, 0.9)",
                "value": 800
              }
            ]
          },
          "unit": "short"
        },
        "overrides": []
      },
      "gridPos": {
        "h": 3,
        "w": 4,
        "x": 13,
        "y": 24
      },
      "id": 314,
      "interval": "$interval",
      "links": [
        {
          "targetBlank": true,
          "title": "Understanding Prometheus Exporters",
          "url": "https://www.percona.com/blog/2018/02/20/understand-prometheus-exporters-percona-monitoring-management-pmm/"
        },
        {
          "targetBlank": true,
          "title": "Exporters and integrations",
          "url": "https://prometheus.io/docs/instrumenting/exporters/"
        },
        {
          "targetBlank": true,
          "title": "Prometheus Exporter Status",
          "url": "/graph/d/prometheus-status/prometheus-exporter-status?$__url_time_range&$__all_variables"
        }
      ],
      "maxDataPoints": 100,
      "options": {
        "colorMode": "none",
        "graphMode": "area",
        "justifyMode": "auto",
        "orientation": "horizontal",
        "reduceOptions": {
          "calcs": [
            "lastNotNull"
          ],
          "fields": "",
          "values": false
        },
        "text": {
          "valueSize": 20
        },
        "textMode": "auto"
      },
      "pluginVersion": "8.3.5",
      "targets": [
        {
          "calculatedInterval": "10m",
          "datasource": "Metrics",
          "datasourceErrors": {},
          "errors": {},
          "expr": "count(process_open_fds{job=~\".*exporter.*\",node_name=~\"$node_name\"}) ",
          "format": "time_series",
          "hide": true,
          "interval": "$interval",
          "intervalFactor": 1,
          "legendFormat": "",
          "metric": "node_mem",
          "refId": "A",
          "step": 300
        },
        {
          "datasource": "Metrics",
          "exemplar": false,
          "expr": "sum(count by (agent_type) (process_cpu_seconds_total{node_name=~\"$node_name\"}) or count by (agent_type) (label_replace(label_replace(process_cpu_seconds_total{job=~\"rds.*\"},\"agent_type\", \"rds_exporter\", \"job\", \"rds_exporter_(.*)\"),\"node_name\",\"pmm-server\",\"\",\"\"))  * count by (agent_type) (label_replace(process_resident_memory_bytes{instance=~\"$node_name\",job=\"prometheus\"},\"agent_type\", \"rds_exporter\", \"\", \"\")))",
          "instant": true,
          "interval": "",
          "legendFormat": "",
          "refId": "B"
        }
      ],
      "title": "Exporters Running",
      "type": "stat"
    },
    {
      "columns": [],
      "fontSize": "100%",
      "gridPos": {
        "h": 6,
        "w": 7,
        "x": 17,
        "y": 24
      },
      "id": 2246,
      "links": [],
      "scroll": true,
      "showHeader": true,
      "sort": {
        "col": 2,
        "desc": true
      },
      "styles": [
        {
          "alias": "Exporters",
          "align": "auto",
          "dateFormat": "YYYY-MM-DD HH:mm:ss",
          "pattern": "agent_type",
          "type": "string"
        },
        {
          "alias": "Amount",
          "align": "auto",
          "colors": [
            "rgba(245, 54, 54, 0.9)",
            "rgba(237, 129, 40, 0.89)",
            "rgba(50, 172, 45, 0.97)"
          ],
          "dateFormat": "YYYY-MM-DD HH:mm:ss",
          "decimals": 0,
          "mappingType": 1,
          "pattern": "Value",
          "thresholds": [],
          "type": "number",
          "unit": "short"
        },
        {
          "alias": "",
          "align": "auto",
          "colors": [
            "rgba(245, 54, 54, 0.9)",
            "rgba(237, 129, 40, 0.89)",
            "rgba(50, 172, 45, 0.97)"
          ],
          "decimals": 2,
          "pattern": "/.*/",
          "thresholds": [],
          "type": "hidden",
          "unit": "short"
        }
      ],
      "targets": [
        {
          "expr": "sum by (agent_type) (count by (agent_type) (process_cpu_seconds_total{node_name=~\"$node_name\"}) or count by (agent_type) (label_replace(label_replace(process_cpu_seconds_total{job=~\"rds.*\"},\"agent_type\", \"rds_exporter\", \"job\", \"rds_exporter_(.*)\"),\"node_name\",\"pmm-server\",\"\",\"\"))  * count by (agent_type) (label_replace(process_resident_memory_bytes{instance=~\"$node_name\",job=\"prometheus\"},\"agent_type\", \"rds_exporter\", \"\", \"\")))",
          "format": "table",
          "hide": false,
          "instant": true,
          "refId": "C"
        }
      ],
      "transform": "table",
      "type": "table-old"
    },
    {
      "description": "Shows the total number of virtual CPUs on the host. An Exporter is a software library that provides metrics to PMM.\n\nSee also:",
      "fieldConfig": {
        "defaults": {
          "color": {
            "fixedColor": "rgb(31, 120, 193)",
            "mode": "fixed"
          },
          "mappings": [
            {
              "options": {
                "match": "null",
                "result": {
                  "text": "N/A"
                }
              },
              "type": "special"
            }
          ],
          "thresholds": {
            "mode": "absolute",
            "steps": [
              {
                "color": "green",
                "value": null
              },
              {
                "color": "red",
                "value": 80
              }
            ]
          },
          "unit": "none"
        },
        "overrides": []
      },
      "gridPos": {
        "h": 3,
        "w": 4,
        "x": 5,
        "y": 27
      },
      "id": 25,
      "interval": "$interval",
      "links": [
        {
          "targetBlank": true,
          "title": "Understanding Prometheus Exporters",
          "url": "https://www.percona.com/blog/2018/02/20/understand-prometheus-exporters-percona-monitoring-management-pmm/"
        },
        {
          "targetBlank": true,
          "title": "Exporters and integrations",
          "url": "https://prometheus.io/docs/instrumenting/exporters/"
        }
      ],
      "maxDataPoints": 100,
      "options": {
        "colorMode": "none",
        "graphMode": "area",
        "justifyMode": "auto",
        "orientation": "horizontal",
        "reduceOptions": {
          "calcs": [
            "lastNotNull"
          ],
          "fields": "",
          "values": false
        },
        "text": {
          "valueSize": 20
        },
        "textMode": "auto"
      },
      "pluginVersion": "8.3.5",
      "targets": [
        {
          "datasource": "Metrics",
          "exemplar": false,
          "expr": "(count(node_cpu_seconds_total{node_name=~\"$node_name\",mode=~\"user\"}) or \n(1-absent(node_cpu_seconds_total{node_name=~\"$node_name\",mode=~\"user\"}))) + sum(rdsosmetrics_General_numVCPUs{node_name=~\"$node_name\"} or up * 0)",
          "format": "time_series",
          "instant": true,
          "interval": "$interval",
          "intervalFactor": 1,
          "legendFormat": "",
          "refId": "A",
          "step": 300
        }
      ],
      "title": "Virtual CPUs",
      "type": "stat"
    },
    {
      "description": "Shows the total amount of RAM of the host. An Exporter is a software library that provides metrics to PMM.\n\nSee also:",
      "fieldConfig": {
        "defaults": {
          "color": {
            "fixedColor": "rgb(31, 120, 193)",
            "mode": "fixed"
          },
          "decimals": 2,
          "mappings": [
            {
              "options": {
                "match": "null",
                "result": {
                  "text": "N/A"
                }
              },
              "type": "special"
            }
          ],
          "thresholds": {
            "mode": "absolute",
            "steps": [
              {
                "color": "green",
                "value": null
              },
              {
                "color": "red",
                "value": 80
              }
            ]
          },
          "unit": "bytes"
        },
        "overrides": []
      },
      "gridPos": {
        "h": 3,
        "w": 4,
        "x": 9,
        "y": 27
      },
      "id": 26,
      "interval": "$interval",
      "links": [
        {
          "targetBlank": true,
          "title": "Understanding Prometheus Exporters",
          "url": "https://www.percona.com/blog/2018/02/20/understand-prometheus-exporters-percona-monitoring-management-pmm/"
        },
        {
          "targetBlank": true,
          "title": "Exporters and integrations",
          "url": "https://prometheus.io/docs/instrumenting/exporters/"
        }
      ],
      "maxDataPoints": 100,
      "options": {
        "colorMode": "none",
        "graphMode": "area",
        "justifyMode": "auto",
        "orientation": "horizontal",
        "reduceOptions": {
          "calcs": [
            "lastNotNull"
          ],
          "fields": "",
          "values": false
        },
        "text": {
          "valueSize": 20
        },
        "textMode": "auto"
      },
      "pluginVersion": "8.3.5",
      "targets": [
        {
          "expr": "avg by (node_name) (node_memory_MemTotal_bytes{node_name=~\"$node_name\"})",
          "format": "time_series",
          "interval": "$interval",
          "intervalFactor": 1,
          "legendFormat": "",
          "refId": "A",
          "step": 300
        }
      ],
      "title": "RAM",
      "type": "stat"
    },
    {
      "description": "",
      "fieldConfig": {
        "defaults": {
          "color": {
            "mode": "thresholds"
          },
          "mappings": [
            {
              "options": {
                "match": "null",
                "result": {
                  "text": "N/A"
                }
              },
              "type": "special"
            }
          ],
          "thresholds": {
            "mode": "absolute",
            "steps": [
              {
                "color": "rgba(50, 172, 45, 0.97)",
                "value": null
              },
              {
                "color": "rgba(237, 129, 40, 0.89)",
                "value": 512
              },
              {
                "color": "rgba(245, 54, 54, 0.9)",
                "value": 800
              }
            ]
          },
          "unit": "short"
        },
        "overrides": []
      },
      "gridPos": {
        "h": 3,
        "w": 4,
        "x": 13,
        "y": 27
      },
      "id": 2263,
      "interval": "$interval",
      "links": [],
      "maxDataPoints": 100,
      "options": {
        "colorMode": "none",
        "graphMode": "area",
        "justifyMode": "auto",
        "orientation": "horizontal",
        "reduceOptions": {
          "calcs": [
            "lastNotNull"
          ],
          "fields": "",
          "values": false
        },
        "text": {
          "valueSize": 20
        },
        "textMode": "auto"
      },
      "pluginVersion": "8.3.5",
      "targets": [
        {
          "expr": "sum(process_open_fds{node_name=~\"$node_name\"})",
          "format": "time_series",
          "hide": true,
          "interval": "$interval",
          "intervalFactor": 1,
          "legendFormat": "",
          "refId": "A",
          "step": 300
        },
        {
          "expr": "sum(sum by (agent_type) (process_open_fds{node_name=~\"$node_name\"}) or sum by (agent_type) (label_replace(label_replace(process_open_fds{job=~\"rds.*\"},\"agent_type\", \"rds_exporter\", \"job\", \"rds_exporter_(.*)\"),\"node_name\",\"pmm-server\",\"\",\"\"))  * count by (agent_type) (label_replace(process_open_fds{instance=~\"$node_name\",job=\"prometheus\"},\"agent_type\", \"rds_exporter\", \"\", \"\")))",
          "refId": "B"
        }
      ],
      "title": "File Descriptors Used",
      "type": "stat"
    }
  ],
  "refresh": "1m",
  "schemaVersion": 34,
  "style": "dark",
  "tags": [
    "Percona",
    "Insight"
  ],
  "templating": {
    "list": [
      {
        "allFormat": "glob",
        "auto": true,
        "auto_count": 200,
        "auto_min": "1s",
        "current": {
          "selected": false,
          "text": "auto",
          "value": "$__auto_interval_interval"
        },
        "datasource": "Metrics",
        "hide": 0,
        "includeAll": false,
        "label": "Interval",
        "multi": false,
        "multiFormat": "glob",
        "name": "interval",
        "options": [
          {
            "selected": true,
            "text": "auto",
            "value": "$__auto_interval_interval"
          },
          {
            "selected": false,
            "text": "1s",
            "value": "1s"
          },
          {
            "selected": false,
            "text": "5s",
            "value": "5s"
          },
          {
            "selected": false,
            "text": "1m",
            "value": "1m"
          },
          {
            "selected": false,
            "text": "5m",
            "value": "5m"
          },
          {
            "selected": false,
            "text": "1h",
            "value": "1h"
          },
          {
            "selected": false,
            "text": "6h",
            "value": "6h"
          },
          {
            "selected": false,
            "text": "1d",
            "value": "1d"
          }
        ],
        "query": "1s,5s,1m,5m,1h,6h,1d",
        "refresh": 2,
        "skipUrlSync": false,
        "type": "interval"
      },
      {
        "allFormat": "glob",
        "current": {
          "selected": false,
          "text": "All",
          "value": "$__all"
        },
        "datasource": "Metrics",
        "definition": "label_values({__name__=~\"node_load1|process_start_time_seconds\"}, node_name)",
        "hide": 0,
        "includeAll": false,
        "label": "Node Name",
        "multi": true,
        "multiFormat": "regex values",
        "name": "node_name",
        "options": [],
        "query": {
          "query": "label_values({__name__=~\"node_load1|process_start_time_seconds\"}, node_name)",
          "refId": "Metrics-node_name-Variable-Query"
        },
        "refresh": 2,
        "refresh_on_load": false,
        "regex": "",
        "skipUrlSync": false,
        "sort": 5,
        "type": "query",
        "useTags": false
      },
      {
        "current": {
          "selected": false,
          "text": "All",
          "value": "$__all"
        },
        "datasource": "Metrics",
        "definition": "label_values(process_start_time_seconds{node_name=~\"$node_name\"}, service_name)",
        "hide": 2,
        "includeAll": true,
        "label": "Service Name",
        "multi": true,
        "name": "service_name",
        "options": [],
        "query": {
          "query": "label_values(process_start_time_seconds{node_name=~\"$node_name\"}, service_name)",
          "refId": "Metrics-service_name-Variable-Query"
        },
        "refresh": 2,
        "regex": "",
        "skipUrlSync": false,
        "sort": 5,
        "tagValuesQuery": "",
        "tagsQuery": "",
        "type": "query",
        "useTags": false
      }
    ]
  },
  "time": {
    "from": "now-12h",
    "to": "now"
  },
  "timepicker": {
    "collapse": false,
    "enable": true,
    "hidden": false,
    "notice": false,
    "now": true,
    "refresh_intervals": [
      "5s",
      "10s",
      "30s",
      "1m",
      "5m",
      "15m",
      "30m",
      "1h",
      "2h",
      "1d"
    ],
    "status": "Stable",
    "time_options": [
      "5m",
      "15m",
      "1h",
      "6h",
      "12h",
      "24h",
      "2d",
      "7d",
      "30d"
    ],
    "type": "timepicker"
  },
  "timezone": "",
  "title": "Prometheus Exporters Overview",
  "uid": "prometheus-overview",
  "version": 1,
  "weekStart": ""
}
