{
    "annotations": {
        "list": [
            {
                "builtIn": 1,
                "datasource": "-- Grafana --",
                "enable": true,
                "hide": true,
                "iconColor": "#e0752d",
                "limit": 100,
                "name": "PMM Annotations",
                "showIn": 0,
                "tags": [
                    "pmm_annotation",
                    "$node_name",
                    "$service_name"
                ],
                "type": "tags"
            },
            {
                "builtIn": 1,
                "datasource": "-- Grafana --",
                "enable": true,
                "hide": true,
                "iconColor": "#6ed0e0",
                "limit": 100,
                "name": "Annotations & Alerts",
                "showIn": 0,
                "tags": [],
                "type": "dashboard"
            }
        ]
    },
    "editable": false,
    "gnetId": null,
    "graphTooltip": 1,
    "id": null,
    "iteration": 1572522205450,
    "links": [
        {
            "icon": "doc",
            "includeVars": true,
            "keepTime": true,
            "tags": [
                "Home"
            ],
            "targetBlank": false,
            "title": "Home",
            "type": "link",
            "url": "/graph/d/pmm-home/home-dashboard"
        },
        {
            "icon": "dashboard",
            "includeVars": true,
            "keepTime": true,
            "tags": [
                "Query Analytics"
            ],
            "targetBlank": false,
            "title": "Query Analytics",
            "type": "link",
            "url": "/graph/d/pmm-qan/pmm-query-analytics"
        },
        {
            "asDropdown": true,
            "includeVars": true,
            "keepTime": true,
            "tags": [
                "Services"
            ],
            "targetBlank": false,
            "title": "Services",
            "type": "dashboards"
        },
        {
            "asDropdown": true,
            "includeVars": false,
            "keepTime": true,
            "tags": [
                "PMM"
            ],
            "targetBlank": false,
            "title": "PMM",
            "type": "dashboards"
        }
    ],
    "panels": [
        {
            "collapsed": false,
            "datasource": null,
            "gridPos": {
                "h": 1,
                "w": 24,
                "x": 0,
                "y": 2
            },
            "id": 7,
            "panels": [],
            "title": "",
            "type": "row"
        },
        {
            "datasource": "Metrics",
            "gridPos": {
                "h": 36,
                "w": 24,
                "x": 0,
                "y": 0
            },
            "id": 1,
            "links": [],
            "options": {},
            "targets": [
                {
                    "expr": "",
                    "format": "time_series",
                    "intervalFactor": 2,
                    "refId": "A"
                }
            ],
            "title": "PMM Query Analytics",
            "transparent": true,
            "type": "pmm-qan-app-panel"
        }
    ],
    "refresh": false,
    "schemaVersion": 21,
    "style": "dark",
    "tags": [
        "Query Analytics",
        "Percona"
    ],
    "templating": {
        "list": [
            {
                "auto": true,
                "auto_count": 200,
                "auto_min": "1s",
                "current": {},
                "hide": 2,
                "label": "interval",
                "name": "interval",
                "options": [
                    {
                        "selected": true,
                        "text": "auto",
                        "value": "$__auto_interval_interval"
                    },
                    {
                        "selected": false,
                        "text": "1s",
                        "value": "1s"
                    },
                    {
                        "selected": false,
                        "text": "5s",
                        "value": "5s"
                    },
                    {
                        "selected": false,
                        "text": "1m",
                        "value": "1m"
                    },
                    {
                        "selected": false,
                        "text": "5m",
                        "value": "5m"
                    },
                    {
                        "selected": false,
                        "text": "1h",
                        "value": "1h"
                    },
                    {
                        "selected": false,
                        "text": "6h",
                        "value": "6h"
                    },
                    {
                        "selected": false,
                        "text": "1d",
                        "value": "1d"
                    }
                ],
                "query": "1s,5s,1m,5m,1h,6h,1d",
                "refresh": 2,
                "skipUrlSync": false,
                "type": "interval"
            },
            {
                "allValue": null,
                "current": {},
                "datasource": "Metrics",
                "definition": "label_values({__name__=~\"pg_up|mysql_up|mongodb_up|proxysql_mysql_status_active_transactions\"}, environment)",
                "hide": 2,
                "includeAll": true,
                "label": "Environment",
                "multi": true,
                "name": "environment",
                "options": [],
                "query": "label_values({__name__=~\"pg_up|mysql_up|mongodb_up|proxysql_mysql_status_active_transactions\"}, environment)",
                "refresh": 1,
                "regex": "",
                "skipUrlSync": false,
                "sort": 5,
                "tagValuesQuery": "",
                "tags": [],
                "tagsQuery": "",
                "type": "query",
                "useTags": false
            },
            {
                "allValue": null,
                "current": {},
                "datasource": "Metrics",
                "definition": "label_values(up, cluster)",
                "hide": 2,
                "includeAll": true,
                "label": "Cluster",
                "multi": true,
                "name": "cluster",
                "options": [],
                "query": "label_values(up, cluster)",
                "refresh": 1,
                "regex": "",
                "skipUrlSync": false,
                "sort": 5,
                "tagValuesQuery": "",
                "tags": [],
                "tagsQuery": "",
                "type": "query",
                "useTags": false
            },
            {
                "allValue": null,
                "current": {},
                "datasource": "Metrics",
                "definition": "label_values({__name__=~\"pg_up|mysql_up|mongodb_up|proxysql_mysql_status_active_transactions\"}, region)",
                "hide": 2,
                "includeAll": true,
                "label": "Region",
                "multi": true,
                "name": "region",
                "options": [],
                "query": "label_values({__name__=~\"pg_up|mysql_up|mongodb_up|proxysql_mysql_status_active_transactions\"}, region)",
                "refresh": 1,
                "regex": "",
                "skipUrlSync": false,
                "sort": 5,
                "tagValuesQuery": "",
                "tags": [],
                "tagsQuery": "",
                "type": "query",
                "useTags": false
            },
            {
                "allValue": null,
                "current": {},
                "datasource": "Metrics",
                "definition": "label_values(up, replication_set)",
                "hide": 2,
                "includeAll": true,
                "label": "Replication Set",
                "multi": true,
                "name": "replication_set",
                "options": [],
                "query": "label_values(up, replication_set)",
                "refresh": 1,
                "regex": "",
                "skipUrlSync": false,
                "sort": 5,
                "tagValuesQuery": "",
                "tags": [],
                "tagsQuery": "",
                "type": "query",
                "useTags": false
            },
            {
                "allValue": null,
                "current": {},
                "datasource": "Metrics",
                "definition": "label_values({__name__=~\"pg_up|mysql_up|mongodb_up|proxysql_mysql_status_active_transactions\",region=~\"$region\",environment=~\"$environment\",cluster=~\"$cluster\",replication_set=~\"$replication_set\"}, node_name)",
                "hide": 2,
                "includeAll": true,
                "label": "Node Name",
                "multi": true,
                "name": "node_name",
                "options": [],
                "query": "label_values({__name__=~\"pg_up|mysql_up|mongodb_up|proxysql_mysql_status_active_transactions\",region=~\"$region\",environment=~\"$environment\",cluster=~\"$cluster\",replication_set=~\"$replication_set\"}, node_name)",
                "refresh": 1,
                "regex": "",
                "skipUrlSync": false,
                "sort": 5,
                "tagValuesQuery": "",
                "tags": [],
                "tagsQuery": "",
                "type": "query",
                "useTags": false
            },
            {
                "allValue": null,
                "current": {},
                "datasource": "Metrics",
                "definition": "label_values(up, service_name)",
                "hide": 2,
                "includeAll": true,
                "label": "Service Name",
                "multi": true,
                "name": "service_name",
                "options": [],
                "query": "label_values(up, service_name)",
                "refresh": 1,
                "regex": "",
                "skipUrlSync": false,
                "sort": 5,
                "tagValuesQuery": "",
                "tags": [],
                "tagsQuery": "",
                "type": "query",
                "useTags": false
            },
            {
                "allValue": null,
                "current": {},
                "datasource": "Metrics",
                "definition": "label_values(pg_stat_database_tup_fetched{service_name=~\"$service_name\",datname!~\"template.*|postgres\"},datname)",
                "hide": 2,
                "includeAll": true,
                "label": "Database",
                "multi": true,
                "name": "database",
                "options": [],
                "query": "label_values(pg_stat_database_tup_fetched{service_name=~\"$service_name\",datname!~\"template.*|postgres\"},datname)",
                "refresh": 1,
                "regex": "",
                "skipUrlSync": false,
                "sort": 5,
                "tagValuesQuery": "",
                "tags": [],
                "tagsQuery": "",
                "type": "query",
                "useTags": false
            },
            {
                "allValue": null,
                "current": {},
                "datasource": "Metrics",
                "definition": "label_values({__name__=~\"pg_up|mysql_up|mongodb_up|proxysql_mysql_status_active_transactions\"}, node_type)",
                "hide": 2,
                "includeAll": true,
                "label": "Type",
                "multi": true,
                "name": "node_type",
                "options": [],
                "query": "label_values({__name__=~\"pg_up|mysql_up|mongodb_up|proxysql_mysql_status_active_transactions\"}, node_type)",
                "refresh": 1,
                "regex": "",
                "skipUrlSync": false,
                "sort": 5,
                "tagValuesQuery": "",
                "tags": [],
                "tagsQuery": "",
                "type": "query",
                "useTags": false
            },
            {
                "allValue": null,
                "current": {},
                "datasource": "Metrics",
                "definition": "label_values(up, service_type)",
                "hide": 2,
                "includeAll": true,
                "label": "Type",
                "multi": true,
                "name": "service_type",
                "options": [],
                "query": "label_values(up, service_type)",
                "refresh": 1,
                "regex": "",
                "skipUrlSync": false,
                "sort": 5,
                "tagValuesQuery": "",
                "tags": [],
                "tagsQuery": "",
                "type": "query",
                "useTags": false
            },
            {
                "allValue": null,
                "current": {},
                "datasource": "Metrics",
                "definition": "label_values(mysql_info_schema_user_statistics_connected_time_seconds_total{service_name=\"$service_name\"},user)",
                "hide": 2,
                "includeAll": true,
                "index": -1,
                "label": "Username",
                "multi": true,
                "name": "username",
                "options": [],
                "query": "label_values(mysql_info_schema_user_statistics_connected_time_seconds_total{service_name=\"$service_name\"},user)",
                "refresh": 1,
                "regex": "",
                "skipUrlSync": false,
                "sort": 5,
                "tagValuesQuery": "",
                "tags": [],
                "tagsQuery": "",
                "type": "query",
                "useTags": false
            },
            {
                "allValue": null,
                "current": {},
                "datasource": "Metrics",
                "definition": "label_values({__name__=~\"pg_up|mysql_up|mongodb_up|proxysql_mysql_status_active_transactions\"}, schema)",
                "hide": 2,
                "includeAll": true,
                "label": "Schema",
                "multi": true,
                "name": "schema",
                "options": [],
                "query": "label_values({__name__=~\"pg_up|mysql_up|mongodb_up|proxysql_mysql_status_active_transactions\"}, schema)",
                "refresh": 1,
                "regex": "",
                "skipUrlSync": false,
                "sort": 5,
                "tagValuesQuery": "",
                "tags": [],
                "tagsQuery": "",
                "type": "query",
                "useTags": false
            },
            {
                "allValue": null,
                "current": {},
                "datasource": "Metrics",
                "definition": "query_result(up{service_type=~\".+\"})",
                "hide": 2,
                "includeAll": true,
                "label": "Filter Data",
                "multi": true,
                "name": "filter_data",
                "options": [],
                "query": "query_result(up{service_type=~\".+\"})",
                "refresh": 1,
                "regex": "",
                "skipUrlSync": false,
                "sort": 5,
                "tagValuesQuery": "",
                "tags": [],
                "tagsQuery": "",
                "type": "query",
                "useTags": false
            }
        ]
    },
    "time": {
        "from": "now-12h",
        "to": "now"
    },
    "timepicker": {
        "hidden": false,
        "refresh_intervals": [
            "5s",
            "10s",
            "30s",
            "1m",
            "5m",
            "15m",
            "30m",
            "1h",
            "2h",
            "1d"
        ],
        "time_options": [
            "5m",
            "15m",
            "1h",
            "6h",
            "12h",
            "24h",
            "2d",
            "7d",
            "30d"
        ]
    },
    "timezone": "",
    "title": "PMM Query Analytics",
    "uid": "pmm-qan",
    "version": 2
}
