{
  "annotations": {
    "list": [
      {
        "builtIn": 1,
        "datasource": "-- Grafana --",
        "enable": true,
        "hide": false,
        "iconColor": "#e0752d",
        "limit": 100,
        "matchAny": true,
        "name": "PMM Annotations",
        "showIn": 0,
        "tags": [
          "pmm_annotation",
          "$service_name"
        ],
        "target": {
          "limit": 100,
          "matchAny": true,
          "tags": [
            "pmm_annotation",
            "$service_name"
          ],
          "type": "tags"
        },
        "type": "tags"
      },
      {
        "builtIn": 1,
        "datasource": "-- Grafana --",
        "enable": true,
        "hide": true,
        "iconColor": "#6ed0e0",
        "limit": 100,
        "name": "Annotations & Alerts",
        "showIn": 0,
        "tags": [],
        "target": {
          "limit": 100,
          "matchAny": false,
          "tags": [],
          "type": "dashboard"
        },
        "type": "dashboard"
      }
    ]
  },
  "editable": false,
  "fiscalYearStartMonth": 0,
  "graphTooltip": 1,
  "id": null,
  "iteration": 1656416528635,
  "links": [
    {
      "icon": "doc",
      "includeVars": true,
      "keepTime": true,
      "tags": [
        "Home"
      ],
      "targetBlank": false,
      "title": "Home",
      "type": "link",
      "url": "/graph/d/pmm-home/home-dashboard"
    },
    {
      "icon": "dashboard",
      "includeVars": true,
      "keepTime": true,
      "tags": [
        "Query Analytics"
      ],
      "targetBlank": false,
      "title": "Query Analytics",
      "type": "link",
      "url": "/graph/d/pmm-qan/pmm-query-analytics"
    },
    {
      "asDropdown": true,
      "includeVars": true,
      "keepTime": true,
      "tags": [
        "MongoDB"
      ],
      "targetBlank": false,
      "title": "MongoDB",
      "type": "dashboards"
    },
    {
      "asDropdown": true,
      "includeVars": true,
      "keepTime": true,
      "tags": [
        "MongoDB_HA"
      ],
      "targetBlank": false,
      "title": "HA",
      "type": "dashboards"
    },
    {
      "asDropdown": true,
      "includeVars": false,
      "keepTime": true,
      "tags": [
        "Services"
      ],
      "targetBlank": false,
      "title": "Services",
      "type": "dashboards"
    },
    {
      "asDropdown": true,
      "includeVars": false,
      "keepTime": true,
      "tags": [
        "PMM"
      ],
      "targetBlank": false,
      "title": "PMM",
      "type": "dashboards"
    }
  ],
  "liveNow": false,
  "panels": [
    {
      "collapsed": false,
      "gridPos": {
        "h": 1,
        "w": 24,
        "x": 0,
        "y": 0
      },
      "id": 382,
      "panels": [],
      "title": "Overview",
      "type": "row"
    },
    {
      "columns": [],
      "fontSize": "100%",
      "gridPos": {
        "h": 4,
        "w": 24,
        "x": 0,
        "y": 1
      },
      "id": 642,
      "links": [],
      "maxPerRow": 12,
      "repeat": "service_name",
      "repeatDirection": "h",
      "scroll": false,
      "showHeader": true,
      "sort": {
        "col": 0,
        "desc": true
      },
      "styles": [
        {
          "alias": "Time",
          "align": "auto",
          "dateFormat": "YYYY-MM-DD HH:mm:ss",
          "pattern": "Time",
          "type": "hidden"
        },
        {
          "alias": "Version",
          "align": "auto",
          "colorMode": "value",
          "colors": [
            "rgba(245, 54, 54, 0.9)",
            "#FF780A",
            "rgba(50, 172, 45, 0.97)"
          ],
          "dateFormat": "YYYY-MM-DD HH:mm:ss",
          "decimals": 2,
          "mappingType": 1,
          "pattern": "/mongodb/",
          "preserveFormat": false,
          "thresholds": [],
          "type": "string",
          "unit": "short"
        },
        {
          "alias": "",
          "align": "auto",
          "colors": [
            "rgba(245, 54, 54, 0.9)",
            "rgba(237, 129, 40, 0.89)",
            "rgba(50, 172, 45, 0.97)"
          ],
          "dateFormat": "YYYY-MM-DD HH:mm:ss",
          "decimals": 2,
          "mappingType": 1,
          "pattern": "/.*/",
          "thresholds": [],
          "type": "hidden",
          "unit": "short"
        }
      ],
      "targets": [
        {
          "datasource": "Metrics",
          "exemplar": false,
          "expr": "mongodb_version_info{service_name=~\"$service_name\"}",
          "format": "table",
          "instant": true,
          "interval": "",
          "intervalFactor": 1,
          "legendFormat": "",
          "refId": "A"
        }
      ],
      "title": "$service_name - Service Info",
      "transform": "table",
      "type": "table-old"
    },
    {
      "description": "",
      "fieldConfig": {
        "defaults": {
          "color": {
            "mode": "thresholds"
          },
          "decimals": 1,
          "mappings": [],
          "thresholds": {
            "mode": "absolute",
            "steps": [
              {
                "color": "rgba(245, 54, 54, 0.9)",
                "value": null
              },
              {
                "color": "rgba(237, 129, 40, 0.89)",
                "value": 300
              },
              {
                "color": "rgba(50, 172, 45, 0.97)",
                "value": 3600
              }
            ]
          },
          "unit": "s"
        },
        "overrides": []
      },
      "gridPos": {
        "h": 2,
        "w": 24,
        "x": 0,
        "y": 5
      },
      "id": 12,
      "interval": "",
      "links": [
        {
          "targetBlank": true,
          "title": "MongoDB Summary",
          "url": "/graph/d/mongodb-instance-summary/mongodb-instance-summary?$__url_time_range&$__all_variables"
        }
      ],
      "maxDataPoints": 100,
      "options": {
        "colorMode": "value",
        "graphMode": "area",
        "justifyMode": "auto",
        "orientation": "horizontal",
        "reduceOptions": {
          "calcs": [
            "lastNotNull"
          ],
          "fields": "",
          "values": false
        },
        "textMode": "auto"
      },
      "pluginVersion": "8.3.5",
      "repeat": "service_name",
      "repeatDirection": "h",
      "targets": [
        {
          "calculatedInterval": "10m",
          "datasourceErrors": {},
          "errors": {},
          "expr": "avg by (service_name) (mongodb_instance_uptime_seconds{service_name=~\"$service_name\"})",
          "format": "time_series",
          "interval": "5m",
          "intervalFactor": 1,
          "legendFormat": "",
          "metric": "",
          "refId": "A",
          "step": 300
        }
      ],
      "title": "$service_name - MongoDB Uptime",
      "type": "stat"
    },
    {
      "description": "",
      "fieldConfig": {
        "defaults": {
          "color": {
            "fixedColor": "rgb(31, 120, 193)",
            "mode": "fixed"
          },
          "decimals": 2,
          "mappings": [],
          "thresholds": {
            "mode": "absolute",
            "steps": [
              {
                "color": "rgba(245, 54, 54, 0.9)",
                "value": null
              },
              {
                "color": "rgba(237, 129, 40, 0.89)",
                "value": 35
              },
              {
                "color": "rgba(50, 172, 45, 0.97)",
                "value": 75
              }
            ]
          },
          "unit": "short"
        },
        "overrides": []
      },
      "gridPos": {
        "h": 2,
        "w": 24,
        "x": 0,
        "y": 7
      },
      "id": 13,
      "interval": "$interval",
      "links": [],
      "maxDataPoints": 100,
      "options": {
        "colorMode": "none",
        "graphMode": "area",
        "justifyMode": "auto",
        "orientation": "horizontal",
        "reduceOptions": {
          "calcs": [
            "lastNotNull"
          ],
          "fields": "",
          "values": false
        },
        "textMode": "auto"
      },
      "pluginVersion": "8.3.5",
      "repeat": "service_name",
      "repeatDirection": "h",
      "targets": [
        {
          "expr": "sum by (service_name) (rate(mongodb_op_counters_total{service_name=~\"$service_name\",type!=\"command\"}[$interval]) or irate(mongodb_op_counters_total{service_name=~\"$service_name\",type!=\"command\"}[5m]))",
          "interval": "$interval",
          "refId": "B"
        }
      ],
      "title": "$service_name - Current QPS",
      "type": "stat"
    },
    {
      "fieldConfig": {
        "defaults": {
          "color": {
            "fixedColor": "rgb(31, 120, 193)",
            "mode": "fixed"
          },
          "mappings": [
            {
              "options": {
                "match": "null",
                "result": {
                  "text": "N/A"
                }
              },
              "type": "special"
            }
          ],
          "thresholds": {
            "mode": "absolute",
            "steps": [
              {
                "color": "green",
                "value": null
              },
              {
                "color": "red",
                "value": 80
              }
            ]
          },
          "unit": "none"
        },
        "overrides": []
      },
      "gridPos": {
        "h": 2,
        "w": 24,
        "x": 0,
        "y": 9
      },
      "id": 413,
      "links": [],
      "maxDataPoints": 100,
      "options": {
        "colorMode": "none",
        "graphMode": "area",
        "justifyMode": "auto",
        "orientation": "horizontal",
        "reduceOptions": {
          "calcs": [
            "lastNotNull"
          ],
          "fields": "",
          "values": false
        },
        "textMode": "auto"
      },
      "pluginVersion": "8.3.5",
      "repeat": "service_name",
      "repeatDirection": "h",
      "targets": [
        {
          "expr": "sum by (service_name) (max_over_time(mongodb_connections{service_name=~\"$service_name\",state=\"current\"}[$interval]) or max_over_time(mongodb_connections{service_name=~\"$service_name\",state=\"current\"}[5m]))",
          "format": "time_series",
          "interval": "$interval",
          "intervalFactor": 1,
          "refId": "A"
        }
      ],
      "title": "$service_name - DB Connections",
      "type": "stat"
    },
    {
      "description": "",
      "fieldConfig": {
        "defaults": {
          "color": {
            "fixedColor": "rgb(31, 120, 193)",
            "mode": "fixed"
          },
          "decimals": 2,
          "mappings": [],
          "thresholds": {
            "mode": "absolute",
            "steps": [
              {
                "color": "rgba(50, 172, 45, 0.97)",
                "value": null
              },
              {
                "color": "rgba(237, 129, 40, 0.89)",
                "value": 90
              },
              {
                "color": "rgba(245, 54, 54, 0.9)",
                "value": 95
              }
            ]
          },
          "unit": "ms"
        },
        "overrides": []
      },
      "gridPos": {
        "h": 2,
        "w": 24,
        "x": 0,
        "y": 11
      },
      "id": 51,
      "interval": "$interval",
      "links": [],
      "maxDataPoints": 100,
      "options": {
        "colorMode": "none",
        "graphMode": "area",
        "justifyMode": "auto",
        "orientation": "horizontal",
        "reduceOptions": {
          "calcs": [
            "lastNotNull"
          ],
          "fields": "",
          "values": false
        },
        "textMode": "auto"
      },
      "pluginVersion": "8.3.5",
      "repeat": "service_name",
      "repeatDirection": "h",
      "targets": [
        {
          "calculatedInterval": "10m",
          "datasourceErrors": {},
          "errors": {},
          "expr": "avg by (service_name) (rate(mongodb_mongod_op_latencies_latency_total{service_name=~\"$service_name\",type=\"command\"}[$interval]) / (rate(mongodb_mongod_op_latencies_ops_total{service_name=~\"$service_name\",type=\"command\"}[$interval]) > 0) or irate(mongodb_mongod_op_latencies_latency_total{service_name=~\"$service_name\",type=\"command\"}[5m]) / (irate(mongodb_mongod_op_latencies_ops_total{service_name=~\"$service_name\",type=\"command\"}[5m]) > 0))",
          "format": "time_series",
          "interval": "5m",
          "intervalFactor": 1,
          "legendFormat": "",
          "metric": "",
          "refId": "A",
          "step": 300
        }
      ],
      "title": "$service_name - Latency",
      "type": "stat"
    },
    {
      "description": "",
      "fieldConfig": {
        "defaults": {
          "color": {
            "fixedColor": "rgb(31, 120, 193)",
            "mode": "fixed"
          },
          "mappings": [
            {
              "options": {
                "match": "null",
                "result": {
                  "text": "N/A"
                }
              },
              "type": "special"
            }
          ],
          "thresholds": {
            "mode": "absolute",
            "steps": [
              {
                "color": "green",
                "value": null
              },
              {
                "color": "red",
                "value": 80
              }
            ]
          },
          "unit": "short"
        },
        "overrides": []
      },
      "gridPos": {
        "h": 2,
        "w": 24,
        "x": 0,
        "y": 13
      },
      "id": 52,
      "links": [],
      "maxDataPoints": 100,
      "options": {
        "colorMode": "none",
        "graphMode": "area",
        "justifyMode": "auto",
        "orientation": "horizontal",
        "reduceOptions": {
          "calcs": [
            "lastNotNull"
          ],
          "fields": "",
          "values": false
        },
        "textMode": "auto"
      },
      "pluginVersion": "8.3.5",
      "repeat": "service_name",
      "repeatDirection": "h",
      "targets": [
        {
          "calculatedInterval": "10m",
          "datasourceErrors": {},
          "errors": {},
          "expr": "sum(mongodb_mongod_metrics_cursor_open{service_name=~\"$service_name\"} or mongodb_mongod_cursors{service_name=~\"$service_name\"} or mongodb_mongos_metrics_cursor_open{service_name=~\"$service_name\"} or mongodb_mongos_cursors{service_name=~\"$service_name\"})",
          "format": "time_series",
          "interval": "5m",
          "intervalFactor": 1,
          "legendFormat": "",
          "metric": "",
          "refId": "A",
          "step": 300
        }
      ],
      "title": "$service_name - Opened Cursors",
      "type": "stat"
    },
    {
      "description": "",
      "fieldConfig": {
        "defaults": {
          "color": {
            "mode": "thresholds"
          },
          "mappings": [
            {
              "options": {
                "match": "null",
                "result": {
                  "text": "N/A"
                }
              },
              "type": "special"
            }
          ],
          "thresholds": {
            "mode": "absolute",
            "steps": [
              {
                "color": "green",
                "value": null
              },
              {
                "color": "red",
                "value": 80
              }
            ]
          },
          "unit": "none"
        },
        "overrides": []
      },
      "gridPos": {
        "h": 2,
        "w": 24,
        "x": 0,
        "y": 15
      },
      "id": 1217,
      "links": [
        {
          "title": "MongoDB Replica Set Summary",
          "url": "/graph/d/mongodb-replicaset-summary/mongodb-replset-summary"
        }
      ],
      "maxDataPoints": 100,
      "options": {
        "colorMode": "none",
        "graphMode": "none",
        "justifyMode": "auto",
        "orientation": "horizontal",
        "reduceOptions": {
          "calcs": [
            "first"
          ],
          "fields": "/^set$/",
          "values": false
        },
        "textMode": "auto"
      },
      "pluginVersion": "8.3.5",
      "repeat": "service_name",
      "repeatDirection": "h",
      "targets": [
        {
          "expr": "mongodb_mongod_replset_my_state{service_name=~\"$service_name\"}",
          "format": "table",
          "interval": "$interval",
          "legendFormat": "{{set}}",
          "refId": "A"
        }
      ],
      "title": "$service_name - Replica Set",
      "type": "stat"
    },
    {
      "description": "",
      "fieldConfig": {
        "defaults": {
          "color": {
            "fixedColor": "rgb(31, 120, 193)",
            "mode": "fixed"
          },
          "mappings": [
            {
              "options": {
                "0": {
                  "text": "STARTUP"
                },
                "1": {
                  "text": "PRIMARY"
                },
                "2": {
                  "text": "SECONDARY"
                },
                "3": {
                  "text": "RECOVERING"
                },
                "5": {
                  "text": "STARTUP2"
                },
                "6": {
                  "text": "UNKNOWN"
                },
                "7": {
                  "text": "ARBITER"
                },
                "8": {
                  "text": "DOWN"
                },
                "9": {
                  "text": "ROLLBACK"
                },
                "10": {
                  "text": "REMOVED"
                }
              },
              "type": "value"
            }
          ],
          "thresholds": {
            "mode": "absolute",
            "steps": [
              {
                "color": "green",
                "value": null
              },
              {
                "color": "red",
                "value": 80
              }
            ]
          },
          "unit": "none"
        },
        "overrides": []
      },
      "gridPos": {
        "h": 2,
        "w": 24,
        "x": 0,
        "y": 17
      },
      "id": 1218,
      "links": [
        {
          "title": "MongoDB Instance Summary - $service_name",
          "url": "/graph/d/mongodb-instance-summary/mongodb-instance-summary?var-service_name=$service_name"
        }
      ],
      "maxDataPoints": 100,
      "options": {
        "colorMode": "none",
        "graphMode": "area",
        "justifyMode": "auto",
        "orientation": "horizontal",
        "reduceOptions": {
          "calcs": [
            "lastNotNull"
          ],
          "fields": "",
          "values": false
        },
        "textMode": "auto"
      },
      "pluginVersion": "8.3.5",
      "repeat": "service_name",
      "repeatDirection": "h",
      "targets": [
        {
          "expr": "mongodb_mongod_replset_my_state{service_name=~\"$service_name\"}",
          "format": "time_series",
          "interval": "$interval",
          "legendFormat": "",
          "refId": "A"
        }
      ],
      "title": "$service_name - ReplSet State",
      "type": "stat"
    },
    {
      "collapsed": false,
      "gridPos": {
        "h": 1,
        "w": 24,
        "x": 0,
        "y": 19
      },
      "id": 383,
      "panels": [],
      "title": "Connections",
      "type": "row"
    },
    {
      "aliasColors": {},
      "bars": false,
      "dashLength": 10,
      "dashes": false,
      "decimals": 2,
      "description": "",
      "editable": true,
      "error": false,
      "fieldConfig": {
        "defaults": {
          "links": [
            {
              "targetBlank": true,
              "title": "MongoDB Instance Summary - ${__field.labels.service_name}",
              "url": "/graph/d/mongodb-instance-summary/mongodb-instance-summary?var-service_name=${__field.labels.service_name}&$__url_time_range"
            }
          ]
        },
        "overrides": []
      },
      "fill": 2,
      "fillGradient": 0,
      "grid": {},
      "gridPos": {
        "h": 8,
        "w": 24,
        "x": 0,
        "y": 20
      },
      "height": "250px",
      "hiddenSeries": false,
      "id": 92,
      "legend": {
        "alignAsTable": true,
        "avg": true,
        "current": false,
        "max": true,
        "min": true,
        "show": true,
        "sort": "avg",
        "sortDesc": true,
        "total": false,
        "values": true
      },
      "lines": true,
      "linewidth": 2,
      "links": [],
      "maxPerRow": 12,
      "nullPointMode": "null",
      "options": {
        "alertThreshold": true
      },
      "paceLength": 10,
      "percentage": false,
      "pluginVersion": "8.3.5",
      "pointradius": 5,
      "points": false,
      "renderer": "flot",
      "repeat": "service_name",
      "repeatDirection": "h",
      "seriesOverrides": [
        {
          "alias": "Max Connections",
          "fill": 0
        }
      ],
      "spaceLength": 10,
      "stack": false,
      "steppedLine": false,
      "targets": [
        {
          "calculatedInterval": "2m",
          "datasourceErrors": {},
          "errors": {},
          "expr": "avg by (service_name,state) (max_over_time(mongodb_mongod_connections{service_name=~\"$service_name\", state=~\"current|available\"}[$interval]) or max_over_time(mongodb_mongod_connections{service_name=~\"$service_name\", state=~\"current|available\"}[5m]) or max_over_time(mongodb_mongos_connections{service_name=~\"$service_name\", state=~\"current|available\"}[$interval]) or max_over_time(mongodb_mongos_connections{service_name=~\"$service_name\", state=~\"current|available\"}[5m]) or \nmax_over_time(mongodb_connections{service_name=~\"$service_name\", state=~\"current|available\"}[$interval]) or \nmax_over_time(mongodb_connections{service_name=~\"$service_name\", state=~\"current|available\"}[5m]))",
          "format": "time_series",
          "interval": "$interval",
          "intervalFactor": 1,
          "legendFormat": "{{state}}",
          "metric": "",
          "refId": "A",
          "step": 20
        }
      ],
      "thresholds": [],
      "timeRegions": [],
      "title": "$service_name - Connections",
      "tooltip": {
        "msResolution": false,
        "shared": true,
        "sort": 5,
        "value_type": "cumulative"
      },
      "type": "graph",
      "xaxis": {
        "mode": "time",
        "show": true,
        "values": []
      },
      "yaxes": [
        {
          "decimals": 2,
          "format": "short",
          "label": "",
          "logBase": 2,
          "min": 0,
          "show": true
        },
        {
          "format": "short",
          "label": "",
          "logBase": 1,
          "min": 0,
          "show": true
        }
      ],
      "yaxis": {
        "align": false
      }
    },
    {
      "collapsed": false,
      "gridPos": {
        "h": 1,
        "w": 24,
        "x": 0,
        "y": 28
      },
      "id": 1215,
      "panels": [],
      "title": "Cursors",
      "type": "row"
    },
    {
      "aliasColors": {},
      "bars": false,
      "dashLength": 10,
      "dashes": false,
      "decimals": 2,
      "description": "",
      "editable": true,
      "error": false,
      "fieldConfig": {
        "defaults": {
          "links": [
            {
              "targetBlank": true,
              "title": "MongoDB Instance Summary - ${__field.labels.service_name}",
              "url": "/graph/d/mongodb-instance-summary/mongodb-instance-summary?var-service_name=${__field.labels.service_name}&$__url_time_range"
            }
          ]
        },
        "overrides": []
      },
      "fill": 2,
      "fillGradient": 0,
      "grid": {},
      "gridPos": {
        "h": 8,
        "w": 24,
        "x": 0,
        "y": 29
      },
      "hiddenSeries": false,
      "id": 10,
      "legend": {
        "alignAsTable": true,
        "avg": true,
        "current": false,
        "max": true,
        "min": true,
        "rightSide": false,
        "show": true,
        "sort": "avg",
        "sortDesc": true,
        "total": false,
        "values": true
      },
      "lines": true,
      "linewidth": 2,
      "links": [],
      "maxPerRow": 12,
      "nullPointMode": "null",
      "options": {
        "alertThreshold": true
      },
      "paceLength": 10,
      "percentage": false,
      "pluginVersion": "8.3.5",
      "pointradius": 5,
      "points": false,
      "renderer": "flot",
      "repeat": "service_name",
      "repeatDirection": "h",
      "seriesOverrides": [],
      "spaceLength": 10,
      "stack": false,
      "steppedLine": false,
      "targets": [
        {
          "calculatedInterval": "2m",
          "datasourceErrors": {},
          "errors": {},
          "expr": "avg by (service_name,state) (mongodb_mongod_metrics_cursor_open{service_name=~\"$service_name\"} or \nmongodb_mongod_cursors{service_name=~\"$service_name\"} or \nmongodb_mongos_metrics_cursor_open{service_name=~\"$service_name\"} or \nmongodb_mongos_cursors{service_name=~\"$service_name\"})",
          "format": "time_series",
          "hide": false,
          "interval": "$interval",
          "intervalFactor": 1,
          "legendFormat": "{{state}}",
          "metric": "",
          "refId": "A",
          "step": 20
        }
      ],
      "thresholds": [],
      "timeRegions": [],
      "title": "$service_name - Cursors ",
      "tooltip": {
        "msResolution": false,
        "shared": true,
        "sort": 5,
        "value_type": "individual"
      },
      "type": "graph",
      "xaxis": {
        "mode": "time",
        "show": true,
        "values": [
          "total"
        ]
      },
      "yaxes": [
        {
          "decimals": 2,
          "format": "short",
          "label": "",
          "logBase": 1,
          "min": 0,
          "show": true
        },
        {
          "format": "short",
          "label": "",
          "logBase": 1,
          "min": 0,
          "show": false
        }
      ],
      "yaxis": {
        "align": false
      }
    },
    {
      "collapsed": false,
      "gridPos": {
        "h": 1,
        "w": 24,
        "x": 0,
        "y": 37
      },
      "id": 384,
      "panels": [],
      "title": "Query Efficiency",
      "type": "row"
    },
    {
      "aliasColors": {},
      "bars": false,
      "dashLength": 10,
      "dashes": false,
      "decimals": 2,
      "description": "Average latency of operations (classified by read, write, or (other) command)",
      "editable": true,
      "error": false,
      "fieldConfig": {
        "defaults": {
          "links": [
            {
              "targetBlank": true,
              "title": "MongoDB Instance Summary - ${__field.labels.service_name}",
              "url": "/graph/d/mongodb-instance-summary/mongodb-instance-summary?var-service_name=${__field.labels.service_name}&$__url_time_range"
            }
          ]
        },
        "overrides": []
      },
      "fill": 2,
      "fillGradient": 0,
      "grid": {},
      "gridPos": {
        "h": 8,
        "w": 24,
        "x": 0,
        "y": 38
      },
      "hiddenSeries": false,
      "id": 53,
      "legend": {
        "alignAsTable": true,
        "avg": true,
        "current": false,
        "max": true,
        "min": true,
        "rightSide": false,
        "show": true,
        "sort": "avg",
        "sortDesc": true,
        "total": false,
        "values": true
      },
      "lines": true,
      "linewidth": 2,
      "links": [],
      "maxPerRow": 12,
      "nullPointMode": "null",
      "options": {
        "alertThreshold": true
      },
      "paceLength": 10,
      "percentage": false,
      "pluginVersion": "8.3.5",
      "pointradius": 5,
      "points": false,
      "renderer": "flot",
      "repeat": "service_name",
      "repeatDirection": "h",
      "seriesOverrides": [],
      "spaceLength": 10,
      "stack": false,
      "steppedLine": false,
      "targets": [
        {
          "calculatedInterval": "2m",
          "datasourceErrors": {},
          "errors": {},
          "expr": "avg by (service_name,type) (rate(mongodb_mongod_op_latencies_latency_total{service_name=~\"$service_name\"}[$interval]) / (rate(mongodb_mongod_op_latencies_ops_total{service_name=~\"$service_name\"}[$interval]) > 0) or\nirate(mongodb_mongod_op_latencies_latency_total{service_name=~\"$service_name\"}[5m]) / \n(irate(mongodb_mongod_op_latencies_ops_total{service_name=~\"$service_name\"}[5m]) > 0))",
          "format": "time_series",
          "interval": "$interval",
          "intervalFactor": 1,
          "legendFormat": "{{type}}",
          "metric": "",
          "refId": "A",
          "step": 20
        }
      ],
      "thresholds": [],
      "timeRegions": [],
      "title": "$service_name - Latency",
      "tooltip": {
        "msResolution": false,
        "shared": true,
        "sort": 5,
        "value_type": "individual"
      },
      "type": "graph",
      "xaxis": {
        "mode": "time",
        "show": true,
        "values": []
      },
      "yaxes": [
        {
          "decimals": 2,
          "format": "µs",
          "logBase": 2,
          "min": 0,
          "show": true
        },
        {
          "format": "short",
          "logBase": 1,
          "min": 0,
          "show": false
        }
      ],
      "yaxis": {
        "align": false
      }
    },
    {
      "aliasColors": {},
      "bars": false,
      "dashLength": 10,
      "dashes": false,
      "decimals": 2,
      "description": "Ratio of index entries scanned or whole docs scanned / number of documents returned",
      "editable": true,
      "error": false,
      "fieldConfig": {
        "defaults": {
          "links": [
            {
              "targetBlank": true,
              "title": "MongoDB Instance Summary - ${__field.labels.service_name}",
              "url": "/graph/d/mongodb-instance-summary/mongodb-instance-summary?var-service_name=${__field.labels.service_name}&$__url_time_range"
            }
          ]
        },
        "overrides": []
      },
      "fill": 2,
      "fillGradient": 0,
      "grid": {},
      "gridPos": {
        "h": 8,
        "w": 24,
        "x": 0,
        "y": 46
      },
      "hiddenSeries": false,
      "id": 11,
      "legend": {
        "alignAsTable": true,
        "avg": true,
        "current": false,
        "max": true,
        "min": true,
        "rightSide": false,
        "show": true,
        "sort": "avg",
        "sortDesc": true,
        "total": false,
        "values": true
      },
      "lines": true,
      "linewidth": 2,
      "links": [],
      "maxPerRow": 12,
      "nullPointMode": "null",
      "options": {
        "alertThreshold": true
      },
      "paceLength": 10,
      "percentage": false,
      "pluginVersion": "8.3.5",
      "pointradius": 5,
      "points": false,
      "renderer": "flot",
      "repeat": "service_name",
      "repeatDirection": "h",
      "seriesOverrides": [],
      "spaceLength": 10,
      "stack": false,
      "steppedLine": false,
      "targets": [
        {
          "calculatedInterval": "2m",
          "datasourceErrors": {},
          "errors": {},
          "expr": "avg by (service_name) (rate(mongodb_mongod_metrics_query_executor_total{service_name=~\"$service_name\", state=\"scanned\"}[$interval]) / ignoring(state) rate(mongodb_mongod_metrics_document_total{service_name=~\"$service_name\", state=\"returned\"}[$interval]) or (irate(mongodb_mongod_metrics_query_executor_total{service_name=~\"$service_name\", state=\"scanned\"}[5m]) / ignoring(state) irate(mongodb_mongod_metrics_document_total{service_name=~\"$service_name\", state=\"returned\"}[5m])))",
          "format": "time_series",
          "interval": "$interval",
          "intervalFactor": 1,
          "legendFormat": "Index",
          "metric": "",
          "refId": "B",
          "step": 20
        },
        {
          "expr": "avg by (service_name) (rate(mongodb_mongod_metrics_document_total{service_name=~\"$service_name\", state=\"returned\"}[$interval]) / ignoring(state)rate(mongodb_mongod_metrics_query_executor_total{service_name=~\"$service_name\", state=\"scanned_objects\"}[$interval]) or\nirate(mongodb_mongod_metrics_document_total{service_name=~\"$service_name\", state=\"returned\"}[5m]) / ignoring(state)irate(mongodb_mongod_metrics_query_executor_total{service_name=~\"$service_name\", state=\"scanned_objects\"}[5m]))",
          "interval": "$interval",
          "legendFormat": "Document",
          "refId": "A"
        }
      ],
      "thresholds": [],
      "timeRegions": [],
      "title": "$service_name - Scan Ratios",
      "tooltip": {
        "msResolution": false,
        "shared": true,
        "sort": 5,
        "value_type": "individual"
      },
      "type": "graph",
      "xaxis": {
        "mode": "time",
        "show": true,
        "values": []
      },
      "yaxes": [
        {
          "decimals": 2,
          "format": "ops",
          "logBase": 1,
          "min": 0,
          "show": true
        },
        {
          "format": "short",
          "logBase": 1,
          "min": 0,
          "show": false
        }
      ],
      "yaxis": {
        "align": false
      }
    },
    {
      "aliasColors": {},
      "bars": false,
      "dashLength": 10,
      "dashes": false,
      "decimals": 2,
      "description": "",
      "editable": true,
      "error": false,
      "fieldConfig": {
        "defaults": {
          "links": [
            {
              "targetBlank": true,
              "title": "MongoDB Instance Summary - ${__field.labels.service_name}",
              "url": "/graph/d/mongodb-instance-summary/mongodb-instance-summary?var-service_name=${__field.labels.service_name}&$__url_time_range"
            }
          ]
        },
        "overrides": []
      },
      "fill": 2,
      "fillGradient": 0,
      "grid": {},
      "gridPos": {
        "h": 8,
        "w": 24,
        "x": 0,
        "y": 54
      },
      "hiddenSeries": false,
      "id": 1129,
      "legend": {
        "alignAsTable": true,
        "avg": true,
        "current": false,
        "max": true,
        "min": true,
        "rightSide": false,
        "show": true,
        "sort": "avg",
        "sortDesc": true,
        "total": false,
        "values": true
      },
      "lines": true,
      "linewidth": 2,
      "links": [],
      "maxPerRow": 12,
      "nullPointMode": "null",
      "options": {
        "alertThreshold": true
      },
      "paceLength": 10,
      "percentage": false,
      "pluginVersion": "8.3.5",
      "pointradius": 5,
      "points": false,
      "renderer": "flot",
      "repeat": "service_name",
      "repeatDirection": "h",
      "seriesOverrides": [],
      "spaceLength": 10,
      "stack": false,
      "steppedLine": false,
      "targets": [
        {
          "calculatedInterval": "2m",
          "datasourceErrors": {},
          "errors": {},
          "expr": "sum by (service_name) (mongodb_mongod_metrics_query_executor_total{service_name=~\"$service_name\", state=~\"scanned_objects\"}) / ignoring(state)sum by (service_name) (mongodb_mongod_metrics_query_executor_total{service_name=~\"$service_name\", state=~\"scanned_objects|scanned\"})",
          "format": "time_series",
          "interval": "$interval",
          "intervalFactor": 1,
          "legendFormat": "Index",
          "metric": "",
          "refId": "B",
          "step": 20
        }
      ],
      "thresholds": [],
      "timeRegions": [],
      "title": "$service_name - Index Filtering Effectiveness",
      "tooltip": {
        "msResolution": false,
        "shared": true,
        "sort": 5,
        "value_type": "individual"
      },
      "type": "graph",
      "xaxis": {
        "mode": "time",
        "show": true,
        "values": []
      },
      "yaxes": [
        {
          "decimals": 2,
          "format": "percentunit",
          "logBase": 1,
          "max": "1.1",
          "min": 0,
          "show": true
        },
        {
          "format": "short",
          "logBase": 1,
          "min": 0,
          "show": false
        }
      ],
      "yaxis": {
        "align": false
      }
    },
    {
      "collapsed": false,
      "gridPos": {
        "h": 1,
        "w": 24,
        "x": 0,
        "y": 62
      },
      "id": 385,
      "panels": [],
      "title": "Operations",
      "type": "row"
    },
    {
      "aliasColors": {},
      "bars": false,
      "dashLength": 10,
      "dashes": false,
      "decimals": 2,
      "description": "Ops/sec (classified by (legacy) wire protocol request type)",
      "editable": true,
      "error": false,
      "fieldConfig": {
        "defaults": {
          "links": [
            {
              "targetBlank": true,
              "title": "MongoDB Instance Summary - ${__field.labels.service_name}",
              "url": "/graph/d/mongodb-instance-summary/mongodb-instance-summary?var-service_name=${__field.labels.service_name}&$__url_time_range"
            }
          ]
        },
        "overrides": []
      },
      "fill": 2,
      "fillGradient": 0,
      "grid": {},
      "gridPos": {
        "h": 8,
        "w": 24,
        "x": 0,
        "y": 63
      },
      "hiddenSeries": false,
      "id": 22,
      "legend": {
        "alignAsTable": true,
        "avg": true,
        "current": false,
        "max": true,
        "min": true,
        "rightSide": false,
        "show": true,
        "sort": "avg",
        "sortDesc": true,
        "total": false,
        "values": true
      },
      "lines": true,
      "linewidth": 2,
      "links": [],
      "maxPerRow": 12,
      "nullPointMode": "null",
      "options": {
        "alertThreshold": true
      },
      "paceLength": 10,
      "percentage": false,
      "pluginVersion": "8.3.5",
      "pointradius": 5,
      "points": false,
      "renderer": "flot",
      "repeat": "service_name",
      "repeatDirection": "h",
      "seriesOverrides": [],
      "spaceLength": 10,
      "stack": false,
      "steppedLine": false,
      "targets": [
        {
          "calculatedInterval": "2m",
          "datasourceErrors": {},
          "errors": {},
          "expr": "avg by (service_name,type) (rate(mongodb_mongod_op_counters_total{service_name=~\"$service_name\"}[$interval]) or \nirate(mongodb_mongod_op_counters_total{service_name=~\"$service_name\"}[5m]) or \nrate(mongodb_mongos_op_counters_total{service_name=~\"$service_name\"}[$interval]) or \nirate(mongodb_mongos_op_counters_total{service_name=~\"$service_name\"}[5m]) or \nrate(mongodb_op_counters_total{service_name=~\"$service_name\"}[$interval]) or \nirate(mongodb_op_counters_total{service_name=~\"$service_name\"}[5m]))",
          "format": "time_series",
          "interval": "$interval",
          "intervalFactor": 1,
          "legendFormat": "{{type}}",
          "metric": "",
          "refId": "A",
          "step": 20
        }
      ],
      "thresholds": [],
      "timeRegions": [],
      "title": "$service_name - Requests",
      "tooltip": {
        "msResolution": false,
        "shared": true,
        "sort": 5,
        "value_type": "individual"
      },
      "type": "graph",
      "xaxis": {
        "mode": "time",
        "show": true,
        "values": []
      },
      "yaxes": [
        {
          "decimals": 2,
          "format": "ops",
          "logBase": 1,
          "min": 0,
          "show": true
        },
        {
          "format": "short",
          "logBase": 1,
          "min": 0,
          "show": false
        }
      ],
      "yaxis": {
        "align": false
      }
    },
    {
      "aliasColors": {},
      "bars": false,
      "dashLength": 10,
      "dashes": false,
      "decimals": 2,
      "description": "Documents inserted/updated/deleted or returned per sec",
      "editable": true,
      "error": false,
      "fieldConfig": {
        "defaults": {
          "links": [
            {
              "targetBlank": true,
              "title": "MongoDB Instance Summary - ${__field.labels.service_name}",
              "url": "/graph/d/mongodb-instance-summary/mongodb-instance-summary?var-service_name=${__field.labels.service_name}&$__url_time_range"
            }
          ]
        },
        "overrides": []
      },
      "fill": 2,
      "fillGradient": 0,
      "grid": {},
      "gridPos": {
        "h": 8,
        "w": 24,
        "x": 0,
        "y": 71
      },
      "height": "250px",
      "hiddenSeries": false,
      "id": 311,
      "legend": {
        "alignAsTable": true,
        "avg": true,
        "current": false,
        "hideZero": false,
        "max": true,
        "min": true,
        "rightSide": false,
        "show": true,
        "sort": "avg",
        "sortDesc": true,
        "total": false,
        "values": true
      },
      "lines": true,
      "linewidth": 2,
      "links": [],
      "maxPerRow": 12,
      "nullPointMode": "null",
      "options": {
        "alertThreshold": true
      },
      "paceLength": 10,
      "percentage": false,
      "pluginVersion": "8.3.5",
      "pointradius": 5,
      "points": false,
      "renderer": "flot",
      "repeat": "service_name",
      "repeatDirection": "h",
      "seriesOverrides": [],
      "spaceLength": 10,
      "stack": false,
      "steppedLine": false,
      "targets": [
        {
          "calculatedInterval": "2m",
          "datasourceErrors": {},
          "errors": {},
          "expr": "avg by (service_name,state) (rate(mongodb_mongod_metrics_document_total{service_name=~\"$service_name\"}[$interval]) or \nirate(mongodb_mongod_metrics_document_total{service_name=~\"$service_name\"}[5m]))\n",
          "format": "time_series",
          "interval": "$interval",
          "intervalFactor": 1,
          "legendFormat": "{{state}}",
          "metric": "",
          "refId": "A",
          "step": 20
        }
      ],
      "thresholds": [],
      "timeRegions": [],
      "title": "$service_name - Document Operations",
      "tooltip": {
        "msResolution": false,
        "shared": true,
        "sort": 5,
        "value_type": "individual"
      },
      "type": "graph",
      "xaxis": {
        "mode": "time",
        "show": true,
        "values": []
      },
      "yaxes": [
        {
          "decimals": 2,
          "format": "ops",
          "label": "",
          "logBase": 1,
          "min": 0,
          "show": true
        },
        {
          "format": "short",
          "logBase": 1,
          "min": 0,
          "show": false
        }
      ],
      "yaxis": {
        "align": false
      }
    },
    {
      "aliasColors": {},
      "bars": false,
      "dashLength": 10,
      "dashes": false,
      "decimals": 2,
      "description": "The number of operations that are currently queued and waiting for a lock",
      "editable": true,
      "error": false,
      "fieldConfig": {
        "defaults": {
          "links": [
            {
              "targetBlank": true,
              "title": "MongoDB Instance Summary - ${__field.labels.service_name}",
              "url": "/graph/d/mongodb-instance-summary/mongodb-instance-summary?var-service_name=${__field.labels.service_name}&$__url_time_range"
            }
          ]
        },
        "overrides": []
      },
      "fill": 2,
      "fillGradient": 0,
      "grid": {},
      "gridPos": {
        "h": 8,
        "w": 24,
        "x": 0,
        "y": 79
      },
      "hiddenSeries": false,
      "id": 47,
      "legend": {
        "alignAsTable": true,
        "avg": true,
        "current": false,
        "max": true,
        "min": true,
        "show": true,
        "sort": "avg",
        "sortDesc": true,
        "total": false,
        "values": true
      },
      "lines": true,
      "linewidth": 2,
      "links": [],
      "maxPerRow": 12,
      "nullPointMode": "null",
      "options": {
        "alertThreshold": true
      },
      "paceLength": 10,
      "percentage": false,
      "pluginVersion": "8.3.5",
      "pointradius": 5,
      "points": false,
      "renderer": "flot",
      "repeat": "service_name",
      "repeatDirection": "h",
      "seriesOverrides": [],
      "spaceLength": 10,
      "stack": false,
      "steppedLine": false,
      "targets": [
        {
          "calculatedInterval": "2m",
          "datasourceErrors": {},
          "errors": {},
          "expr": "avg by (service_name,type) (max_over_time(mongodb_mongod_global_lock_current_queue{service_name=~\"$service_name\"}[$interval]) or max_over_time(mongodb_mongod_global_lock_current_queue{service_name=~\"$service_name\"}[5m]))",
          "format": "time_series",
          "interval": "$interval",
          "intervalFactor": 1,
          "legendFormat": "{{type}}",
          "metric": "",
          "refId": "A",
          "step": 20
        }
      ],
      "thresholds": [],
      "timeRegions": [],
      "title": "$service_name - Queued Operations",
      "tooltip": {
        "msResolution": false,
        "shared": true,
        "sort": 5,
        "value_type": "cumulative"
      },
      "type": "graph",
      "xaxis": {
        "mode": "time",
        "show": true,
        "values": []
      },
      "yaxes": [
        {
          "decimals": 2,
          "format": "ops",
          "label": "",
          "logBase": 1,
          "min": 0,
          "show": true
        },
        {
          "format": "short",
          "label": "",
          "logBase": 1,
          "min": 0,
          "show": false
        }
      ],
      "yaxis": {
        "align": false
      }
    },
    {
      "collapsed": false,
      "gridPos": {
        "h": 1,
        "w": 24,
        "x": 0,
        "y": 87
      },
      "id": 389,
      "panels": [],
      "title": "Memory",
      "type": "row"
    },
    {
      "aliasColors": {},
      "bars": false,
      "dashLength": 10,
      "dashes": false,
      "decimals": 0,
      "description": "",
      "editable": true,
      "error": false,
      "fieldConfig": {
        "defaults": {
          "links": [
            {
              "targetBlank": true,
              "title": "MongoDB Instance Summary - ${__field.labels.service_name}",
              "url": "/graph/d/mongodb-instance-summary/mongodb-instance-summary?var-service_name=${__field.labels.service_name}&$__url_time_range"
            }
          ]
        },
        "overrides": []
      },
      "fill": 2,
      "fillGradient": 0,
      "grid": {},
      "gridPos": {
        "h": 8,
        "w": 24,
        "x": 0,
        "y": 88
      },
      "hiddenSeries": false,
      "id": 50,
      "interval": "",
      "legend": {
        "alignAsTable": true,
        "avg": true,
        "current": false,
        "hideEmpty": true,
        "hideZero": true,
        "max": true,
        "min": true,
        "rightSide": false,
        "show": true,
        "sort": "avg",
        "sortDesc": true,
        "total": false,
        "values": true
      },
      "lines": true,
      "linewidth": 2,
      "links": [],
      "maxPerRow": 12,
      "nullPointMode": "null as zero",
      "options": {
        "alertThreshold": true
      },
      "paceLength": 10,
      "percentage": false,
      "pluginVersion": "8.3.5",
      "pointradius": 5,
      "points": false,
      "renderer": "flot",
      "repeat": "service_name",
      "repeatDirection": "h",
      "seriesOverrides": [],
      "spaceLength": 10,
      "stack": false,
      "steppedLine": false,
      "targets": [
        {
          "expr": "avg by (service_name,type) (max_over_time(mongodb_memory{service_name=~\"$service_name\"}[$interval]) or\nmax_over_time(mongodb_memory{service_name=~\"$service_name\"}[5m]))",
          "format": "time_series",
          "hide": false,
          "interval": "$interval",
          "intervalFactor": 1,
          "legendFormat": "{{type}}",
          "refId": "A",
          "step": 20
        }
      ],
      "thresholds": [],
      "timeRegions": [],
      "title": "$service_name - Used Memory",
      "tooltip": {
        "msResolution": false,
        "shared": true,
        "sort": 5,
        "value_type": "individual"
      },
      "type": "graph",
      "xaxis": {
        "mode": "time",
        "show": true,
        "values": []
      },
      "yaxes": [
        {
          "decimals": 2,
          "format": "decmbytes",
          "label": "",
          "logBase": 2,
          "min": 0,
          "show": true
        },
        {
          "format": "short",
          "logBase": 1,
          "show": false
        }
      ],
      "yaxis": {
        "align": false
      }
    }
  ],
  "refresh": "1m",
  "schemaVersion": 34,
  "style": "dark",
  "tags": [
    "MongoDB_Compare",
    "Percona"
  ],
  "templating": {
    "list": [
      {
        "allFormat": "glob",
        "auto": true,
        "auto_count": 200,
        "auto_min": "1s",
        "current": {
          "selected": false,
          "text": "auto",
          "value": "$__auto_interval_interval"
        },
        "datasource": "Metrics",
        "hide": 0,
        "includeAll": false,
        "label": "Interval",
        "multi": false,
        "multiFormat": "glob",
        "name": "interval",
        "options": [
          {
            "selected": true,
            "text": "auto",
            "value": "$__auto_interval_interval"
          },
          {
            "selected": false,
            "text": "1s",
            "value": "1s"
          },
          {
            "selected": false,
            "text": "5s",
            "value": "5s"
          },
          {
            "selected": false,
            "text": "1m",
            "value": "1m"
          },
          {
            "selected": false,
            "text": "5m",
            "value": "5m"
          },
          {
            "selected": false,
            "text": "1h",
            "value": "1h"
          },
          {
            "selected": false,
            "text": "6h",
            "value": "6h"
          },
          {
            "selected": false,
            "text": "1d",
            "value": "1d"
          }
        ],
        "query": "1s,5s,1m,5m,1h,6h,1d",
        "refresh": 2,
        "skipUrlSync": false,
        "type": "interval"
      },
      {
        "current": {
          "selected": false,
          "text": "All",
          "value": "$__all"
        },
        "datasource": "Metrics",
        "definition": "label_values(mongodb_up{node_name=~\"$node_name\"}, region)",
        "hide": 2,
        "includeAll": true,
        "label": "Region",
        "multi": true,
        "name": "region",
        "options": [],
        "query": {
          "query": "label_values(mongodb_up{node_name=~\"$node_name\"}, region)",
          "refId": "Metrics-region-Variable-Query"
        },
        "refresh": 2,
        "regex": "",
        "skipUrlSync": false,
        "sort": 5,
        "tagValuesQuery": "",
        "tagsQuery": "",
        "type": "query",
        "useTags": false
      },
      {
        "allFormat": "glob",
        "current": {
          "selected": false,
          "text": "All",
          "value": "$__all"
        },
        "datasource": "Metrics",
        "definition": "label_values(mongodb_up{service_name=~\"$service_name\"}, node_name)",
        "hide": 2,
        "includeAll": true,
        "label": "Node Name",
        "multi": true,
        "multiFormat": "regex values",
        "name": "node_name",
        "options": [],
        "query": {
          "query": "label_values(mongodb_up{service_name=~\"$service_name\"}, node_name)",
          "refId": "Metrics-node_name-Variable-Query"
        },
        "refresh": 2,
        "refresh_on_load": false,
        "regex": "",
        "skipUrlSync": false,
        "sort": 5,
        "type": "query",
        "useTags": false
      },
      {
        "allValue": ".*",
        "current": {
          "isNone": true,
          "selected": false,
          "text": "None",
          "value": ""
        },
        "datasource": "Metrics",
        "definition": "label_values(mongodb_up{node_name=~\"$node_name\"}, environment)",
        "hide": 2,
        "includeAll": false,
        "label": "Environment",
        "multi": false,
        "name": "environment",
        "options": [],
        "query": {
          "query": "label_values(mongodb_up{node_name=~\"$node_name\"}, environment)",
          "refId": "Metrics-environment-Variable-Query"
        },
        "refresh": 2,
        "regex": "",
        "skipUrlSync": false,
        "sort": 5,
        "tagValuesQuery": "",
        "tagsQuery": "",
        "type": "query",
        "useTags": false
      },
      {
        "current": {
          "selected": false,
          "text": "mongodb_cluster",
          "value": "mongodb_cluster"
        },
        "datasource": "Metrics",
        "definition": "label_values(mongodb_up{node_name=~\"$node_name\"}, cluster)",
        "hide": 2,
        "includeAll": false,
        "label": "Cluster",
        "multi": false,
        "name": "cluster",
        "options": [],
        "query": {
          "query": "label_values(mongodb_up{node_name=~\"$node_name\"}, cluster)",
          "refId": "Metrics-cluster-Variable-Query"
        },
        "refresh": 2,
        "regex": "",
        "skipUrlSync": false,
        "sort": 5,
        "tagValuesQuery": "",
        "tagsQuery": "",
        "type": "query",
        "useTags": false
      },
      {
        "allFormat": "glob",
        "current": {
          "selected": false,
          "text": "mongodb_inst_rpl1_1_3.22.194.73",
          "value": "mongodb_inst_rpl1_1_3.22.194.73"
        },
        "datasource": "Metrics",
        "definition": "label_values(mongodb_up, service_name)",
        "hide": 0,
        "includeAll": false,
        "label": "Service Name",
        "multi": true,
        "multiFormat": "regex values",
        "name": "service_name",
        "options": [],
        "query": {
          "query": "label_values(mongodb_up, service_name)",
          "refId": "Metrics-service_name-Variable-Query"
        },
        "refresh": 2,
        "refresh_on_load": false,
        "regex": "",
        "skipUrlSync": false,
        "sort": 5,
        "type": "query",
        "useTags": false
      },
      {
        "current": {
          "isNone": true,
          "selected": false,
          "text": "None",
          "value": ""
        },
        "datasource": "Metrics",
        "definition": "label_values(mongodb_up{node_name=\"$node_name\"}, node_id)",
        "hide": 2,
        "includeAll": false,
        "label": "Node_ID",
        "multi": false,
        "name": "node_id",
        "options": [],
        "query": {
          "query": "label_values(mongodb_up{node_name=\"$node_name\"}, node_id)",
          "refId": "Metrics-node_id-Variable-Query"
        },
        "refresh": 2,
        "regex": "",
        "skipUrlSync": false,
        "sort": 5,
        "tagValuesQuery": "",
        "tagsQuery": "",
        "type": "query",
        "useTags": false
      },
      {
        "current": {
          "isNone": true,
          "selected": false,
          "text": "None",
          "value": ""
        },
        "datasource": "Metrics",
        "definition": "label_values(mongodb_up{node_name=\"$node_name\"}, instance)",
        "hide": 2,
        "includeAll": false,
        "label": "Agent_ID",
        "multi": false,
        "name": "agent_id",
        "options": [],
        "query": {
          "query": "label_values(mongodb_up{node_name=\"$node_name\"}, instance)",
          "refId": "Metrics-agent_id-Variable-Query"
        },
        "refresh": 2,
        "regex": "",
        "skipUrlSync": false,
        "sort": 5,
        "tagValuesQuery": "",
        "tagsQuery": "",
        "type": "query",
        "useTags": false
      },
      {
        "current": {
          "selected": false,
          "text": "/service_id/28391ad7-addf-49cc-a54a-ef22aac0799a",
          "value": "/service_id/28391ad7-addf-49cc-a54a-ef22aac0799a"
        },
        "datasource": "Metrics",
        "definition": "label_values(mongodb_up{service_name=~\"$service_name\"}, service_id)",
        "hide": 2,
        "includeAll": false,
        "label": "Service_ID",
        "multi": false,
        "name": "service_id",
        "options": [],
        "query": {
          "query": "label_values(mongodb_up{service_name=~\"$service_name\"}, service_id)",
          "refId": "Metrics-service_id-Variable-Query"
        },
        "refresh": 2,
        "regex": "",
        "skipUrlSync": false,
        "sort": 5,
        "tagValuesQuery": "",
        "tagsQuery": "",
        "type": "query",
        "useTags": false
      },
      {
        "current": {
          "isNone": true,
          "selected": false,
          "text": "None",
          "value": ""
        },
        "datasource": "Metrics",
        "definition": "label_values(mongodb_up{node_name=\"$node_name\"}, az)",
        "hide": 2,
        "includeAll": false,
        "label": "Az",
        "multi": false,
        "name": "az",
        "options": [],
        "query": {
          "query": "label_values(mongodb_up{node_name=\"$node_name\"}, az)",
          "refId": "Metrics-az-Variable-Query"
        },
        "refresh": 2,
        "regex": "",
        "skipUrlSync": false,
        "sort": 5,
        "tagValuesQuery": "",
        "tagsQuery": "",
        "type": "query",
        "useTags": false
      },
      {
        "current": {
          "isNone": true,
          "selected": false,
          "text": "None",
          "value": ""
        },
        "datasource": "Metrics",
        "definition": "label_values(mongodb_up{node_name=\"$node_name\"}, node_type)",
        "hide": 2,
        "includeAll": false,
        "label": "Node_type",
        "multi": false,
        "name": "node_type",
        "options": [],
        "query": {
          "query": "label_values(mongodb_up{node_name=\"$node_name\"}, node_type)",
          "refId": "Metrics-node_type-Variable-Query"
        },
        "refresh": 2,
        "regex": "",
        "skipUrlSync": false,
        "sort": 5,
        "tagValuesQuery": "",
        "tagsQuery": "",
        "type": "query",
        "useTags": false
      },
      {
        "current": {
          "isNone": true,
          "selected": false,
          "text": "None",
          "value": ""
        },
        "datasource": "Metrics",
        "definition": "label_values(mongodb_up{node_name=\"$node_name\"}, node_model)",
        "hide": 2,
        "includeAll": false,
        "label": "Node_model",
        "multi": false,
        "name": "node_model",
        "options": [],
        "query": {
          "query": "label_values(mongodb_up{node_name=\"$node_name\"}, node_model)",
          "refId": "Metrics-node_model-Variable-Query"
        },
        "refresh": 2,
        "regex": "",
        "skipUrlSync": false,
        "sort": 5,
        "tagValuesQuery": "",
        "tagsQuery": "",
        "type": "query",
        "useTags": false
      },
      {
        "current": {
          "isNone": true,
          "selected": false,
          "text": "None",
          "value": ""
        },
        "datasource": "Metrics",
        "definition": "label_values(mongodb_up{service_name=~\"$service_name\"}, replication_set)",
        "hide": 2,
        "includeAll": false,
        "label": "Replication Set",
        "multi": false,
        "name": "replication_set",
        "options": [],
        "query": {
          "query": "label_values(mongodb_up{service_name=~\"$service_name\"}, replication_set)",
          "refId": "Metrics-replication_set-Variable-Query"
        },
        "refresh": 2,
        "regex": "",
        "skipUrlSync": false,
        "sort": 5,
        "tagValuesQuery": "",
        "tagsQuery": "",
        "type": "query",
        "useTags": false
      },
      {
        "current": {
          "selected": false,
          "text": "All",
          "value": "$__all"
        },
        "datasource": "Metrics",
        "definition": "label_values(pg_stat_database_tup_fetched{service_name=~\"$service_name\",datname!~\"template.*|postgres\"},datname)",
        "hide": 2,
        "includeAll": true,
        "label": "Database",
        "multi": true,
        "name": "database",
        "options": [],
        "query": {
          "query": "label_values(pg_stat_database_tup_fetched{service_name=~\"$service_name\",datname!~\"template.*|postgres\"},datname)",
          "refId": "Metrics-database-Variable-Query"
        },
        "refresh": 1,
        "regex": "",
        "skipUrlSync": false,
        "sort": 5,
        "tagValuesQuery": "",
        "tagsQuery": "",
        "type": "query",
        "useTags": false
      },
      {
        "current": {
          "selected": false,
          "text": "All",
          "value": "$__all"
        },
        "datasource": "Metrics",
        "definition": "label_values({__name__=~\"pg_up|mysql_up|mongodb_up|proxysql_mysql_status_active_transactions\"}, service_type)",
        "hide": 2,
        "includeAll": true,
        "label": "Type",
        "multi": true,
        "name": "service_type",
        "options": [],
        "query": {
          "query": "label_values({__name__=~\"pg_up|mysql_up|mongodb_up|proxysql_mysql_status_active_transactions\"}, service_type)",
          "refId": "Metrics-service_type-Variable-Query"
        },
        "refresh": 1,
        "regex": "",
        "skipUrlSync": false,
        "sort": 5,
        "tagValuesQuery": "",
        "tagsQuery": "",
        "type": "query",
        "useTags": false
      },
      {
        "current": {
          "selected": false,
          "text": "All",
          "value": "$__all"
        },
        "datasource": "Metrics",
        "definition": "label_values(mysql_info_schema_user_statistics_connected_time_seconds_total{service_name=\"$service_name\"},user)",
        "hide": 2,
        "includeAll": true,
        "label": "Username",
        "multi": true,
        "name": "username",
        "options": [],
        "query": {
          "query": "label_values(mysql_info_schema_user_statistics_connected_time_seconds_total{service_name=\"$service_name\"},user)",
          "refId": "Metrics-username-Variable-Query"
        },
        "refresh": 1,
        "regex": "",
        "skipUrlSync": false,
        "sort": 5,
        "tagValuesQuery": "",
        "tagsQuery": "",
        "type": "query",
        "useTags": false
      },
      {
        "current": {
          "selected": false,
          "text": "All",
          "value": "$__all"
        },
        "datasource": "Metrics",
        "definition": "label_values({__name__=~\"pg_up|mysql_up|mongodb_up|proxysql_mysql_status_active_transactions\"}, schema)",
        "hide": 2,
        "includeAll": true,
        "label": "Schema",
        "multi": true,
        "name": "schema",
        "options": [],
        "query": {
          "query": "label_values({__name__=~\"pg_up|mysql_up|mongodb_up|proxysql_mysql_status_active_transactions\"}, schema)",
          "refId": "Metrics-schema-Variable-Query"
        },
        "refresh": 1,
        "regex": "",
        "skipUrlSync": false,
        "sort": 5,
        "tagValuesQuery": "",
        "tagsQuery": "",
        "type": "query",
        "useTags": false
      }
    ]
  },
  "time": {
    "from": "now-12h",
    "to": "now"
  },
  "timepicker": {
    "collapse": false,
    "enable": true,
    "hidden": false,
    "notice": false,
    "now": true,
    "refresh_intervals": [
      "5s",
      "10s",
      "30s",
      "1m",
      "5m",
      "15m",
      "30m",
      "1h",
      "2h",
      "1d"
    ],
    "status": "Stable",
    "time_options": [
      "5m",
      "15m",
      "1h",
      "6h",
      "12h",
      "24h",
      "2d",
      "7d",
      "30d"
    ],
    "type": "timepicker"
  },
  "timezone": "",
  "title": "MongoDB Instances Compare",
  "uid": "mongodb-instance-compare",
  "version": 1,
  "weekStart": ""
}
