{
  "annotations": {
    "list": [
      {
        "builtIn": 1,
        "datasource": {
          "type": "datasource",
          "uid": "grafana"
        },
        "enable": true,
        "hide": false,
        "iconColor": "#e0752d",
        "limit": 100,
        "matchAny": true,
        "name": "PMM Annotations",
        "showIn": 0,
        "tags": [
          "pmm_annotation"
        ],
        "target": {
          "limit": 100,
          "matchAny": true,
          "tags": [
            "pmm_annotation"
          ],
          "type": "tags"
        },
        "type": "tags"
      },
      {
        "builtIn": 1,
        "datasource": {
          "type": "datasource",
          "uid": "grafana"
        },
        "enable": true,
        "hide": true,
        "iconColor": "#6ed0e0",
        "limit": 100,
        "name": "Annotations & Alerts",
        "showIn": 0,
        "tags": [],
        "target": {
          "limit": 100,
          "matchAny": false,
          "tags": [],
          "type": "dashboard"
        },
        "type": "dashboard"
      }
    ]
  },
  "editable": false,
  "fiscalYearStartMonth": 0,
  "graphTooltip": 1,
  "id": null,
  "links": [
    {
      "icon": "doc",
      "includeVars": true,
      "keepTime": true,
      "tags": [
        "Home"
      ],
      "targetBlank": false,
      "title": "Home",
      "type": "link",
      "url": "/graph/d/pmm-home/home-dashboard"
    },
    {
      "icon": "dashboard",
      "includeVars": true,
      "keepTime": true,
      "tags": [
        "Query Analytics"
      ],
      "targetBlank": false,
      "title": "Query Analytics",
      "type": "link",
      "url": "/graph/d/pmm-qan/pmm-query-analytics"
    },
    {
      "icon": "bolt",
      "includeVars": true,
      "keepTime": true,
      "tags": [
        "Compare"
      ],
      "targetBlank": false,
      "title": "Compare",
      "type": "link",
      "url": "/graph/d/mongodb-instance-compare/mongodb-instances-compare"
    },
    {
      "asDropdown": true,
      "includeVars": true,
      "keepTime": true,
      "tags": [
        "MongoDB"
      ],
      "targetBlank": false,
      "title": "MongoDB",
      "type": "dashboards"
    },
    {
      "asDropdown": true,
      "includeVars": true,
      "keepTime": true,
      "tags": [
        "MongoDB_HA"
      ],
      "targetBlank": false,
      "title": "HA",
      "type": "dashboards"
    },
    {
      "asDropdown": true,
      "includeVars": false,
      "keepTime": true,
      "tags": [
        "Services"
      ],
      "targetBlank": false,
      "title": "Services",
      "type": "dashboards"
    },
    {
      "asDropdown": true,
      "includeVars": false,
      "keepTime": true,
      "tags": [
        "PMM"
      ],
      "targetBlank": false,
      "title": "PMM",
      "type": "dashboards"
    }
  ],
  "liveNow": false,
  "panels": [
    {
      "collapsed": false,
      "gridPos": {
        "h": 1,
        "w": 24,
        "x": 0,
        "y": 0
      },
      "id": 1069,
      "panels": [],
      "title": "Overview",
      "type": "row"
    },
    {
      "description": "Queries per second of all shards + config server replica set",
      "fieldConfig": {
        "defaults": {
          "color": {
            "fixedColor": "blue",
            "mode": "fixed"
          },
          "decimals": 0,
          "links": [
            {
              "title": "",
              "url": "/graph/d/mongodb-replicaset-summary/mongodb-replset-summary?${cluster:queryparam}&var-rs_nm=${__field.labels.rs_nm}&${interval:queryparam}&${__url_time_range}&${environment:queryparam}"
            }
          ],
          "mappings": [],
          "thresholds": {
            "mode": "absolute",
            "steps": [
              {
                "color": "green",
                "value": null
              }
            ]
          },
          "unit": "ops"
        },
        "overrides": []
      },
      "gridPos": {
        "h": 5,
        "w": 24,
        "x": 0,
        "y": 1
      },
      "id": 1227,
      "options": {
        "orientation": "auto",
        "reduceOptions": {
          "calcs": [
            "lastNotNull"
          ],
          "fields": "",
          "values": false
        },
        "showThresholdLabels": false,
        "showThresholdMarkers": true
      },
      "pluginVersion": "9.2.20",
      "targets": [
        {
          "editorMode": "code",
          "exemplar": false,
          "expr": "sum by (rs_nm) (rate(mongodb_op_counters_total{environment=~\"$environment\",cluster=~\"$cluster\",type!=\"command\",rs_nm!~\"\"}[$interval]) or irate(mongodb_op_counters_total{environment=~\"$environment\",cluster=~\"$cluster\",type!=\"command\",rs_nm!~\"\"}[5s]))",
          "format": "time_series",
          "hide": false,
          "instant": true,
          "interval": "$interval",
          "legendFormat": "{{rs_nm}} ",
          "range": false,
          "refId": "B"
        },
        {
          "editorMode": "code",
          "expr": "(sum by (service_name) (rate(mongodb_op_counters_total{type!=\"command\"}[$interval]) or irate(mongodb_op_counters_total{type!=\"command\"}[5m])) * on (service_name) group_right avg by (service_name) (avg by (service_name) (mongodb_mongos_db_collections_total{cluster=\"$cluster\"}) / avg by (service_name) (mongodb_mongos_db_collections_total{cluster=\"$cluster\"})))",
          "hide": true,
          "legendFormat": "mongos",
          "range": true,
          "refId": "A"
        }
      ],
      "title": "QPS of Services in Shard",
      "type": "gauge"
    },
    {
      "description": "A shard contains a subset of sharded data for a sharded cluster. Together, the cluster’s shards hold the entire data set for the cluster.",
      "fieldConfig": {
        "defaults": {
          "color": {
            "fixedColor": "rgb(31, 120, 193)",
            "mode": "fixed"
          },
          "decimals": 0,
          "mappings": [],
          "thresholds": {
            "mode": "absolute",
            "steps": [
              {
                "color": "green",
                "value": null
              },
              {
                "color": "red",
                "value": 80
              }
            ]
          },
          "unit": "none"
        },
        "overrides": []
      },
      "gridPos": {
        "h": 2,
        "w": 2,
        "x": 0,
        "y": 6
      },
      "hideTimeOverride": true,
      "id": 36,
      "links": [],
      "maxDataPoints": 100,
      "options": {
        "colorMode": "none",
        "graphMode": "area",
        "justifyMode": "auto",
        "orientation": "horizontal",
        "reduceOptions": {
          "calcs": [
            "lastNotNull"
          ],
          "fields": "",
          "values": false
        },
        "text": {
          "valueSize": 20
        },
        "textMode": "auto"
      },
      "pluginVersion": "9.2.20",
      "targets": [
        {
          "editorMode": "code",
          "expr": "max(mongodb_mongos_sharding_shards_total{environment=~\"$environment\",cluster=~\"$cluster\"})",
          "interval": "5m",
          "intervalFactor": 1,
          "legendFormat": "Shards",
          "range": true,
          "refId": "A",
          "step": 300
        }
      ],
      "timeFrom": "1m",
      "title": "Shards",
      "type": "stat"
    },
    {
      "description": "Number of mongos routers registered as part of the cluster",
      "fieldConfig": {
        "defaults": {
          "color": {
            "fixedColor": "rgb(31, 120, 193)",
            "mode": "fixed"
          },
          "decimals": 0,
          "mappings": [],
          "thresholds": {
            "mode": "absolute",
            "steps": [
              {
                "color": "green",
                "value": null
              },
              {
                "color": "red",
                "value": 80
              }
            ]
          },
          "unit": "none"
        },
        "overrides": []
      },
      "gridPos": {
        "h": 2,
        "w": 2,
        "x": 2,
        "y": 6
      },
      "hideTimeOverride": true,
      "id": 1298,
      "links": [],
      "maxDataPoints": 100,
      "options": {
        "colorMode": "none",
        "graphMode": "area",
        "justifyMode": "auto",
        "orientation": "horizontal",
        "reduceOptions": {
          "calcs": [
            "lastNotNull"
          ],
          "fields": "",
          "values": false
        },
        "text": {
          "valueSize": 20
        },
        "textMode": "auto"
      },
      "pluginVersion": "9.2.20",
      "targets": [
        {
          "editorMode": "code",
          "expr": "sum(group by (service_name)(mongodb_mongos_sharding_shards_total{environment=~\"$environment\",cluster=~\"$cluster\"}))",
          "interval": "5m",
          "intervalFactor": 1,
          "legendFormat": "__auto",
          "range": true,
          "refId": "A",
          "step": 300
        }
      ],
      "timeFrom": "1m",
      "title": "Mongos",
      "type": "stat"
    },
    {
      "description": "When you run removeShard, MongoDB drains the shard by using the balancer to move the shard’s chunks to other shards in the cluster. Once the shard is drained, MongoDB removes the shard from the cluster.",
      "fieldConfig": {
        "defaults": {
          "color": {
            "fixedColor": "rgb(31, 120, 193)",
            "mode": "fixed"
          },
          "decimals": 0,
          "mappings": [],
          "thresholds": {
            "mode": "absolute",
            "steps": [
              {
                "color": "green",
                "value": null
              },
              {
                "color": "red",
                "value": 80
              }
            ]
          },
          "unit": "none"
        },
        "overrides": []
      },
      "gridPos": {
        "h": 2,
        "w": 2,
        "x": 4,
        "y": 6
      },
      "hideTimeOverride": true,
      "id": 1028,
      "links": [],
      "maxDataPoints": 100,
      "options": {
        "colorMode": "none",
        "graphMode": "area",
        "justifyMode": "auto",
        "orientation": "horizontal",
        "reduceOptions": {
          "calcs": [
            "lastNotNull"
          ],
          "fields": "",
          "values": false
        },
        "text": {
          "valueSize": 20
        },
        "textMode": "auto"
      },
      "pluginVersion": "9.2.20",
      "targets": [
        {
          "editorMode": "code",
          "expr": "max(mongodb_mongos_sharding_shards_draining_total{environment=~\"$environment\",cluster=~\"$cluster\"})",
          "interval": "5m",
          "intervalFactor": 1,
          "legendFormat": "Draining Total",
          "range": true,
          "refId": "A",
          "step": 300
        }
      ],
      "timeFrom": "1m",
      "title": "Draining Shards",
      "type": "stat"
    },
    {
      "description": "Total number of user-created databases",
      "fieldConfig": {
        "defaults": {
          "color": {
            "fixedColor": "rgb(31, 120, 193)",
            "mode": "fixed"
          },
          "decimals": 0,
          "mappings": [],
          "thresholds": {
            "mode": "absolute",
            "steps": [
              {
                "color": "green",
                "value": null
              },
              {
                "color": "red",
                "value": 80
              }
            ]
          },
          "unit": "none"
        },
        "overrides": []
      },
      "gridPos": {
        "h": 2,
        "w": 2,
        "x": 6,
        "y": 6
      },
      "hideTimeOverride": true,
      "id": 35,
      "links": [],
      "maxDataPoints": 100,
      "options": {
        "colorMode": "none",
        "graphMode": "area",
        "justifyMode": "auto",
        "orientation": "horizontal",
        "reduceOptions": {
          "calcs": [
            "lastNotNull"
          ],
          "fields": "",
          "values": false
        },
        "text": {
          "valueSize": 20
        },
        "textMode": "auto"
      },
      "pluginVersion": "9.2.20",
      "targets": [
        {
          "editorMode": "code",
          "expr": "sum(mongodb_mongos_sharding_databases_total{environment=~\"$environment\",cluster=~\"$cluster\"})",
          "interval": "5m",
          "intervalFactor": 1,
          "legendFormat": "Shards",
          "range": true,
          "refId": "A",
          "step": 300
        }
      ],
      "timeFrom": "1m",
      "title": "DBs",
      "type": "stat"
    },
    {
      "description": "Number of collections that are sharded",
      "fieldConfig": {
        "defaults": {
          "color": {
            "fixedColor": "rgb(31, 120, 193)",
            "mode": "fixed"
          },
          "decimals": 0,
          "mappings": [],
          "thresholds": {
            "mode": "absolute",
            "steps": [
              {
                "color": "green",
                "value": null
              },
              {
                "color": "red",
                "value": 80
              }
            ]
          },
          "unit": "none"
        },
        "overrides": []
      },
      "gridPos": {
        "h": 2,
        "w": 3,
        "x": 8,
        "y": 6
      },
      "hideTimeOverride": true,
      "id": 10,
      "links": [],
      "maxDataPoints": 100,
      "options": {
        "colorMode": "none",
        "graphMode": "area",
        "justifyMode": "auto",
        "orientation": "horizontal",
        "reduceOptions": {
          "calcs": [
            "lastNotNull"
          ],
          "fields": "",
          "values": false
        },
        "text": {
          "valueSize": 20
        },
        "textMode": "auto"
      },
      "pluginVersion": "9.2.20",
      "targets": [
        {
          "editorMode": "code",
          "expr": "max by (environment, cluster) (mongodb_ss_shardingStatistics_numShardedCollections{environment=~\"$environment\",cluster=~\"$cluster\"} or mongodb_mongos_sharding_collections_total{environment=~\"$environment\",cluster=~\"$cluster\"})",
          "interval": "5m",
          "intervalFactor": 1,
          "legendFormat": "Shards",
          "range": true,
          "refId": "A",
          "step": 300
        }
      ],
      "timeFrom": "1m",
      "title": "Sharded Collections",
      "type": "stat"
    },
    {
      "description": "The MongoDB balancer is a background process that monitors the number of chunks on each shard. ",
      "fieldConfig": {
        "defaults": {
          "color": {
            "mode": "thresholds"
          },
          "decimals": 0,
          "mappings": [
            {
              "options": {
                "0": {
                  "text": "NO"
                },
                "1": {
                  "text": "YES"
                }
              },
              "type": "value"
            }
          ],
          "thresholds": {
            "mode": "absolute",
            "steps": [
              {
                "color": "rgba(245, 54, 54, 0.9)",
                "value": null
              },
              {
                "color": "rgba(237, 129, 40, 0.89)",
                "value": 0
              },
              {
                "color": "rgba(50, 172, 45, 0.97)",
                "value": 1
              }
            ]
          },
          "unit": "none"
        },
        "overrides": []
      },
      "gridPos": {
        "h": 2,
        "w": 3,
        "x": 11,
        "y": 6
      },
      "hideTimeOverride": true,
      "id": 5,
      "links": [],
      "maxDataPoints": 100,
      "options": {
        "colorMode": "none",
        "graphMode": "area",
        "justifyMode": "auto",
        "orientation": "horizontal",
        "reduceOptions": {
          "calcs": [
            "lastNotNull"
          ],
          "fields": "",
          "values": false
        },
        "text": {
          "valueSize": 20
        },
        "textMode": "auto"
      },
      "pluginVersion": "9.2.20",
      "targets": [
        {
          "editorMode": "code",
          "expr": "max(mongodb_mongos_sharding_balancer_enabled{environment=~\"$environment\",cluster=~\"$cluster\"})",
          "format": "time_series",
          "interval": "5m",
          "intervalFactor": 1,
          "legendFormat": "Cluster Balanced",
          "range": true,
          "refId": "A",
          "step": 300
        }
      ],
      "timeFrom": "1m",
      "title": "Balancer Enabled",
      "type": "stat"
    },
    {
      "description": "A chunk consists of a subset of sharded data.",
      "fieldConfig": {
        "defaults": {
          "color": {
            "fixedColor": "rgb(31, 120, 193)",
            "mode": "fixed"
          },
          "decimals": 0,
          "mappings": [],
          "thresholds": {
            "mode": "absolute",
            "steps": [
              {
                "color": "green",
                "value": null
              },
              {
                "color": "red",
                "value": 80
              }
            ]
          },
          "unit": "none"
        },
        "overrides": []
      },
      "gridPos": {
        "h": 2,
        "w": 7,
        "x": 14,
        "y": 6
      },
      "hideTimeOverride": true,
      "id": 11,
      "links": [],
      "maxDataPoints": 100,
      "options": {
        "colorMode": "none",
        "graphMode": "area",
        "justifyMode": "auto",
        "orientation": "horizontal",
        "reduceOptions": {
          "calcs": [
            "lastNotNull"
          ],
          "fields": "",
          "values": false
        },
        "text": {
          "valueSize": 20
        },
        "textMode": "auto"
      },
      "pluginVersion": "9.2.20",
      "targets": [
        {
          "editorMode": "code",
          "expr": "sum(mongodb_mongos_sharding_chunks_total{environment=~\"$environment\",cluster=~\"$cluster\"})",
          "interval": "5m",
          "intervalFactor": 1,
          "legendFormat": "Chunks",
          "range": true,
          "refId": "A",
          "step": 300
        }
      ],
      "timeFrom": "1m",
      "title": "Total amount of Chunks",
      "type": "stat"
    },
    {
      "description": "Time since the most recent election of any member of the cluster",
      "fieldConfig": {
        "defaults": {
          "color": {
            "fixedColor": "rgb(31, 120, 193)",
            "mode": "fixed"
          },
          "decimals": 1,
          "mappings": [],
          "thresholds": {
            "mode": "absolute",
            "steps": [
              {
                "color": "green",
                "value": null
              },
              {
                "color": "red",
                "value": 80
              }
            ]
          },
          "unit": "s"
        },
        "overrides": []
      },
      "gridPos": {
        "h": 2,
        "w": 3,
        "x": 21,
        "y": 6
      },
      "hideTimeOverride": false,
      "id": 1293,
      "links": [],
      "maxDataPoints": 100,
      "options": {
        "colorMode": "none",
        "graphMode": "area",
        "justifyMode": "auto",
        "orientation": "horizontal",
        "reduceOptions": {
          "calcs": [
            "lastNotNull"
          ],
          "fields": "",
          "values": false
        },
        "text": {
          "valueSize": 20
        },
        "textMode": "auto"
      },
      "pluginVersion": "9.2.20",
      "targets": [
        {
          "editorMode": "code",
          "expr": "time() - max(mongodb_mongod_replset_member_election_date{environment=~\"$environment\", cluster=~\"$cluster\", set=~\"$set\", service_name=~\"$service_name\"})",
          "interval": "5m",
          "intervalFactor": 1,
          "legendFormat": "",
          "metric": "",
          "range": true,
          "refId": "A",
          "step": 300
        }
      ],
      "title": "Last Election",
      "type": "stat"
    },
    {
      "description": "Show the chunk distribution between all the shards involved",
      "fieldConfig": {
        "defaults": {
          "color": {
            "fixedColor": "blue",
            "mode": "fixed"
          },
          "mappings": [],
          "max": 1,
          "min": 0,
          "thresholds": {
            "mode": "absolute",
            "steps": [
              {
                "color": "green",
                "value": null
              }
            ]
          },
          "unit": "percentunit"
        },
        "overrides": []
      },
      "gridPos": {
        "h": 7,
        "w": 24,
        "x": 0,
        "y": 8
      },
      "id": 1267,
      "options": {
        "displayMode": "gradient",
        "minVizHeight": 10,
        "minVizWidth": 0,
        "orientation": "auto",
        "reduceOptions": {
          "calcs": [
            "lastNotNull"
          ],
          "fields": "",
          "values": false
        },
        "showUnfilled": true
      },
      "pluginVersion": "9.2.20",
      "repeatDirection": "v",
      "targets": [
        {
          "editorMode": "code",
          "exemplar": false,
          "expr": "max by (shard) (last_over_time(mongodb_mongos_sharding_shard_chunks_total{cluster=\"$cluster\"}[1m])) / sum(mongodb_mongos_sharding_shard_chunks_total{cluster=\"$cluster\"})",
          "format": "time_series",
          "hide": false,
          "instant": true,
          "interval": "$interval",
          "legendFormat": "{{shard}} ",
          "range": false,
          "refId": "A"
        }
      ],
      "title": "Chunks distribution",
      "type": "bargauge"
    },
    {
      "aliasColors": {},
      "bars": false,
      "dashLength": 10,
      "dashes": false,
      "decimals": 2,
      "description": "Ops or Replicated Ops/sec classified by legacy wire protocol type (query, insert, update, delete, getmore). And (from the internal TTL threads) the docs deletes/sec by TTL indexes.",
      "editable": true,
      "error": false,
      "fieldConfig": {
        "defaults": {
          "links": []
        },
        "overrides": []
      },
      "fill": 2,
      "fillGradient": 0,
      "grid": {
        "leftLogBase": 1,
        "leftMin": 0,
        "rightLogBase": 1
      },
      "gridPos": {
        "h": 8,
        "w": 12,
        "x": 0,
        "y": 15
      },
      "hiddenSeries": false,
      "id": 1269,
      "legend": {
        "alignAsTable": true,
        "avg": true,
        "current": false,
        "hideZero": false,
        "max": true,
        "min": true,
        "rightSide": false,
        "show": true,
        "sort": "avg",
        "sortDesc": true,
        "total": false,
        "values": true
      },
      "lines": true,
      "linewidth": 2,
      "links": [],
      "nullPointMode": "null",
      "options": {
        "alertThreshold": true
      },
      "paceLength": 10,
      "percentage": false,
      "pluginVersion": "9.2.20",
      "pointradius": 5,
      "points": false,
      "renderer": "flot",
      "seriesOverrides": [
        {
          "alias": "/repl.*/",
          "yaxis": 2
        }
      ],
      "spaceLength": 10,
      "stack": false,
      "steppedLine": false,
      "targets": [
        {
          "editorMode": "code",
          "expr": "sum by (environment, cluster, legacy_op_type) (rate(mongodb_ss_opcountersRepl{environment=~\"$environment\", cluster=~\"$cluster\", rs_nm=~\"$set\", service_name=~\"$service_name\",legacy_op_type!~\"(command|query|getmore)\"}[$interval]))",
          "format": "time_series",
          "hide": true,
          "interval": "$interval",
          "intervalFactor": 1,
          "legendFormat": "repl_{{legacy_op_type}}",
          "range": true,
          "refId": "A",
          "step": 300
        },
        {
          "editorMode": "code",
          "expr": "sum by (environment, cluster) (rate(mongodb_ss_metrics_ttl_deletedDocuments{environment=~\"$environment\", rs_nm=~\"$set\",service_name=~\"$service_name\",cluster=~\"$cluster\"}[$interval]))",
          "format": "time_series",
          "hide": false,
          "interval": "$interval",
          "intervalFactor": 1,
          "legendFormat": "ttl_delete",
          "range": true,
          "refId": "B",
          "step": 300
        },
        {
          "editorMode": "code",
          "expr": "sum by (environment, cluster, legacy_op_type) (rate(mongodb_ss_opcounters{environment=~\"$environment\", cluster=~\"$cluster\", rs_nm=~\"$set\",service_name=~\"$service_name\",legacy_op_type!=\"command\"}[$interval]))",
          "format": "time_series",
          "hide": false,
          "interval": "$interval",
          "intervalFactor": 1,
          "legendFormat": "{{legacy_op_type}}",
          "range": true,
          "refId": "C",
          "step": 300
        }
      ],
      "thresholds": [],
      "timeRegions": [],
      "title": "Command Operations",
      "tooltip": {
        "msResolution": false,
        "shared": true,
        "sort": 2,
        "value_type": "individual"
      },
      "type": "graph",
      "x-axis": true,
      "xaxis": {
        "mode": "time",
        "show": true,
        "values": []
      },
      "y-axis": true,
      "y_formats": [
        "short",
        "short"
      ],
      "yaxes": [
        {
          "decimals": 2,
          "format": "ops",
          "label": "",
          "logBase": 1,
          "min": 0,
          "show": true
        },
        {
          "format": "ops",
          "label": "",
          "logBase": 1,
          "min": "0",
          "show": true
        }
      ],
      "yaxis": {
        "align": false
      }
    },
    {
      "description": "Show the 5 collections that are most frequently read.",
      "fieldConfig": {
        "defaults": {
          "color": {
            "fixedColor": "blue",
            "mode": "fixed"
          },
          "mappings": [],
          "thresholds": {
            "mode": "absolute",
            "steps": [
              {
                "color": "green",
                "value": null
              }
            ]
          },
          "unit": "ops"
        },
        "overrides": []
      },
      "gridPos": {
        "h": 8,
        "w": 12,
        "x": 12,
        "y": 15
      },
      "id": 1271,
      "links": [],
      "options": {
        "displayMode": "gradient",
        "minVizHeight": 10,
        "minVizWidth": 0,
        "orientation": "horizontal",
        "reduceOptions": {
          "calcs": [
            "lastNotNull"
          ],
          "fields": "",
          "values": false
        },
        "showUnfilled": true,
        "text": {}
      },
      "pluginVersion": "9.2.20",
      "repeatDirection": "v",
      "targets": [
        {
          "editorMode": "code",
          "expr": "topk (5,sum by (environment, cluster,database,collection) (irate(mongodb_top_queries_count{environment=~\"$environment\", cluster=~\"$cluster\", rs_nm=~\"$set\", service_name=~\"$service_name\"})[$interval]))",
          "hide": true,
          "legendFormat": "{{database}}.{{collection}}",
          "range": true,
          "refId": "B"
        },
        {
          "editorMode": "code",
          "expr": "topk (5,sum by (environment, cluster,database,collection) ((rate(mongodb_top_queries_count{environment=~\"$environment\", cluster=~\"$cluster\", rs_nm=~\"$set\", service_name=~\"$service_name\"})[$interval]) or irate(mongodb_top_queries_count{environment=~\"$environment\", cluster=~\"$cluster\", rs_nm=~\"$set\", service_name=~\"$service_name\"})[5s]))",
          "hide": false,
          "interval": "",
          "legendFormat": "{{database}}.{{collection}}",
          "range": true,
          "refId": "A"
        }
      ],
      "title": "Top Hottest Collections by Read",
      "transformations": [],
      "type": "bargauge"
    },
    {
      "aliasColors": {},
      "bars": false,
      "dashLength": 10,
      "dashes": false,
      "decimals": 2,
      "description": "Average latency of operations (classified by read, write, or (other) command)",
      "fieldConfig": {
        "defaults": {
          "links": []
        },
        "overrides": []
      },
      "fill": 2,
      "fillGradient": 0,
      "gridPos": {
        "h": 8,
        "w": 12,
        "x": 0,
        "y": 23
      },
      "hiddenSeries": false,
      "id": 1297,
      "legend": {
        "alignAsTable": true,
        "avg": true,
        "current": false,
        "max": true,
        "min": true,
        "rightSide": false,
        "show": true,
        "sort": "avg",
        "sortDesc": true,
        "total": false,
        "values": true
      },
      "lines": true,
      "linewidth": 2,
      "nullPointMode": "null",
      "options": {
        "alertThreshold": true
      },
      "percentage": false,
      "pluginVersion": "9.2.20",
      "pointradius": 2,
      "points": false,
      "renderer": "flot",
      "seriesOverrides": [],
      "spaceLength": 10,
      "stack": false,
      "steppedLine": false,
      "targets": [
        {
          "editorMode": "code",
          "expr": "avg by (op_type) (rate(mongodb_ss_opLatencies_latency{environment=~\"$environment\", cluster=~\"$cluster\", service_name=~\"$service_name\"}[$interval]) / (rate(mongodb_ss_opLatencies_ops{environment=~\"$environment\", cluster=~\"$cluster\", service_name=~\"$service_name\"}[$interval]) > 0) or irate(mongodb_ss_opLatencies_latency{environment=~\"$environment\", cluster=~\"$cluster\",service_name=~\"$service_name\"}[5m]) / (irate(mongodb_ss_opLatencies_ops{environment=~\"$environment\", cluster=~\"$cluster\", service_name=~\"$service_name\"}[5m]) > 0))",
          "interval": "$interval",
          "legendFormat": "{{op_type}}",
          "range": true,
          "refId": "A"
        }
      ],
      "thresholds": [],
      "timeRegions": [],
      "title": "Query execution times",
      "tooltip": {
        "shared": true,
        "sort": 2,
        "value_type": "individual"
      },
      "type": "graph",
      "xaxis": {
        "mode": "time",
        "show": true,
        "values": []
      },
      "yaxes": [
        {
          "decimals": 2,
          "format": "µs",
          "logBase": 1,
          "min": "0",
          "show": true
        },
        {
          "format": "short",
          "logBase": 1,
          "show": false
        }
      ],
      "yaxis": {
        "align": false
      }
    },
    {
      "description": "Show the 5 collections that are most frequently written to.",
      "fieldConfig": {
        "defaults": {
          "color": {
            "fixedColor": "blue",
            "mode": "fixed"
          },
          "mappings": [],
          "thresholds": {
            "mode": "absolute",
            "steps": [
              {
                "color": "green",
                "value": null
              }
            ]
          },
          "unit": "ops"
        },
        "overrides": []
      },
      "gridPos": {
        "h": 8,
        "w": 12,
        "x": 12,
        "y": 23
      },
      "id": 1273,
      "options": {
        "displayMode": "gradient",
        "minVizHeight": 10,
        "minVizWidth": 0,
        "orientation": "horizontal",
        "reduceOptions": {
          "calcs": [
            "lastNotNull"
          ],
          "fields": "",
          "values": false
        },
        "showUnfilled": true
      },
      "pluginVersion": "9.2.20",
      "targets": [
        {
          "editorMode": "code",
          "expr": "topk (5,sum by (environment,cluster,database,collection) (irate(mongodb_top_insert_count{environment=~\"$environment\", cluster=~\"$cluster\", rs_nm=~\"$set\", service_name=~\"$service_name\"}+mongodb_top_remove_count{environment=~\"$environment\", cluster=~\"$cluster\", rs_nm=~\"$set\", service_name=~\"$service_name\"}+mongodb_top_update_count{environment=~\"$environment\", cluster=~\"$cluster\", rs_nm=~\"$set\", service_name=~\"$service_name\"})[5m]))",
          "hide": true,
          "instant": false,
          "key": "Q-bf62f68c-ad8e-4fb5-83bb-df50324b416b-0",
          "legendFormat": "{{database}}.{{collection}}",
          "range": true,
          "refId": "A"
        },
        {
          "editorMode": "code",
          "expr": "topk (5,sum by (environment,cluster,database,collection) ((rate(mongodb_top_insert_count{environment=~\"$environment\", cluster=~\"$cluster\", rs_nm=~\"$set\", service_name=~\"$service_name\"}+mongodb_top_remove_count{environment=~\"$environment\", cluster=~\"$cluster\", rs_nm=~\"$set\", service_name=~\"$service_name\"}+mongodb_top_update_count{environment=~\"$environment\", cluster=~\"$cluster\", rs_nm=~\"$set\", service_name=~\"$service_name\"})[$interval]) or irate(mongodb_top_insert_count{environment=~\"$environment\", cluster=~\"$cluster\", rs_nm=~\"$set\", service_name=~\"$service_name\"}+mongodb_top_remove_count{environment=~\"$environment\", cluster=~\"$cluster\", rs_nm=~\"$set\", service_name=~\"$service_name\"}+mongodb_top_update_count{environment=~\"$environment\", cluster=~\"$cluster\", rs_nm=~\"$set\", service_name=~\"$service_name\"})[5m]))",
          "hide": false,
          "legendFormat": "{{database}}.{{collection}}",
          "range": true,
          "refId": "B"
        }
      ],
      "title": "Top Hottest Collections by Write",
      "type": "bargauge"
    },
    {
      "aliasColors": {},
      "bars": false,
      "dashLength": 10,
      "dashes": false,
      "decimals": 0,
      "description": "Ops/sec, classified by legacy wire protocol type (query, insert, update, delete, getmore).",
      "editable": true,
      "error": false,
      "fieldConfig": {
        "defaults": {
          "links": [
            {
              "targetBlank": true,
              "title": "MongoDB ReplSet Summary - ${__series.name}",
              "url": "/graph/d/mongodb-replicaset-summary/mongodb-replset-summary?var-replset=${__series.name}&$__url_time_range"
            }
          ]
        },
        "overrides": []
      },
      "fill": 6,
      "fillGradient": 0,
      "grid": {},
      "gridPos": {
        "h": 8,
        "w": 12,
        "x": 0,
        "y": 31
      },
      "hiddenSeries": false,
      "id": 30,
      "legend": {
        "alignAsTable": true,
        "avg": true,
        "current": false,
        "hideEmpty": false,
        "hideZero": false,
        "max": true,
        "min": true,
        "rightSide": false,
        "show": true,
        "sort": "avg",
        "sortDesc": true,
        "total": false,
        "values": true
      },
      "lines": true,
      "linewidth": 2,
      "links": [],
      "nullPointMode": "null",
      "options": {
        "alertThreshold": true
      },
      "percentage": false,
      "pluginVersion": "9.2.20",
      "pointradius": 5,
      "points": false,
      "renderer": "flot",
      "seriesOverrides": [],
      "spaceLength": 10,
      "stack": true,
      "steppedLine": false,
      "targets": [
        {
          "editorMode": "code",
          "expr": "sum(sum(rate(mongodb_op_counters_total{environment=~\"$environment\", cluster=~\"$cluster\", rs_nm=~\"$set\", service_name=~\"$service_name\", type!=\"command\"}[$interval]) or \nirate(mongodb_op_counters_total{environment=~\"$environment\", cluster=~\"$cluster\", rs_nm=~\"$set\", service_name=~\"$service_name\", type!=\"command\"}[5m])) by (instance) * on (instance) \ngroup_right mongodb_mongod_replset_my_state{environment=~\"$environment\", cluster=~\"$cluster\", set=~\"$set\", service_name=~\"$service_name\"} / mongodb_mongod_replset_my_state{environment=~\"$environment\", cluster=~\"$cluster\", set=~\"$set\", service_name=~\"$service_name\"}) by (set)",
          "format": "time_series",
          "hide": false,
          "interval": "$interval",
          "intervalFactor": 1,
          "legendFormat": "{{set}}",
          "range": true,
          "refId": "A",
          "step": 300
        }
      ],
      "thresholds": [],
      "timeRegions": [],
      "title": "Operations Per Shard",
      "tooltip": {
        "msResolution": false,
        "shared": true,
        "sort": 5,
        "value_type": "individual"
      },
      "type": "graph",
      "xaxis": {
        "mode": "time",
        "show": true,
        "values": []
      },
      "yaxes": [
        {
          "decimals": 2,
          "format": "ops",
          "label": "",
          "logBase": 1,
          "min": 0,
          "show": true
        },
        {
          "format": "short",
          "logBase": 1,
          "show": false
        }
      ],
      "yaxis": {
        "align": false
      }
    },
    {
      "description": "",
      "fieldConfig": {
        "defaults": {
          "color": {
            "mode": "thresholds"
          },
          "custom": {
            "align": "auto",
            "displayMode": "auto",
            "inspect": false
          },
          "mappings": [],
          "thresholds": {
            "mode": "absolute",
            "steps": [
              {
                "color": "green",
                "value": null
              }
            ]
          }
        },
        "overrides": [
          {
            "matcher": {
              "id": "byName",
              "options": "Time"
            },
            "properties": [
              {
                "id": "custom.hidden",
                "value": true
              }
            ]
          },
          {
            "matcher": {
              "id": "byName",
              "options": "service_name"
            },
            "properties": [
              {
                "id": "displayName",
                "value": "Service Name"
              },
              {
                "id": "unit",
                "value": "short"
              },
              {
                "id": "decimals",
                "value": 2
              },
              {
                "id": "links",
                "value": []
              },
              {
                "id": "custom.align"
              }
            ]
          },
          {
            "matcher": {
              "id": "byName",
              "options": "mongodb"
            },
            "properties": [
              {
                "id": "displayName",
                "value": "Version"
              },
              {
                "id": "unit",
                "value": "short"
              },
              {
                "id": "decimals",
                "value": 2
              },
              {
                "id": "custom.align",
                "value": "auto"
              },
              {
                "id": "custom.width"
              }
            ]
          },
          {
            "matcher": {
              "id": "byName",
              "options": "Value"
            },
            "properties": [
              {
                "id": "custom.hidden",
                "value": true
              }
            ]
          },
          {
            "matcher": {
              "id": "byName",
              "options": "service_name"
            },
            "properties": [
              {
                "id": "custom.width"
              }
            ]
          }
        ]
      },
      "gridPos": {
        "h": 8,
        "w": 12,
        "x": 12,
        "y": 31
      },
      "hideTimeOverride": true,
      "id": 1289,
      "links": [],
      "options": {
        "footer": {
          "enablePagination": true,
          "fields": "",
          "reducer": [
            "sum"
          ],
          "show": false
        },
        "showHeader": true,
        "sortBy": []
      },
      "pluginVersion": "9.2.20",
      "targets": [
        {
          "editorMode": "code",
          "exemplar": false,
          "expr": "avg by (service_name,mongodb) (mongodb_version_info{service_name=~\"$service_name\"}) or (avg by (service_name,mongodb) (mongodb_version_info)) * on (service_name) group_right (mongodb) (avg by (service_name) (mongodb_mongos_db_collections_total{cluster=~\"$cluster\"}) / avg by (service_name) (mongodb_mongos_db_collections_total{cluster=~\"$cluster\"}))",
          "format": "table",
          "instant": true,
          "interval": "5m",
          "legendFormat": "{{mongodb}}",
          "refId": "B"
        }
      ],
      "timeFrom": "1m",
      "title": "MongoDB Versions",
      "transformations": [
        {
          "id": "organize",
          "options": {
            "excludeByName": {},
            "indexByName": {
              "Time": 1,
              "Value": 3,
              "mongodb": 2,
              "service_name": 0
            },
            "renameByName": {}
          }
        }
      ],
      "type": "table"
    },
    {
      "collapsed": false,
      "gridPos": {
        "h": 1,
        "w": 24,
        "x": 0,
        "y": 39
      },
      "id": 1302,
      "panels": [],
      "title": "Current Topology",
      "type": "row"
    },
    {
      "colors": [
        "#299c46",
        "#ED8128",
        "#d44a3a",
        "#4040a0"
      ],
      "description": "Config servers store the metadata for a sharded cluster. The metadata reflects state and organization for all data and components within the sharded cluster. The metadata includes the list of chunks on every shard and the ranges that define the chunks.",
      "gridPos": {
        "h": 5,
        "w": 12,
        "x": 0,
        "y": 40
      },
      "id": 1306,
      "libraryPanel": {
        "description": "Config servers store the metadata for a sharded cluster. The metadata reflects state and organization for all data and components within the sharded cluster. The metadata includes the list of chunks on every shard and the ranges that define the chunks.",
        "meta": {
          "connectedDashboards": 1,
          "created": "2024-10-17T12:43:59Z",
          "createdBy": {
            "avatarUrl": "/graph/avatar/46d229b033af06a191ff2267bca9ae56",
            "id": 1,
            "name": "admin"
          },
          "folderName": "MongoDB",
          "folderUid": "aHCJfygNk",
          "updated": "2024-10-17T12:43:59Z",
          "updatedBy": {
            "avatarUrl": "/graph/avatar/46d229b033af06a191ff2267bca9ae56",
            "id": 1,
            "name": "admin"
          }
        },
        "name": "Config Servers",
        "type": "grafana-polystat-panel",
        "uid": "AsAKgAiHk",
        "version": 1
      },
      "mappingType": 1,
      "nullPointMode": "connected",
      "pluginVersion": "9.2.20",
      "polystat": {
        "animationSpeed": 2500,
        "columnAutoSize": true,
        "columns": "",
        "defaultClickThrough": "",
        "defaultClickThroughNewTab": false,
        "defaultClickThroughSanitize": false,
        "displayLimit": 100,
        "ellipseCharacters": 18,
        "ellipseEnabled": false,
        "fontAutoColor": true,
        "fontAutoScale": true,
        "fontSize": 12,
        "fontType": "Roboto",
        "globalDecimals": 0,
        "globalDisplayMode": "all",
        "globalDisplayTextTriggeredEmpty": "OK",
        "globalOperatorName": "current",
        "globalThresholds": [
          {
            "color": "#299c46",
            "state": 0,
            "value": 1
          },
          {
            "color": "#E0B400",
            "state": 0,
            "value": 2
          },
          {
            "color": "#FA6400",
            "state": 0,
            "value": 7
          },
          {
            "color": "#d44a3a",
            "state": 2,
            "value": 8
          }
        ],
        "globalUnitFormat": "short",
        "gradientEnabled": true,
        "hexagonSortByDirection": 1,
        "hexagonSortByField": "name",
        "maxMetrics": 0,
        "polygonBorderColor": "#000000",
        "polygonBorderSize": 2,
        "polygonGlobalFillColor": "#0a55a1",
        "radius": "",
        "radiusAutoSize": true,
        "regexPattern": "",
        "rowAutoSize": true,
        "rows": "",
        "shape": "hexagon_pointed_top",
        "tooltipDisplayMode": "all",
        "tooltipDisplayTextTriggeredEmpty": "OK",
        "tooltipEnabled": true,
        "tooltipFontSize": 12,
        "tooltipFontType": "Roboto",
        "tooltipPrimarySortDirection": 2,
        "tooltipPrimarySortField": "thresholdLevel",
        "tooltipSecondarySortDirection": 2,
        "tooltipSecondarySortField": "value",
        "tooltipTimestampEnabled": true,
        "valueEnabled": true
      },
      "rangeMaps": [
        {
          "from": "null",
          "text": "N/A",
          "to": "null"
        }
      ],
      "repeatDirection": "v",
      "savedComposites": [],
      "savedOverrides": [],
      "targets": [
        {
          "editorMode": "code",
          "exemplar": false,
          "expr": "max by (service_name) (mongodb_mongod_replset_my_state{environment=~\"$environment\",cluster=~\"$cluster\",set!~\"$shard\",set!='',service_name=~\"$service_name\"})",
          "hide": true,
          "instant": true,
          "legendFormat": "__auto",
          "range": false,
          "refId": "A"
        },
        {
          "editorMode": "code",
          "exemplar": false,
          "expr": "min by (member_idx) (mongodb_rs_members_state{environment=~\"$environment\",cluster=~\"$cluster\",rs_nm!~\"$shard\"})",
          "hide": false,
          "instant": true,
          "legendFormat": "__auto",
          "range": false,
          "refId": "B"
        }
      ],
      "title": "Config Servers",
      "transformations": [],
      "type": "grafana-polystat-panel",
      "valueMaps": [
        {
          "op": "=",
          "text": "PRIMARY",
          "value": "1"
        },
        {
          "op": "=",
          "text": "SECONDARY",
          "value": "2"
        },
        {
          "op": "=",
          "text": "ARBITER",
          "value": "7"
        },
        {
          "op": "=",
          "text": "DOWN",
          "value": "8"
        },
        {
          "op": "=",
          "text": "Exporter is not connected",
          "value": "null"
        },
        {
          "op": "=",
          "text": "RECOVERING",
          "value": "3"
        },
        {
          "op": "=",
          "text": "STARTUP2",
          "value": "5"
        },
        {
          "op": "=",
          "text": "UNKNOWN",
          "value": "6"
        },
        {
          "op": "=",
          "text": "ROLLBACK",
          "value": "9"
        },
        {
          "op": "=",
          "text": "REMOVED",
          "value": "10"
        },
        {
          "op": "=",
          "text": "STARTUP",
          "value": "0"
        }
      ]
    },
    {
      "colors": [
        "#299c46",
        "rgba(237, 129, 40, 0.89)",
        "#d44a3a",
        "#4040a0"
      ],
      "description": "Mongos is a routing service for MongoDB shard configurations that processes queries from the application layer, and determines the location of this data in the sharded cluster, in order to complete these operations. From the perspective of the application, a mongos instance behaves identically to any other MongoDB instance.",
      "gridPos": {
        "h": 5,
        "w": 12,
        "x": 12,
        "y": 40
      },
      "id": 1308,
      "libraryPanel": {
        "description": "Mongos is a routing service for MongoDB shard configurations that processes queries from the application layer, and determines the location of this data in the sharded cluster, in order to complete these operations. From the perspective of the application, a mongos instance behaves identically to any other MongoDB instance.",
        "meta": {
          "connectedDashboards": 1,
          "created": "2024-10-17T12:44:14Z",
          "createdBy": {
            "avatarUrl": "/graph/avatar/46d229b033af06a191ff2267bca9ae56",
            "id": 1,
            "name": "admin"
          },
          "folderName": "MongoDB",
          "folderUid": "aHCJfygNk",
          "updated": "2024-10-17T13:32:09Z",
          "updatedBy": {
            "avatarUrl": "/graph/avatar/46d229b033af06a191ff2267bca9ae56",
            "id": 1,
            "name": "admin"
          }
        },
        "name": "Mongos Routers",
        "type": "grafana-polystat-panel",
        "uid": "VMR5RAiHk",
        "version": 5
      },
      "mappingType": 1,
      "mappingTypes": [
        {
          "name": "value to text",
          "value": 1
        },
        {
          "name": "range to text",
          "value": 2
        }
      ],
      "nullPointMode": "connected",
      "polystat": {
        "animationSpeed": 2500,
        "columnAutoSize": true,
        "columns": "",
        "defaultClickThrough": "/graph/d/mongodb-instance-summary/mongodb-instance-summary?from=$__from&to=$__to&var-service_name=${__cell_name}",
        "defaultClickThroughNewTab": true,
        "defaultClickThroughSanitize": true,
        "displayLimit": 100,
        "ellipseCharacters": 18,
        "ellipseEnabled": false,
        "fontAutoColor": true,
        "fontAutoScale": true,
        "fontSize": 12,
        "fontType": "Roboto",
        "globalDecimals": 0,
        "globalDisplayMode": "all",
        "globalDisplayTextTriggeredEmpty": "OK",
        "globalOperatorName": "current",
        "globalThresholds": [
          {
            "color": "#d44a3a",
            "state": 2,
            "value": 0
          },
          {
            "color": "#299c46",
            "state": 0,
            "value": 1
          }
        ],
        "globalUnitFormat": "ops",
        "gradientEnabled": true,
        "hexagonSortByDirection": 1,
        "hexagonSortByField": "name",
        "maxMetrics": 0,
        "polygonBorderColor": "black",
        "polygonBorderSize": 2,
        "polygonGlobalFillColor": "#8AB8FF",
        "radius": "",
        "radiusAutoSize": true,
        "regexPattern": "",
        "rowAutoSize": true,
        "rows": "",
        "shape": "hexagon_pointed_top",
        "tooltipDisplayMode": "all",
        "tooltipDisplayTextTriggeredEmpty": "OK",
        "tooltipEnabled": true,
        "tooltipFontSize": 12,
        "tooltipFontType": "Roboto",
        "tooltipPrimarySortDirection": 2,
        "tooltipPrimarySortField": "thresholdLevel",
        "tooltipSecondarySortDirection": 2,
        "tooltipSecondarySortField": "name",
        "tooltipTimestampEnabled": true,
        "valueEnabled": true
      },
      "rangeMaps": [
        {
          "from": "null",
          "text": "N/A",
          "to": "null"
        }
      ],
      "repeatDirection": "v",
      "savedComposites": [],
      "savedOverrides": [],
      "targets": [
        {
          "editorMode": "code",
          "exemplar": false,
          "expr": "max by (service_name) (mongodb_up{environment=~\"$environment\", cluster=~\"$cluster\", service_name=~\"$service_name_mongos\"})",
          "hide": false,
          "instant": true,
          "legendFormat": "__auto",
          "range": false,
          "refId": "B"
        }
      ],
      "title": "Mongos Routers",
      "type": "grafana-polystat-panel",
      "valueMaps": [
        {
          "op": "=",
          "text": "DOWN",
          "value": "0"
        },
        {
          "op": "=",
          "text": "UP",
          "value": "1"
        }
      ]
    },
    {
      "colors": [
        "#299c46",
        "#ED8128",
        "#d44a3a",
        "#4040a0"
      ],
      "description": "A shard contains a subset of sharded data for a sharded cluster. Together, the cluster’s shards hold the entire data set for the cluster.",
      "gridPos": {
        "h": 5,
        "w": 11,
        "x": 7,
        "y": 45
      },
      "id": 1310,
      "libraryPanel": {
        "description": "A shard contains a subset of sharded data for a sharded cluster. Together, the cluster’s shards hold the entire data set for the cluster.",
        "meta": {
          "connectedDashboards": 1,
          "created": "2024-10-17T12:44:24Z",
          "createdBy": {
            "avatarUrl": "/graph/avatar/46d229b033af06a191ff2267bca9ae56",
            "id": 1,
            "name": "admin"
          },
          "folderName": "MongoDB",
          "folderUid": "aHCJfygNk",
          "updated": "2024-10-17T12:44:24Z",
          "updatedBy": {
            "avatarUrl": "/graph/avatar/46d229b033af06a191ff2267bca9ae56",
            "id": 1,
            "name": "admin"
          }
        },
        "name": "Shard - $shard",
        "type": "grafana-polystat-panel",
        "uid": "ysDcRAmHk",
        "version": 1
      },
      "mappingType": 1,
      "nullPointMode": "connected",
      "pluginVersion": "9.2.20",
      "polystat": {
        "animationSpeed": 2500,
        "columnAutoSize": true,
        "columns": "",
        "defaultClickThrough": "",
        "defaultClickThroughNewTab": false,
        "defaultClickThroughSanitize": false,
        "displayLimit": 100,
        "ellipseCharacters": 18,
        "ellipseEnabled": false,
        "fontAutoColor": true,
        "fontAutoScale": true,
        "fontSize": 12,
        "fontType": "Roboto",
        "globalDecimals": 0,
        "globalDisplayMode": "all",
        "globalDisplayTextTriggeredEmpty": "OK",
        "globalOperatorName": "current",
        "globalThresholds": [
          {
            "color": "#37872D",
            "state": 0,
            "value": 1
          },
          {
            "color": "#E0B400",
            "state": 0,
            "value": 2
          },
          {
            "color": "#8b8000",
            "state": 0,
            "value": 7
          },
          {
            "color": "#d44a3a",
            "state": 2,
            "value": 8
          }
        ],
        "globalUnitFormat": "short",
        "gradientEnabled": true,
        "hexagonSortByDirection": 3,
        "hexagonSortByField": "value",
        "maxMetrics": 0,
        "polygonBorderColor": "#000000",
        "polygonBorderSize": 2,
        "polygonGlobalFillColor": "#0a55a1",
        "radius": "",
        "radiusAutoSize": true,
        "regexPattern": "",
        "rowAutoSize": true,
        "rows": "",
        "shape": "hexagon_pointed_top",
        "tooltipDisplayMode": "all",
        "tooltipDisplayTextTriggeredEmpty": "OK",
        "tooltipEnabled": true,
        "tooltipFontSize": 12,
        "tooltipFontType": "Roboto",
        "tooltipPrimarySortDirection": 2,
        "tooltipPrimarySortField": "thresholdLevel",
        "tooltipSecondarySortDirection": 2,
        "tooltipSecondarySortField": "value",
        "tooltipTimestampEnabled": true,
        "valueEnabled": true
      },
      "rangeMaps": [
        {
          "from": "null",
          "text": "N/A",
          "to": "null"
        }
      ],
      "repeat": "shard",
      "repeatDirection": "v",
      "savedComposites": [],
      "savedOverrides": [],
      "targets": [
        {
          "editorMode": "code",
          "expr": "min by (member_idx) (mongodb_rs_members_state{environment=~\"$environment\",cluster=~\"$cluster\",rs_nm=~\"$shard\"})",
          "hide": false,
          "legendFormat": "__auto",
          "range": true,
          "refId": "B"
        }
      ],
      "title": "Shard - $shard",
      "transformations": [],
      "type": "grafana-polystat-panel",
      "valueMaps": [
        {
          "op": "=",
          "text": "PRIMARY",
          "value": "1"
        },
        {
          "op": "=",
          "text": "SECONDARY",
          "value": "2"
        },
        {
          "op": "=",
          "text": "ARBITER",
          "value": "7"
        },
        {
          "op": "=",
          "text": "DOWN",
          "value": "8"
        },
        {
          "op": "=",
          "text": "UNKNOWN",
          "value": "6"
        },
        {
          "op": "=",
          "text": "REMOVED",
          "value": "10"
        },
        {
          "op": "=",
          "text": "ROLLBACK",
          "value": "9"
        },
        {
          "op": "=",
          "text": "STARTUP2",
          "value": "5"
        },
        {
          "op": "=",
          "text": "RECOVERING",
          "value": "3"
        },
        {
          "op": "=",
          "text": "STARTUP",
          "value": "0"
        },
        {
          "op": "=",
          "text": "Exporter is not connected",
          "value": "null"
        }
      ]
    },
    {
      "collapsed": false,
      "gridPos": {
        "h": 1,
        "w": 24,
        "x": 0,
        "y": 55
      },
      "id": 1285,
      "panels": [],
      "title": "Node States",
      "type": "row"
    },
    {
      "description": "ReplSet statuses during the select time range.",
      "fieldConfig": {
        "defaults": {
          "color": {
            "mode": "palette-classic"
          },
          "custom": {
            "fillOpacity": 100,
            "lineWidth": 0,
            "spanNulls": true
          },
          "mappings": [
            {
              "options": {
                "0": {
                  "index": 11,
                  "text": "STARTUP",
                  "color": "semi-dark-red"
                },
                "1": {
                  "color": "rgb(107, 152, 102)",
                  "index": 4,
                  "text": "PRIMARY"
                },
                "2": {
                  "color": "rgb(193, 159, 20)",
                  "index": 3,
                  "text": "SECONDARY"
                },
                "3": {
                  "index": 10,
                  "text": "RECOVERING",
                  "color": "semi-dark-red"
                },
                "5": {
                  "index": 9,
                  "text": "STARTUP2",
                  "color": "semi-dark-red"
                },
                "6": {
                  "index": 8,
                  "text": "UNKNOWN",
                  "color": "semi-dark-red"
                },
                "7": {
                  "color": "#8B8000",
                  "index": 1,
                  "text": "ARBITER"
                },
                "8": {
                  "index": 7,
                  "text": "DOWN",
                  "color": "semi-dark-red"
                },
                "9": {
                  "index": 6,
                  "text": "ROLLBACK",
                  "color": "semi-dark-red"
                },
                "10": {
                  "index": 5,
                  "text": "REMOVED",
                  "color": "semi-dark-red"
                },
                "null": {
                  "color": "#FF7383",
                  "index": 2,
                  "text": "Exporter is not connected"
                }
              },
              "type": "value"
            },
            {
              "options": {
                "result": {
                  "index": 0,
                  "text": "N/A"
                }
              },
              "type": "range"
            }
          ],
          "thresholds": {
            "mode": "absolute",
            "steps": [
              {
                "color": "green",
                "value": null
              },
              {
                "color": "red",
                "value": 80
              }
            ]
          },
          "unit": "short"
        },
        "overrides": []
      },
      "gridPos": {
        "h": 7,
        "w": 8,
        "x": 0,
        "y": 56
      },
      "id": 1281,
      "options": {
        "alignValue": "right",
        "legend": {
          "displayMode": "list",
          "placement": "bottom",
          "showLegend": true
        },
        "mergeValues": true,
        "rowHeight": 0.9,
        "showValue": "auto",
        "tooltip": {
          "mode": "single",
          "sort": "none"
        }
      },
      "pluginVersion": "6.5.1",
      "repeat": "set",
      "repeatDirection": "h",
      "targets": [
        {
          "editorMode": "code",
          "expr": "min by (member_idx) (mongodb_rs_members_state{environment=~\"$environment\",cluster=~\"$cluster\",rs_nm=~\"$set\",service_name=~\"$service_name\"})",
          "hide": false,
          "interval": "$interval",
          "legendFormat": "{{service_name}}",
          "range": true,
          "refId": "A"
        }
      ],
      "title": "$set Node States",
      "type": "state-timeline"
    },
    {
      "collapsed": false,
      "gridPos": {
        "h": 1,
        "w": 24,
        "x": 0,
        "y": 63
      },
      "id": 1279,
      "panels": [],
      "title": "Collection Details",
      "type": "row"
    },
    {
      "default_title_for_rows": "DB Name",
      "description": "MongoDB stores documents in collections. Collections are analogous to tables in relational databases.",
      "fieldConfig": {
        "defaults": {
          "color": {
            "fixedColor": "text",
            "mode": "thresholds"
          },
          "custom": {
            "align": "left",
            "displayMode": "auto",
            "filterable": false,
            "inspect": true
          },
          "mappings": [
            {
              "options": {
                "0": {
                  "color": "dark-blue",
                  "index": 0,
                  "text": "0"
                }
              },
              "type": "value"
            }
          ],
          "noValue": "0",
          "thresholds": {
            "mode": "absolute",
            "steps": [
              {
                "color": "red",
                "value": null
              }
            ]
          },
          "unit": "bytes"
        },
        "overrides": [
          {
            "matcher": {
              "id": "byName",
              "options": "Collection Name"
            },
            "properties": [
              {
                "id": "custom.displayMode",
                "value": "auto"
              }
            ]
          }
        ]
      },
      "gridPos": {
        "h": 8,
        "w": 11,
        "x": 0,
        "y": 64
      },
      "hide_headers": false,
      "id": 1030,
      "options": {
        "footer": {
          "fields": "",
          "reducer": [
            "sum"
          ],
          "show": false
        },
        "frameIndex": 0,
        "showHeader": true,
        "sortBy": []
      },
      "pluginVersion": "9.2.20",
      "sorting_props": {
        "col_index": -1,
        "direction": "desc"
      },
      "targets": [
        {
          "editorMode": "code",
          "exemplar": false,
          "expr": "max by(rs_nm, collection, database) (mongodb_collstats_storageStats_storageSize{cluster=~\"$cluster\", db!~\"admin|config|local\", rs_nm=~\"$shard\"})",
          "format": "table",
          "hide": true,
          "instant": true,
          "interval": "$interval",
          "legendFormat": "{{db}} | {{shard}} | Collections",
          "range": false,
          "refId": "A"
        },
        {
          "editorMode": "code",
          "exemplar": false,
          "expr": "max by(rs_nm, collection, database) (mongodb_collstats_storageStats_storageSize{cluster=~\"$cluster\", db!~\"admin|config|local\", rs_nm=~\"$set\"})",
          "format": "table",
          "hide": false,
          "instant": true,
          "interval": "$interval",
          "legendFormat": "{{db}} | {{shard}} | Collections",
          "range": false,
          "refId": "B"
        }
      ],
      "title": "Size of Collections in Shards",
      "transformations": [
        {
          "id": "calculateField",
          "options": {
            "binary": {
              "left": "collection",
              "reducer": "sum",
              "right": "database"
            },
            "mode": "reduceRow",
            "reduce": {
              "include": [
                "database",
                "collection"
              ],
              "reducer": "allValues"
            },
            "replaceFields": false
          }
        },
        {
          "id": "groupingToMatrix",
          "options": {
            "columnField": "rs_nm",
            "rowField": "All values",
            "valueField": "Value"
          }
        },
        {
          "id": "organize",
          "options": {
            "excludeByName": {},
            "indexByName": {},
            "renameByName": {
              "All values\\rs_nm": "All values",
              "collection\\rs_nm": "Collection Name",
              "db\\shard": "DB Name",
              "rs1": ""
            }
          }
        },
        {
          "id": "extractFields",
          "options": {
            "source": "All values"
          }
        },
        {
          "id": "organize",
          "options": {
            "excludeByName": {
              "All values": true
            },
            "indexByName": {
              "0": 1,
              "1": 0,
              "All values": 2,
              "s1": 3,
              "s2": 4
            },
            "renameByName": {
              "0": "Collection Name",
              "1": "DB Name"
            }
          }
        }
      ],
      "type": "table"
    },
    {
      "collapsed": false,
      "default_title_for_rows": "DB Name",
      "description": "MongoDB stores documents in collections. Collections are analogous to tables in relational databases.",
      "fieldConfig": {
        "defaults": {
          "color": {
            "fixedColor": "text",
            "mode": "thresholds"
          },
          "custom": {
            "align": "left",
            "displayMode": "auto",
            "filterable": false,
            "inspect": false
          },
          "mappings": [
            {
              "options": {
                "0": {
                  "color": "dark-blue",
                  "index": 0
                }
              },
              "type": "value"
            }
          ],
          "noValue": "0",
          "thresholds": {
            "mode": "absolute",
            "steps": [
              {
                "color": "red",
                "value": null
              }
            ]
          }
        },
        "overrides": []
      },
      "gridPos": {
        "h": 8,
        "w": 13,
        "x": 11,
        "y": 64
      },
      "id": 1043,
      "options": {
        "footer": {
          "fields": "",
          "reducer": [
            "sum"
          ],
          "show": false
        },
        "frameIndex": 0,
        "showHeader": true,
        "sortBy": [
          {
            "desc": false,
            "displayName": "DB Name\\Value"
          }
        ]
      },
      "pluginVersion": "9.2.20",
      "sorting_props": {
        "col_index": -1,
        "direction": "desc"
      },
      "targets": [
        {
          "editorMode": "code",
          "exemplar": false,
          "expr": "max by (rs_nm, database) (mongodb_mongod_db_collections_total{cluster=\"$cluster\",database!~\"admin|config|system|local\",rs_nm=~\"$set\"})",
          "format": "table",
          "hide": false,
          "instant": true,
          "interval": "$interval",
          "legendFormat": "{{db}} | {{rs_nm}} | Collections",
          "range": false,
          "refId": "C"
        }
      ],
      "title": "Number of Collections in Shards",
      "transformations": [
        {
          "id": "groupingToMatrix",
          "options": {
            "columnField": "rs_nm",
            "rowField": "database",
            "valueField": "Value"
          }
        },
        {
          "id": "organize",
          "options": {
            "excludeByName": {},
            "indexByName": {},
            "renameByName": {
              "database\\rs_nm": "DB Name",
              "shard0": ""
            }
          }
        }
      ],
      "type": "table"
    },
    {
      "collapsed": false,
      "gridPos": {
        "h": 1,
        "w": 24,
        "x": 0,
        "y": 72
      },
      "id": 81,
      "panels": [],
      "title": "Connections",
      "type": "row"
    },
    {
      "aliasColors": {},
      "bars": false,
      "dashLength": 10,
      "dashes": false,
      "description": "TCP connections (Incoming) in mongod processes.",
      "editable": true,
      "error": false,
      "fieldConfig": {
        "defaults": {
          "links": [
            {
              "targetBlank": true,
              "title": "MongoDB ReplSet Summary - ${__series.name}",
              "url": "/graph/d/mongodb-replicaset-summary/mongodb-replset-summary?var-replset=${__series.name}&$__url_time_range"
            }
          ]
        },
        "overrides": []
      },
      "fill": 6,
      "fillGradient": 0,
      "grid": {},
      "gridPos": {
        "h": 7,
        "w": 24,
        "x": 0,
        "y": 73
      },
      "hiddenSeries": false,
      "id": 37,
      "legend": {
        "alignAsTable": true,
        "avg": true,
        "current": false,
        "hideEmpty": false,
        "hideZero": false,
        "max": true,
        "min": true,
        "rightSide": true,
        "show": true,
        "sort": "current",
        "sortDesc": true,
        "total": false,
        "values": true
      },
      "lines": true,
      "linewidth": 2,
      "links": [],
      "nullPointMode": "null",
      "options": {
        "alertThreshold": true
      },
      "percentage": false,
      "pluginVersion": "9.2.20",
      "pointradius": 5,
      "points": false,
      "renderer": "flot",
      "seriesOverrides": [
        {
          "alias": "Total",
          "color": "#C4162A",
          "fill": 0,
          "legend": false,
          "stack": false
        }
      ],
      "spaceLength": 10,
      "stack": true,
      "steppedLine": false,
      "targets": [
        {
          "editorMode": "code",
          "expr": "avg by (rs_nm) (mongodb_connections{environment=~\"$environment\", cluster=~\"$cluster\", rs_nm=~\"$set\", service_name=~\"$service_name\", state=\"current\", rs_nm!=\"\"})",
          "format": "time_series",
          "hide": false,
          "interval": "$interval",
          "intervalFactor": 1,
          "legendFormat": "{{rs_nm}}",
          "range": true,
          "refId": "B",
          "step": 300
        }
      ],
      "thresholds": [],
      "timeRegions": [],
      "title": "Current Connections Per Shard",
      "tooltip": {
        "msResolution": false,
        "shared": true,
        "sort": 0,
        "value_type": "individual"
      },
      "transformations": [],
      "type": "graph",
      "xaxis": {
        "mode": "time",
        "show": true,
        "values": []
      },
      "yaxes": [
        {
          "format": "short",
          "label": "",
          "logBase": 1,
          "min": 0,
          "show": true
        },
        {
          "format": "short",
          "logBase": 1,
          "show": true
        }
      ],
      "yaxis": {
        "align": false
      }
    },
    {
      "aliasColors": {},
      "bars": false,
      "dashLength": 10,
      "dashes": false,
      "decimals": 2,
      "description": "",
      "editable": true,
      "error": false,
      "fieldConfig": {
        "defaults": {
          "links": []
        },
        "overrides": []
      },
      "fill": 6,
      "fillGradient": 0,
      "grid": {},
      "gridPos": {
        "h": 7,
        "w": 24,
        "x": 0,
        "y": 80
      },
      "hiddenSeries": false,
      "id": 1177,
      "legend": {
        "alignAsTable": true,
        "avg": true,
        "current": false,
        "max": true,
        "min": true,
        "rightSide": true,
        "show": true,
        "sort": "avg",
        "sortDesc": true,
        "total": false,
        "values": true
      },
      "lines": true,
      "linewidth": 2,
      "links": [],
      "maxPerRow": 2,
      "nullPointMode": "null",
      "options": {
        "alertThreshold": true
      },
      "percentage": false,
      "pluginVersion": "9.2.20",
      "pointradius": 5,
      "points": false,
      "renderer": "flot",
      "repeatDirection": "h",
      "seriesOverrides": [],
      "spaceLength": 10,
      "stack": true,
      "steppedLine": false,
      "targets": [
        {
          "editorMode": "code",
          "expr": "sum by (set) (avg by (service_name,set) (mongodb_connections{environment=~\"$environment\", cluster=~\"$cluster\", rs_nm=~\"$set\", service_name=~\"$service_name\", state=\"available\"}) * on (service_name) group_right avg by (service_name,set) (mongodb_mongod_replset_my_state{environment=~\"$environment\", cluster=~\"$cluster\", set=~\"$set\", service_name=~\"$service_name\"}/ mongodb_mongod_replset_my_state{cluster=\"$cluster\"}))",
          "hide": false,
          "interval": "",
          "legendFormat": "{{service_name}}",
          "range": true,
          "refId": "A"
        }
      ],
      "thresholds": [],
      "timeRegions": [],
      "title": "Available Connections",
      "tooltip": {
        "msResolution": false,
        "shared": true,
        "sort": 0,
        "value_type": "individual"
      },
      "type": "graph",
      "xaxis": {
        "mode": "time",
        "show": true,
        "values": []
      },
      "yaxes": [
        {
          "decimals": 2,
          "format": "short",
          "label": "",
          "logBase": 1,
          "min": 0,
          "show": true
        },
        {
          "format": "short",
          "logBase": 1,
          "show": false
        }
      ],
      "yaxis": {
        "align": false
      }
    },
    {
      "collapsed": false,
      "gridPos": {
        "h": 1,
        "w": 24,
        "x": 0,
        "y": 87
      },
      "id": 1199,
      "panels": [],
      "title": "Chunks in Shards",
      "type": "row"
    },
    {
      "default_title_for_rows": "Shard Name",
      "description": "A chunk consists of a subset of sharded data.",
      "fieldConfig": {
        "defaults": {
          "color": {
            "fixedColor": "text",
            "mode": "thresholds"
          },
          "custom": {
            "align": "left",
            "displayMode": "auto",
            "filterable": false,
            "inspect": false
          },
          "mappings": [],
          "noValue": "-",
          "thresholds": {
            "mode": "absolute",
            "steps": [
              {
                "color": "red",
                "value": null
              }
            ]
          }
        },
        "overrides": [
          {
            "matcher": {
              "id": "byName",
              "options": "Shard Name"
            },
            "properties": [
              {
                "id": "links",
                "value": [
                  {
                    "title": "",
                    "url": "/graph/d/mongodb-replicaset-summary/mongodb-replset-summary?${cluster:queryparam}&var-rs_nm=${__value.text}&${interval:queryparam}&${__url_time_range}&${environment:queryparam}"
                  }
                ]
              }
            ]
          }
        ]
      },
      "gridPos": {
        "h": 8,
        "w": 6,
        "x": 0,
        "y": 88
      },
      "hide_headers": false,
      "id": 1200,
      "options": {
        "footer": {
          "fields": "",
          "reducer": [
            "sum"
          ],
          "show": false
        },
        "showHeader": true
      },
      "pluginVersion": "9.2.20",
      "sorting_props": {
        "col_index": -1,
        "direction": "desc"
      },
      "targets": [
        {
          "editorMode": "code",
          "exemplar": false,
          "expr": "avg by (shard) (mongodb_mongos_sharding_shard_chunks_total{cluster=\"$cluster\",db!~\"admin|config\"})",
          "format": "table",
          "hide": false,
          "instant": true,
          "interval": "$interval",
          "legendFormat": "{{shard}} | Chunks",
          "range": false,
          "refId": "A"
        }
      ],
      "title": "Amount of Chunks in Shards",
      "transformations": [
        {
          "id": "organize",
          "options": {
            "excludeByName": {
              "Time": true
            },
            "indexByName": {},
            "renameByName": {
              "Value": "Chunks",
              "shard": "Shard Name"
            }
          }
        }
      ],
      "type": "table"
    },
    {
      "aliasColors": {},
      "bars": false,
      "dashLength": 10,
      "dashes": false,
      "decimals": 2,
      "description": "The sharding operation creates the initial chunk(s) to cover the entire range of the shard key values. The number of chunks created depends on the configured chunk size. After the initial chunk creation, the balancer migrates these initial chunks across the shards as appropriate as well as manages the chunk distribution going forward.",
      "fieldConfig": {
        "defaults": {
          "links": [
            {
              "targetBlank": true,
              "title": "MongoDB ReplSet Summary",
              "url": "/graph/d/mongodb-replicaset-summary/mongodb-replset-summary?var-replset=${__series.name}&$__url_time_range"
            }
          ]
        },
        "overrides": []
      },
      "fill": 2,
      "fillGradient": 0,
      "gridPos": {
        "h": 8,
        "w": 18,
        "x": 6,
        "y": 88
      },
      "hiddenSeries": false,
      "id": 1201,
      "legend": {
        "alignAsTable": true,
        "avg": true,
        "current": false,
        "max": true,
        "min": true,
        "rightSide": true,
        "show": true,
        "sort": "avg",
        "sortDesc": true,
        "total": false,
        "values": true
      },
      "lines": true,
      "linewidth": 2,
      "nullPointMode": "null",
      "options": {
        "alertThreshold": true
      },
      "percentage": false,
      "pluginVersion": "9.2.20",
      "pointradius": 2,
      "points": false,
      "renderer": "flot",
      "seriesOverrides": [],
      "spaceLength": 10,
      "stack": false,
      "steppedLine": false,
      "targets": [
        {
          "exemplar": true,
          "expr": "avg by (shard) (rate(mongodb_mongos_sharding_shard_chunks_total{cluster=\"$cluster\"}[$interval]) or irate(mongodb_mongos_sharding_shard_chunks_total{cluster=\"$cluster\"}[5m]))",
          "interval": "$interval",
          "legendFormat": "{{shard}}",
          "refId": "A"
        }
      ],
      "thresholds": [],
      "timeRegions": [],
      "title": "Dynamic of Chunks",
      "tooltip": {
        "shared": true,
        "sort": 5,
        "value_type": "individual"
      },
      "type": "graph",
      "xaxis": {
        "mode": "time",
        "show": true,
        "values": []
      },
      "yaxes": [
        {
          "decimals": 2,
          "format": "cps",
          "logBase": 1,
          "min": "0",
          "show": true
        },
        {
          "format": "short",
          "logBase": 1,
          "show": false
        }
      ],
      "yaxis": {
        "align": false
      }
    },
    {
      "aliasColors": {},
      "bars": true,
      "dashLength": 10,
      "dashes": false,
      "decimals": 2,
      "description": "MongoDB migrates chunks in a sharded cluster to distribute the chunks of a sharded collection evenly among shards. ",
      "fieldConfig": {
        "defaults": {
          "links": []
        },
        "overrides": []
      },
      "fill": 2,
      "fillGradient": 0,
      "gridPos": {
        "h": 7,
        "w": 24,
        "x": 0,
        "y": 96
      },
      "hiddenSeries": false,
      "id": 1216,
      "legend": {
        "alignAsTable": true,
        "avg": true,
        "current": false,
        "max": true,
        "min": true,
        "rightSide": false,
        "show": true,
        "sort": "avg",
        "sortDesc": true,
        "total": false,
        "values": true
      },
      "lines": false,
      "linewidth": 2,
      "nullPointMode": "null",
      "options": {
        "alertThreshold": true
      },
      "percentage": false,
      "pluginVersion": "9.2.20",
      "pointradius": 2,
      "points": false,
      "renderer": "flot",
      "seriesOverrides": [],
      "spaceLength": 10,
      "stack": false,
      "steppedLine": false,
      "targets": [
        {
          "exemplar": true,
          "expr": "avg by (event) (rate(mongodb_mongos_sharding_changelog_10min_total{cluster=\"$cluster\", event=~\".*moveChunk.*\"}[$interval]) or\nirate(mongodb_mongos_sharding_changelog_10min_total{cluster=\"$cluster\", event=~\".*moveChunk.*\"}[5m]))",
          "interval": "$interval",
          "legendFormat": "{{event}}",
          "refId": "A"
        }
      ],
      "thresholds": [],
      "timeRegions": [],
      "title": "Chunks Move Events",
      "tooltip": {
        "shared": true,
        "sort": 5,
        "value_type": "individual"
      },
      "type": "graph",
      "xaxis": {
        "mode": "time",
        "show": true,
        "values": []
      },
      "yaxes": [
        {
          "decimals": 2,
          "format": "short",
          "logBase": 1,
          "min": "0",
          "show": true
        },
        {
          "format": "short",
          "logBase": 1,
          "show": false
        }
      ],
      "yaxis": {
        "align": false
      }
    },
    {
      "aliasColors": {},
      "bars": true,
      "dashLength": 10,
      "dashes": false,
      "decimals": 2,
      "description": "MongoDB splits chunks when they grow beyond the configured chunk size. Both inserts and updates can trigger a chunk split.",
      "fieldConfig": {
        "defaults": {
          "links": []
        },
        "overrides": []
      },
      "fill": 2,
      "fillGradient": 0,
      "gridPos": {
        "h": 7,
        "w": 24,
        "x": 0,
        "y": 103
      },
      "hiddenSeries": false,
      "id": 1212,
      "legend": {
        "alignAsTable": true,
        "avg": true,
        "current": false,
        "max": true,
        "min": true,
        "rightSide": false,
        "show": true,
        "sort": "avg",
        "sortDesc": true,
        "total": false,
        "values": true
      },
      "lines": false,
      "linewidth": 2,
      "nullPointMode": "null",
      "options": {
        "alertThreshold": true
      },
      "percentage": false,
      "pluginVersion": "9.2.20",
      "pointradius": 2,
      "points": false,
      "renderer": "flot",
      "seriesOverrides": [],
      "spaceLength": 10,
      "stack": false,
      "steppedLine": false,
      "targets": [
        {
          "exemplar": true,
          "expr": "avg by (event) (rate(mongodb_mongos_sharding_changelog_10min_total{cluster=\"$cluster\", event=~\".*split.*\"}[$interval]) or\nirate(mongodb_mongos_sharding_changelog_10min_total{cluster=\"$cluster\", event=~\".*split.*\"}[5m]))",
          "interval": "$interval",
          "legendFormat": "{{event}}",
          "refId": "A"
        }
      ],
      "thresholds": [],
      "timeRegions": [],
      "title": "Chunks Split Events",
      "tooltip": {
        "shared": true,
        "sort": 5,
        "value_type": "individual"
      },
      "type": "graph",
      "xaxis": {
        "mode": "time",
        "show": true,
        "values": []
      },
      "yaxes": [
        {
          "decimals": 2,
          "format": "short",
          "logBase": 1,
          "min": "0",
          "show": true
        },
        {
          "format": "short",
          "logBase": 1,
          "show": false
        }
      ],
      "yaxis": {
        "align": false
      }
    },
    {
      "collapsed": false,
      "gridPos": {
        "h": 1,
        "w": 24,
        "x": 0,
        "y": 110
      },
      "id": 97,
      "panels": [],
      "title": "Replication",
      "type": "row"
    },
    {
      "aliasColors": {},
      "bars": false,
      "dashLength": 10,
      "dashes": false,
      "editable": true,
      "error": false,
      "fieldConfig": {
        "defaults": {
          "links": [
            {
              "targetBlank": true,
              "title": "MongoDB ReplSet Summary - ${__series.name}",
              "url": "/graph/d/mongodb-replicaset-summary/mongodb-replset-summary?var-replset=${__series.name}&$__url_time_range"
            }
          ]
        },
        "overrides": []
      },
      "fill": 2,
      "fillGradient": 0,
      "grid": {},
      "gridPos": {
        "h": 8,
        "w": 12,
        "x": 0,
        "y": 111
      },
      "hiddenSeries": false,
      "id": 14,
      "legend": {
        "alignAsTable": true,
        "avg": true,
        "current": false,
        "hideZero": false,
        "max": true,
        "min": true,
        "rightSide": false,
        "show": true,
        "sort": "avg",
        "sortDesc": true,
        "total": false,
        "values": true
      },
      "lines": true,
      "linewidth": 2,
      "links": [],
      "nullPointMode": "null",
      "options": {
        "alertThreshold": true
      },
      "percentage": false,
      "pluginVersion": "9.2.20",
      "pointradius": 5,
      "points": false,
      "renderer": "flot",
      "seriesOverrides": [],
      "spaceLength": 10,
      "stack": false,
      "steppedLine": false,
      "targets": [
        {
          "editorMode": "code",
          "expr": "max by (set) (max(max_over_time(mongodb_mongod_replset_member_replication_lag{cluster=\"$cluster\",state!=\"ARBITER\"}[$interval])) by (service_name,set) or max(max_over_time(mongodb_mongod_replset_member_replication_lag{cluster=\"$cluster\",state!=\"ARBITER\"}[5m])) by (service_name,set))",
          "hide": false,
          "legendFormat": "__auto",
          "range": true,
          "refId": "A"
        }
      ],
      "thresholds": [],
      "timeRegions": [],
      "title": "Replication Lag by Shard",
      "tooltip": {
        "msResolution": false,
        "shared": true,
        "sort": 5,
        "value_type": "cumulative"
      },
      "type": "graph",
      "xaxis": {
        "mode": "time",
        "show": true,
        "values": []
      },
      "yaxes": [
        {
          "format": "s",
          "label": "",
          "logBase": 1,
          "min": 0,
          "show": true
        },
        {
          "format": "short",
          "logBase": 1,
          "show": true
        }
      ],
      "yaxis": {
        "align": false
      }
    },
    {
      "aliasColors": {},
      "bars": false,
      "dashLength": 10,
      "dashes": false,
      "description": "Timespan 'window' between oldest and newest ops in the Oplog collection.",
      "editable": true,
      "error": false,
      "fieldConfig": {
        "defaults": {
          "links": [
            {
              "targetBlank": true,
              "title": "MongoDB ReplSet Summary - ${__series.name}",
              "url": "/graph/d/mongodb-replicaset-summary/mongodb-replset-summary?var-replset=${__series.name}&$__url_time_range"
            }
          ]
        },
        "overrides": []
      },
      "fill": 2,
      "fillGradient": 0,
      "grid": {},
      "gridPos": {
        "h": 8,
        "w": 12,
        "x": 12,
        "y": 111
      },
      "hiddenSeries": false,
      "id": 27,
      "legend": {
        "alignAsTable": true,
        "avg": true,
        "current": false,
        "hideZero": false,
        "max": true,
        "min": true,
        "rightSide": false,
        "show": true,
        "sort": "avg",
        "sortDesc": true,
        "total": false,
        "values": true
      },
      "lines": true,
      "linewidth": 2,
      "links": [],
      "nullPointMode": "null",
      "options": {
        "alertThreshold": true
      },
      "percentage": false,
      "pluginVersion": "9.2.20",
      "pointradius": 5,
      "points": false,
      "renderer": "flot",
      "seriesOverrides": [],
      "spaceLength": 10,
      "stack": false,
      "steppedLine": false,
      "targets": [
        {
          "expr": "max(max(mongodb_mongod_replset_oplog_head_timestamp{cluster=\"$cluster\"}-mongodb_mongod_replset_oplog_tail_timestamp{cluster=\"$cluster\"}) by (service_name) * on (service_name) group_right mongodb_mongod_replset_my_state{cluster=\"$cluster\"} / mongodb_mongod_replset_my_state{cluster=\"$cluster\"}) by (set)",
          "format": "time_series",
          "hide": false,
          "interval": "$interval",
          "intervalFactor": 1,
          "legendFormat": "{{set}}",
          "refId": "A",
          "step": 300
        }
      ],
      "thresholds": [],
      "timeRegions": [],
      "title": "Oplog Range by Shard",
      "tooltip": {
        "msResolution": false,
        "shared": true,
        "sort": 5,
        "value_type": "cumulative"
      },
      "type": "graph",
      "xaxis": {
        "mode": "time",
        "show": true,
        "values": []
      },
      "yaxes": [
        {
          "format": "s",
          "label": "",
          "logBase": 1,
          "min": 0,
          "show": true
        },
        {
          "format": "short",
          "logBase": 1,
          "show": true
        }
      ],
      "yaxis": {
        "align": false
      }
    }
  ],
  "refresh": false,
  "schemaVersion": 37,
  "style": "dark",
  "tags": [
    "MongoDB_HA",
    "Percona"
  ],
  "templating": {
    "list": [
      {
        "allFormat": "glob",
        "auto": true,
        "auto_count": 200,
        "auto_min": "1s",
        "current": {
          "selected": false,
          "text": "auto",
          "value": "$__auto_interval_interval"
        },
        "datasource": "Metrics",
        "hide": 0,
        "includeAll": false,
        "label": "Interval",
        "multi": false,
        "multiFormat": "glob",
        "name": "interval",
        "options": [
          {
            "selected": true,
            "text": "auto",
            "value": "$__auto_interval_interval"
          },
          {
            "selected": false,
            "text": "1s",
            "value": "1s"
          },
          {
            "selected": false,
            "text": "5s",
            "value": "5s"
          },
          {
            "selected": false,
            "text": "1m",
            "value": "1m"
          },
          {
            "selected": false,
            "text": "5m",
            "value": "5m"
          },
          {
            "selected": false,
            "text": "1h",
            "value": "1h"
          },
          {
            "selected": false,
            "text": "6h",
            "value": "6h"
          },
          {
            "selected": false,
            "text": "1d",
            "value": "1d"
          }
        ],
        "query": "1s,5s,1m,5m,1h,6h,1d",
        "queryValue": "",
        "refresh": 2,
        "skipUrlSync": false,
        "type": "interval"
      },
      {
        "current": {
          "selected": true,
          "text": [
            "All"
          ],
          "value": [
            "$__all"
          ]
        },
        "definition": "label_values({__name__=~\"pg_up|mysql_up|mongodb_up|proxysql_mysql_status_active_transactions\"}, environment)",
        "hide": 0,
        "includeAll": true,
        "label": "Environment",
        "multi": true,
        "name": "environment",
        "options": [],
        "query": {
          "query": "label_values({__name__=~\"pg_up|mysql_up|mongodb_up|proxysql_mysql_status_active_transactions\"}, environment)",
          "refId": "Metrics-environment-Variable-Query"
        },
        "refresh": 2,
        "regex": "",
        "skipUrlSync": false,
        "sort": 5,
        "tagValuesQuery": "",
        "tagsQuery": "",
        "type": "query",
        "useTags": false
      },
      {
        "allFormat": "glob",
        "current": {
          "selected": false,
          "text": "",
          "value": ""
        },
        "definition": "label_values(mongodb_mongod_replset_my_state{environment=~\"$environment\"},cluster)",
        "hide": 0,
        "includeAll": false,
        "label": "Cluster",
        "multi": false,
        "multiFormat": "glob",
        "name": "cluster",
        "options": [],
        "query": {
          "query": "label_values(mongodb_mongod_replset_my_state{environment=~\"$environment\"},cluster)",
          "refId": "StandardVariableQuery"
        },
        "refresh": 2,
        "regex": "",
        "skipUrlSync": false,
        "sort": 5,
        "type": "query",
        "useTags": false
      },
      {
        "current": {
          "selected": false,
          "text": "All",
          "value": "$__all"
        },
        "definition": "label_values(mongodb_mongos_db_collections_total{cluster=\"$cluster\"},shard)",
        "hide": 2,
        "includeAll": true,
        "label": "Shard Name",
        "multi": true,
        "name": "shard",
        "options": [],
        "query": {
          "query": "label_values(mongodb_mongos_db_collections_total{cluster=\"$cluster\"},shard)",
          "refId": "Metrics-shard-Variable-Query"
        },
        "refresh": 2,
        "regex": "",
        "skipUrlSync": false,
        "sort": 5,
        "tagValuesQuery": "",
        "tagsQuery": "",
        "type": "query",
        "useTags": false
      },
      {
        "current": {
          "selected": true,
          "text": [
            "All"
          ],
          "value": [
            "$__all"
          ]
        },
        "definition": "label_values(mongodb_mongod_replset_my_state{environment=~\"$environment\",cluster=~\"$cluster\"}, set)",
        "hide": 2,
        "includeAll": true,
        "label": "Replica Set",
        "multi": true,
        "name": "set",
        "options": [],
        "query": {
          "query": "label_values(mongodb_mongod_replset_my_state{environment=~\"$environment\",cluster=~\"$cluster\"}, set)",
          "refId": "StandardVariableQuery"
        },
        "refresh": 2,
        "regex": "",
        "skipUrlSync": false,
        "sort": 5,
        "tagValuesQuery": "",
        "tagsQuery": "",
        "type": "query",
        "useTags": false
      },
      {
        "current": {
          "selected": false,
          "text": "All",
          "value": "$__all"
        },
        "definition": "label_values(mongodb_mongod_replset_my_state{environment=~\"$environment\",cluster=~\"$cluster\",set=~\"$set\"}, service_name)",
        "hide": 2,
        "includeAll": true,
        "label": "Node",
        "multi": true,
        "name": "service_name",
        "options": [],
        "query": {
          "query": "label_values(mongodb_mongod_replset_my_state{environment=~\"$environment\",cluster=~\"$cluster\",set=~\"$set\"}, service_name)",
          "refId": "StandardVariableQuery"
        },
        "refresh": 2,
        "regex": "",
        "skipUrlSync": false,
        "sort": 5,
        "tagValuesQuery": "",
        "tagsQuery": "",
        "type": "query",
        "useTags": false
      },
      {
        "current": {
          "selected": false,
          "text": "All",
          "value": "$__all"
        },
        "definition": "label_values(mongodb_mongos_sharding_shards_total{environment=~\"$environment\",cluster=~\"$cluster\"}, service_name)",
        "hide": 2,
        "includeAll": true,
        "label": "Node",
        "multi": true,
        "name": "service_name_mongos",
        "options": [],
        "query": {
          "query": "label_values(mongodb_mongos_sharding_shards_total{environment=~\"$environment\",cluster=~\"$cluster\"}, service_name)",
          "refId": "StandardVariableQuery"
        },
        "refresh": 2,
        "regex": "",
        "skipUrlSync": false,
        "sort": 0,
        "type": "query"
      },
      {
        "current": {
          "selected": false,
          "text": "arbiter",
          "value": "arbiter"
        },
        "definition": "label_values(mongodb_up, cluster_role)",
        "hide": 2,
        "includeAll": false,
        "multi": false,
        "name": "cluster_role",
        "options": [],
        "query": {
          "query": "label_values(mongodb_up, cluster_role)",
          "refId": "StandardVariableQuery"
        },
        "refresh": 1,
        "regex": "",
        "skipUrlSync": false,
        "sort": 0,
        "type": "query"
      }
    ]
  },
  "time": {
    "from": "now-12h",
    "to": "now"
  },
  "timepicker": {
    "hidden": false,
    "now": true,
    "refresh_intervals": [
      "1s",
      "5s",
      "1m",
      "5m",
      "1h",
      "6h",
      "1d"
    ],
    "time_options": [
      "5m",
      "15m",
      "1h",
      "6h",
      "12h",
      "24h",
      "2d",
      "7d",
      "30d"
    ]
  },
  "timezone": "browser",
  "title": "MongoDB Sharded Cluster Summary",
  "uid": "mongodb-cluster-summary",
  "version": 1,
  "weekStart": ""
}
