{
  "annotations": {
    "list": [
      {
        "builtIn": 1,
        "datasource": {
          "type": "datasource",
          "uid": "grafana"
        },
        "enable": true,
        "hide": false,
        "iconColor": "#e0752d",
        "limit": 100,
        "matchAny": true,
        "name": "PMM Annotations",
        "showIn": 0,
        "tags": [
          "pmm_annotation",
          "$service_name"
        ],
        "target": {
          "limit": 100,
          "matchAny": true,
          "tags": [
            "pmm_annotation",
            "$service_name"
          ],
          "type": "tags"
        },
        "type": "tags"
      },
      {
        "builtIn": 1,
        "datasource": {
          "type": "datasource",
          "uid": "grafana"
        },
        "enable": true,
        "hide": true,
        "iconColor": "#6ed0e0",
        "limit": 100,
        "name": "Annotations & Alerts",
        "showIn": 0,
        "tags": [],
        "target": {
          "limit": 100,
          "matchAny": false,
          "tags": [],
          "type": "dashboard"
        },
        "type": "dashboard"
      }
    ]
  },
  "description": "",
  "editable": false,
  "fiscalYearStartMonth": 0,
  "graphTooltip": 1,
  "id": null,
  "links": [
    {
      "icon": "doc",
      "includeVars": true,
      "keepTime": true,
      "tags": [
        "Home"
      ],
      "targetBlank": false,
      "title": "Home",
      "type": "link",
      "url": "/graph/d/pmm-home/home-dashboard"
    },
    {
      "icon": "dashboard",
      "includeVars": true,
      "keepTime": true,
      "tags": [
        "Query Analytics"
      ],
      "targetBlank": false,
      "title": "Query Analytics",
      "type": "link",
      "url": "/graph/d/pmm-qan/pmm-query-analytics"
    },
    {
      "asDropdown": true,
      "includeVars": false,
      "keepTime": true,
      "tags": [
        "Services"
      ],
      "targetBlank": false,
      "title": "Services",
      "type": "dashboards"
    },
    {
      "asDropdown": true,
      "includeVars": false,
      "keepTime": true,
      "tags": [
        "PMM"
      ],
      "targetBlank": false,
      "title": "PMM",
      "type": "dashboards"
    },
    {
      "asDropdown": true,
      "includeVars": true,
      "keepTime": true,
      "tags": [
        "MongoDB"
      ],
      "targetBlank": false,
      "title": "MongoDB",
      "type": "dashboards"
    },
    {
      "asDropdown": true,
      "includeVars": true,
      "keepTime": true,
      "tags": [
        "MongoDB_HA"
      ],
      "targetBlank": false,
      "title": "HA",
      "type": "dashboards"
    }
  ],
  "liveNow": false,
  "panels": [
    {
      "collapsed": true,
      "gridPos": {
        "h": 1,
        "w": 24,
        "x": 0,
        "y": 0
      },
      "id": 1032,
      "panels": [
        {
          "description": "",
          "gridPos": {
            "h": 4,
            "w": 24,
            "x": 0,
            "y": 1
          },
          "id": 1034,
          "options": {
            "code": {
              "language": "plaintext",
              "showLineNumbers": false,
              "showMiniMap": false
            },
            "content": "#### \ud83d\udece\ufe0f Important\n\nThis Dashboard is an experimental MongoDB Router Summary dashboard in Percona Monitoring and Management (PMM) that is not a part of the official PMM deployment and might be updated.\nWe ship this Dashboard to obtain feedback from our users. Once we officially release this Dashboard, it will be moved to the appropriate folder. \n\nTo provide feedback on the Dashboard, please use [our](https://forums.percona.com) forum.\ud83d\ude4f",
            "mode": "markdown"
          },
          "pluginVersion": "9.2.20",
          "transparent": true,
          "type": "text"
        }
      ],
      "title": "\u26a0\ufe0f Disclaimer",
      "type": "row"
    },
    {
      "collapsed": false,
      "gridPos": {
        "h": 1,
        "w": 24,
        "x": 0,
        "y": 1
      },
      "id": 1030,
      "panels": [],
      "repeat": "node_name",
      "repeatDirection": "h",
      "title": "Overview - $node_name",
      "type": "row"
    },
    {
      "description": "The CPU time is measured in clock ticks or seconds. It is useful to measure CPU time as a percentage of the CPU's capacity, which is called the CPU usage.",
      "fieldConfig": {
        "defaults": {
          "color": {
            "mode": "thresholds"
          },
          "links": [],
          "mappings": [],
          "max": 100,
          "min": 0,
          "thresholds": {
            "mode": "absolute",
            "steps": [
              {
                "color": "green",
                "value": null
              },
              {
                "color": "red",
                "value": 80
              }
            ]
          },
          "unit": "percent"
        },
        "overrides": [
          {
            "matcher": {
              "id": "byName",
              "options": "Max Core Utilization"
            },
            "properties": [
              {
                "id": "color",
                "value": {
                  "fixedColor": "#bf1b00",
                  "mode": "fixed"
                }
              }
            ]
          },
          {
            "matcher": {
              "id": "byName",
              "options": "idle"
            },
            "properties": [
              {
                "id": "color",
                "value": {
                  "fixedColor": "#806EB7",
                  "mode": "fixed"
                }
              }
            ]
          },
          {
            "matcher": {
              "id": "byName",
              "options": "iowait"
            },
            "properties": [
              {
                "id": "color",
                "value": {
                  "fixedColor": "#E24D42",
                  "mode": "fixed"
                }
              }
            ]
          },
          {
            "matcher": {
              "id": "byName",
              "options": "nice"
            },
            "properties": [
              {
                "id": "color",
                "value": {
                  "fixedColor": "#1F78C1",
                  "mode": "fixed"
                }
              }
            ]
          },
          {
            "matcher": {
              "id": "byName",
              "options": "softirq"
            },
            "properties": [
              {
                "id": "color",
                "value": {
                  "fixedColor": "#FFFFFF",
                  "mode": "fixed"
                }
              }
            ]
          },
          {
            "matcher": {
              "id": "byName",
              "options": "steal"
            },
            "properties": [
              {
                "id": "color",
                "value": {
                  "fixedColor": "#8F3BB8",
                  "mode": "fixed"
                }
              }
            ]
          },
          {
            "matcher": {
              "id": "byName",
              "options": "system"
            },
            "properties": [
              {
                "id": "color",
                "value": {
                  "fixedColor": "#EAB839",
                  "mode": "fixed"
                }
              }
            ]
          },
          {
            "matcher": {
              "id": "byName",
              "options": "user"
            },
            "properties": [
              {
                "id": "color",
                "value": {
                  "fixedColor": "#508642",
                  "mode": "fixed"
                }
              }
            ]
          },
          {
            "matcher": {
              "id": "byName",
              "options": "steal"
            },
            "properties": [
              {
                "id": "color",
                "value": {
                  "fixedColor": "#FFEE52",
                  "mode": "fixed"
                }
              }
            ]
          }
        ]
      },
      "gridPos": {
        "h": 4,
        "w": 3,
        "x": 0,
        "y": 2
      },
      "id": 1071,
      "links": [],
      "options": {
        "orientation": "auto",
        "reduceOptions": {
          "calcs": [
            "lastNotNull"
          ],
          "fields": "",
          "values": false
        },
        "showThresholdLabels": false,
        "showThresholdMarkers": true
      },
      "pluginVersion": "9.2.20",
      "targets": [
        {
          "editorMode": "code",
          "expr": "100 - (avg by (node_name) (rate(node_cpu_seconds_total{node_name=~\"$node_name\",mode=\"idle\"}[1m])) * 100)",
          "format": "time_series",
          "interval": "$interval",
          "intervalFactor": 1,
          "legendFormat": "{{ mode }}",
          "range": true,
          "refId": "B"
        }
      ],
      "title": "CPU Usage",
      "type": "gauge"
    },
    {
      "description": "Estimated how much memory can be used without swapping",
      "fieldConfig": {
        "defaults": {
          "color": {
            "mode": "thresholds"
          },
          "links": [],
          "mappings": [],
          "max": 100,
          "min": 0,
          "thresholds": {
            "mode": "absolute",
            "steps": [
              {
                "color": "green",
                "value": null
              },
              {
                "color": "red",
                "value": 80
              }
            ]
          },
          "unit": "percentunit"
        },
        "overrides": []
      },
      "gridPos": {
        "h": 4,
        "w": 3,
        "x": 3,
        "y": 2
      },
      "id": 1060,
      "links": [],
      "options": {
        "orientation": "auto",
        "reduceOptions": {
          "calcs": [
            "lastNotNull"
          ],
          "fields": "",
          "values": false
        },
        "showThresholdLabels": false,
        "showThresholdMarkers": true
      },
      "pluginVersion": "9.2.20",
      "targets": [
        {
          "editorMode": "code",
          "exemplar": false,
          "expr": "1 - avg(node_memory_MemAvailable_bytes{node_name=~\"$node_name\"})/ avg(node_memory_MemTotal_bytes{node_name=~\"$node_name\"})",
          "hide": false,
          "instant": false,
          "legendFormat": "__auto",
          "range": true,
          "refId": "A"
        }
      ],
      "title": "Memory Used",
      "type": "gauge"
    },
    {
      "description": "Shows disk Utilization as a percentage of the time when there was at least one IO request in flight. It is designed to match utilization available in iostat tool. The graph augments the IO latency and Disk Load Graphs, allowing to determine if the disk load was evenly distributed in time or consuming the IO momentarily. Higher utilization increases the likeliness of IO queuing. Always consider this metric along with response time and IO queue depth.",
      "fieldConfig": {
        "defaults": {
          "color": {
            "mode": "thresholds"
          },
          "decimals": 1,
          "links": [],
          "mappings": [],
          "max": 100,
          "min": 0,
          "thresholds": {
            "mode": "absolute",
            "steps": [
              {
                "color": "green",
                "value": null
              },
              {
                "color": "red",
                "value": 80
              }
            ]
          },
          "unit": "percentunit"
        },
        "overrides": []
      },
      "gridPos": {
        "h": 4,
        "w": 3,
        "x": 6,
        "y": 2
      },
      "id": 1073,
      "links": [],
      "options": {
        "orientation": "auto",
        "reduceOptions": {
          "calcs": [
            "lastNotNull"
          ],
          "fields": "",
          "values": false
        },
        "showThresholdLabels": false,
        "showThresholdMarkers": true
      },
      "pluginVersion": "9.2.20",
      "targets": [
        {
          "editorMode": "code",
          "expr": "sum by (node_name) (rate(node_disk_io_time_seconds_total{node_name=~\"$node_name\"}[$interval]) or irate(node_disk_io_time_seconds_total{node_name=~\"$node_name\"}[5m]))",
          "interval": "$interval",
          "legendFormat": "{{ node_name }}",
          "range": true,
          "refId": "B"
        }
      ],
      "title": "Disk IO Utilization",
      "type": "gauge"
    },
    {
      "description": "Shows information about the disk space usage of the specified mountpoint.\n\n**Used** is the amount of space used.\n\n**Free** is the amount of space not in use.\n\n**Used+Free** is the total disk space allocated to the mountpoint.\n\nHaving *Free* close to 0 B is not good because of the risk to have a \u201cdisk full\u201d error that can block one of the services or even cause a crash of the entire system.\n\nIn case Free is close to 0 B consider to remove unused files or to expand the space allocated to the mountpoint.",
      "fieldConfig": {
        "defaults": {
          "color": {
            "mode": "thresholds"
          },
          "links": [],
          "mappings": [],
          "max": 100,
          "min": 0,
          "thresholds": {
            "mode": "absolute",
            "steps": [
              {
                "color": "green",
                "value": null
              },
              {
                "color": "red",
                "value": 80
              }
            ]
          },
          "unit": "percentunit"
        },
        "overrides": []
      },
      "gridPos": {
        "h": 4,
        "w": 3,
        "x": 9,
        "y": 2
      },
      "id": 1062,
      "options": {
        "orientation": "auto",
        "reduceOptions": {
          "calcs": [
            "lastNotNull"
          ],
          "fields": "",
          "values": false
        },
        "showThresholdLabels": false,
        "showThresholdMarkers": true
      },
      "pluginVersion": "9.2.20",
      "repeatDirection": "h",
      "targets": [
        {
          "editorMode": "code",
          "expr": "avg(mongodb_dbstats_fsUsedSize{service_name=~\"$service_name\"})/ avg (mongodb_dbstats_fsTotalSize{service_name=~\"$service_name\"})",
          "hide": false,
          "interval": "$interval",
          "legendFormat": "Total Size",
          "range": true,
          "refId": "A"
        },
        {
          "editorMode": "code",
          "expr": "avg(mongodb_dbstats_fsUsedSize{service_name=~\"$service_name\"})",
          "hide": true,
          "interval": "$interval",
          "legendFormat": "Usage",
          "range": true,
          "refId": "C"
        }
      ],
      "title": "Disk Space Utilization",
      "type": "gauge"
    },
    {
      "description": "Shows amount of physical IOs (reads and writes) different devices are serving. Spikes in number of IOs served often corresponds to performance problems due to IO subsystem overload.",
      "fieldConfig": {
        "defaults": {
          "color": {
            "fixedColor": "blue",
            "mode": "fixed"
          },
          "mappings": [],
          "thresholds": {
            "mode": "absolute",
            "steps": [
              {
                "color": "green",
                "value": null
              },
              {
                "color": "red",
                "value": 80
              }
            ]
          }
        },
        "overrides": []
      },
      "gridPos": {
        "h": 4,
        "w": 4,
        "x": 12,
        "y": 2
      },
      "id": 1076,
      "links": [],
      "options": {
        "colorMode": "value",
        "graphMode": "area",
        "justifyMode": "auto",
        "orientation": "auto",
        "reduceOptions": {
          "calcs": [
            "lastNotNull"
          ],
          "fields": "",
          "values": false
        },
        "textMode": "auto"
      },
      "pluginVersion": "9.2.20",
      "targets": [
        {
          "calculatedInterval": "2m",
          "datasourceErrors": {},
          "editorMode": "code",
          "errors": {},
          "expr": "avg by (node_name) (sum(\n(rate(node_disk_reads_completed_total{node_name=~\"$node_name\"}[$interval]) or \nirate(node_disk_reads_completed_total{node_name=~\"$node_name\"}[5m]))\n))",
          "format": "time_series",
          "interval": "$interval",
          "intervalFactor": 1,
          "legendFormat": "Read",
          "metric": "",
          "range": true,
          "refId": "A",
          "step": 300,
          "target": ""
        },
        {
          "calculatedInterval": "2m",
          "datasourceErrors": {},
          "editorMode": "code",
          "errors": {},
          "expr": "avg by (node_name) (sum(\n(rate(node_disk_writes_completed_total{node_name=~\"$node_name\"}[$interval]) or \nirate(node_disk_writes_completed_total{node_name=~\"$node_name\"}[5m])) \n))",
          "format": "time_series",
          "hide": false,
          "interval": "$interval",
          "intervalFactor": 1,
          "legendFormat": "Write",
          "metric": "",
          "range": true,
          "refId": "B",
          "step": 300,
          "target": ""
        }
      ],
      "title": "Disk IOPS",
      "type": "stat"
    },
    {
      "description": "Network traffic refers to the amount of data moving across a network at a given point in time.",
      "fieldConfig": {
        "defaults": {
          "color": {
            "fixedColor": "blue",
            "mode": "fixed"
          },
          "decimals": 0,
          "links": [
            {
              "targetBlank": true,
              "title": "Network Details - ${__field.labels.node_name}",
              "url": "/graph/d/node-network/network-details?var-node_name=${__field.labels.node_name}&$__url_time_range"
            }
          ],
          "mappings": [],
          "thresholds": {
            "mode": "absolute",
            "steps": [
              {
                "color": "green",
                "value": null
              }
            ]
          },
          "unit": "Bps"
        },
        "overrides": []
      },
      "gridPos": {
        "h": 4,
        "w": 4,
        "x": 16,
        "y": 2
      },
      "id": 1052,
      "links": [],
      "options": {
        "colorMode": "value",
        "graphMode": "area",
        "justifyMode": "auto",
        "orientation": "auto",
        "reduceOptions": {
          "calcs": [
            "lastNotNull"
          ],
          "fields": "",
          "values": false
        },
        "textMode": "auto"
      },
      "pluginVersion": "9.2.20",
      "targets": [
        {
          "calculatedInterval": "2s",
          "datasourceErrors": {},
          "errors": {},
          "expr": "sum by (node_name) (rate(node_network_receive_bytes_total{node_name=~\"$node_name\", device!=\"lo\"}[$interval])) or sum by (node_name) (irate(node_network_receive_bytes_total{node_name=~\"$node_name\", device!=\"lo\"}[5m])) or sum by (node_name) (max_over_time(rdsosmetrics_network_rx{node_name=~\"$node_name\"}[$interval])) or sum by (node_name) (max_over_time(rdsosmetrics_network_rx{node_name=~\"$node_name\"}[5m])) ",
          "format": "time_series",
          "interval": "$interval",
          "intervalFactor": 1,
          "legendFormat": "Inbound",
          "metric": "",
          "refId": "B",
          "step": 300,
          "target": ""
        },
        {
          "calculatedInterval": "2s",
          "datasourceErrors": {},
          "errors": {},
          "expr": "sum by (node_name) (rate(node_network_transmit_bytes_total{node_name=~\"$node_name\", device!=\"lo\"}[$interval])) or sum by (node_name) (irate(node_network_transmit_bytes_total{node_name=~\"$node_name\", device!=\"lo\"}[5m])) or\nsum by (node_name) (max_over_time(rdsosmetrics_network_tx{node_name=~\"$node_name\"}[$interval])) or sum by (node_name) (max_over_time(rdsosmetrics_network_tx{node_name=~\"$node_name\"}[5m]))",
          "format": "time_series",
          "interval": "$interval",
          "intervalFactor": 1,
          "legendFormat": "Outbound",
          "metric": "",
          "refId": "A",
          "step": 300,
          "target": ""
        }
      ],
      "title": "Network Traffic",
      "type": "stat"
    },
    {
      "description": "The parameter shows how long a system has been \u201cup\u201d and running without a shut down or restart.",
      "fieldConfig": {
        "defaults": {
          "color": {
            "mode": "thresholds"
          },
          "decimals": 2,
          "mappings": [],
          "thresholds": {
            "mode": "absolute",
            "steps": [
              {
                "color": "rgba(245, 54, 54, 0.9)",
                "value": null
              },
              {
                "color": "rgba(237, 129, 40, 0.89)",
                "value": 300
              },
              {
                "color": "rgba(50, 172, 45, 0.97)",
                "value": 3600
              }
            ]
          },
          "unit": "s"
        },
        "overrides": []
      },
      "gridPos": {
        "h": 4,
        "w": 2,
        "x": 20,
        "y": 2
      },
      "id": 321,
      "interval": "$interval",
      "links": [],
      "maxDataPoints": 100,
      "options": {
        "colorMode": "value",
        "graphMode": "none",
        "justifyMode": "auto",
        "orientation": "horizontal",
        "reduceOptions": {
          "calcs": [
            "lastNotNull"
          ],
          "fields": "",
          "values": false
        },
        "text": {
          "valueSize": 20
        },
        "textMode": "auto"
      },
      "pluginVersion": "9.2.20",
      "targets": [
        {
          "calculatedInterval": "10m",
          "datasourceErrors": {},
          "errors": {},
          "exemplar": true,
          "expr": "avg by (node_name)  (time() - container_start_time_seconds{node_name=~\"$node_name\",id=~\"/kubepods.*\",container!~\"POD|pmm-client|\"}) or avg by (node_name) ((node_time_seconds{node_name=~\"$node_name\"} - node_boot_time_seconds{node_name=~\"$node_name\"}) or (time() - node_boot_time_seconds{node_name=~\"$node_name\"}))",
          "format": "time_series",
          "hide": false,
          "interval": "5m",
          "intervalFactor": 1,
          "legendFormat": "",
          "metric": "",
          "refId": "A",
          "step": 300
        }
      ],
      "title": "Uptime",
      "type": "stat"
    },
    {
      "description": "",
      "fieldConfig": {
        "defaults": {
          "color": {
            "mode": "thresholds"
          },
          "mappings": [],
          "thresholds": {
            "mode": "absolute",
            "steps": [
              {
                "color": "green",
                "value": null
              }
            ]
          },
          "unit": "string"
        },
        "overrides": []
      },
      "gridPos": {
        "h": 4,
        "w": 2,
        "x": 22,
        "y": 2
      },
      "id": 1039,
      "interval": "$interval",
      "links": [],
      "maxDataPoints": 100,
      "options": {
        "colorMode": "none",
        "graphMode": "none",
        "justifyMode": "auto",
        "orientation": "horizontal",
        "reduceOptions": {
          "calcs": [
            "lastNotNull"
          ],
          "fields": "/^mongodb$/",
          "values": false
        },
        "text": {
          "valueSize": 20
        },
        "textMode": "auto"
      },
      "pluginVersion": "9.2.20",
      "targets": [
        {
          "calculatedInterval": "10m",
          "datasourceErrors": {},
          "editorMode": "code",
          "errors": {},
          "exemplar": false,
          "expr": "avg by (service_name,mongodb) (mongodb_version_info{service_name=~\"$service_name\"})",
          "format": "table",
          "hide": false,
          "instant": true,
          "interval": "5m",
          "intervalFactor": 1,
          "legendFormat": "{{mongodb}}",
          "metric": "",
          "range": false,
          "refId": "A",
          "step": 300
        }
      ],
      "title": "Version",
      "type": "stat"
    },
    {
      "collapsed": false,
      "gridPos": {
        "h": 1,
        "w": 24,
        "x": 0,
        "y": 11
      },
      "id": 1172,
      "panels": [],
      "title": "Node States",
      "type": "row"
    },
    {
      "description": "",
      "fieldConfig": {
        "defaults": {
          "color": {
            "mode": "palette-classic"
          },
          "custom": {
            "fillOpacity": 100,
            "lineWidth": 0,
            "spanNulls": false
          },
          "mappings": [
            {
              "options": {
                "0": {
                  "color": "#F2495C",
                  "index": 1,
                  "text": "DOWN"
                },
                "1": {
                  "color": "rgb(107, 152, 102)",
                  "index": 2,
                  "text": "UP"
                }
              },
              "type": "value"
            },
            {
              "options": {
                "result": {
                  "index": 0,
                  "text": "N/A"
                }
              },
              "type": "range"
            }
          ],
          "thresholds": {
            "mode": "absolute",
            "steps": [
              {
                "color": "green",
                "value": null
              },
              {
                "color": "red",
                "value": 80
              }
            ]
          },
          "unit": "short"
        },
        "overrides": []
      },
      "gridPos": {
        "h": 6,
        "w": 24,
        "x": 0,
        "y": 12
      },
      "id": 1174,
      "options": {
        "alignValue": "center",
        "legend": {
          "displayMode": "list",
          "placement": "bottom",
          "showLegend": true
        },
        "mergeValues": true,
        "rowHeight": 0.9,
        "showValue": "auto",
        "tooltip": {
          "mode": "single",
          "sort": "none"
        }
      },
      "targets": [
        {
          "editorMode": "code",
          "expr": "max by (service_name) (mongodb_up{environment=~\"$environment\", cluster=~\"$cluster\", service_name=~\"$service_name\"})",
          "interval": "$interval",
          "legendFormat": "{{service_name}}",
          "range": true,
          "refId": "A"
        }
      ],
      "title": "$service_name states",
      "type": "state-timeline"
    },
    {
      "collapsed": false,
      "gridPos": {
        "h": 1,
        "w": 24,
        "x": 0,
        "y": 18
      },
      "id": 1170,
      "panels": [],
      "title": "Details",
      "type": "row"
    },
    {
      "aliasColors": {},
      "bars": false,
      "dashLength": 10,
      "dashes": false,
      "decimals": 2,
      "description": "Ops or Replicated Ops/sec classified by legacy wire protocol type (query, insert, update, delete, getmore). And (from the internal TTL threads) the docs deletes/sec by TTL indexes.",
      "editable": true,
      "error": false,
      "fieldConfig": {
        "defaults": {
          "links": []
        },
        "overrides": []
      },
      "fill": 2,
      "fillGradient": 0,
      "grid": {
        "leftLogBase": 1,
        "leftMin": 0,
        "rightLogBase": 1
      },
      "gridPos": {
        "h": 7,
        "w": 12,
        "x": 0,
        "y": 19
      },
      "hiddenSeries": false,
      "id": 15,
      "legend": {
        "alignAsTable": true,
        "avg": true,
        "current": false,
        "hideZero": false,
        "max": true,
        "min": true,
        "rightSide": false,
        "show": true,
        "sort": "avg",
        "sortDesc": true,
        "total": false,
        "values": true
      },
      "lines": true,
      "linewidth": 2,
      "links": [],
      "nullPointMode": "null",
      "options": {
        "alertThreshold": true
      },
      "paceLength": 10,
      "percentage": false,
      "pluginVersion": "9.2.20",
      "pointradius": 5,
      "points": false,
      "renderer": "flot",
      "seriesOverrides": [
        {
          "alias": "/repl.*/",
          "yaxis": 2
        }
      ],
      "spaceLength": 10,
      "stack": false,
      "steppedLine": false,
      "targets": [
        {
          "editorMode": "code",
          "expr": "avg by (service_name, legacy_op_type) (rate(mongodb_ss_opcountersRepl{service_name=~\"$service_name\", legacy_op_type!~\"(command|query|getmore)\"}[$interval]))",
          "format": "time_series",
          "hide": false,
          "interval": "$interval",
          "intervalFactor": 1,
          "legendFormat": "repl_{{legacy_op_type}} - {{ service_name }}",
          "range": true,
          "refId": "A",
          "step": 300
        },
        {
          "editorMode": "code",
          "expr": "avg by (service_name) (rate(mongodb_ss_metrics_ttl_deletedDocuments{service_name=~\"$service_name\"}[$interval]))",
          "format": "time_series",
          "hide": false,
          "interval": "$interval",
          "intervalFactor": 1,
          "legendFormat": "ttl_delete - {{ service_name }}",
          "range": true,
          "refId": "B",
          "step": 300
        },
        {
          "editorMode": "code",
          "expr": "avg by (service_name, legacy_op_type) (rate(mongodb_ss_opcounters{service_name=~\"$service_name\", legacy_op_type!=\"command\"}[$interval]))",
          "format": "time_series",
          "hide": false,
          "interval": "$interval",
          "intervalFactor": 1,
          "legendFormat": "{{legacy_op_type}} - {{ service_name }}",
          "range": true,
          "refId": "C",
          "step": 300
        }
      ],
      "thresholds": [],
      "timeRegions": [],
      "title": "Command Operations",
      "tooltip": {
        "msResolution": false,
        "shared": true,
        "sort": 2,
        "value_type": "individual"
      },
      "type": "graph",
      "x-axis": true,
      "xaxis": {
        "mode": "time",
        "show": true,
        "values": []
      },
      "y-axis": true,
      "y_formats": [
        "short",
        "short"
      ],
      "yaxes": [
        {
          "decimals": 2,
          "format": "ops",
          "label": "",
          "logBase": 1,
          "min": 0,
          "show": true
        },
        {
          "decimals": 2,
          "format": "ops",
          "label": "",
          "logBase": 1,
          "min": "0",
          "show": true
        }
      ],
      "yaxis": {
        "align": false
      }
    },
    {
      "aliasColors": {},
      "bars": false,
      "dashLength": 10,
      "dashes": false,
      "description": "MongoDB Connections",
      "fieldConfig": {
        "defaults": {
          "links": [],
          "unit": "none"
        },
        "overrides": []
      },
      "fill": 1,
      "fillGradient": 0,
      "gridPos": {
        "h": 7,
        "w": 12,
        "x": 12,
        "y": 19
      },
      "hiddenSeries": false,
      "id": 1074,
      "legend": {
        "alignAsTable": true,
        "avg": true,
        "current": false,
        "max": true,
        "min": true,
        "show": true,
        "sort": "avg",
        "sortDesc": true,
        "total": false,
        "values": true
      },
      "lines": true,
      "linewidth": 1,
      "links": [],
      "nullPointMode": "null",
      "options": {
        "alertThreshold": true,
        "legend": {
          "calcs": [],
          "displayMode": "list",
          "placement": "bottom",
          "showLegend": true
        },
        "tooltip": {
          "mode": "single",
          "sort": "none"
        }
      },
      "percentage": false,
      "pluginVersion": "9.2.20",
      "pointradius": 2,
      "points": false,
      "renderer": "flot",
      "seriesOverrides": [],
      "spaceLength": 10,
      "stack": false,
      "steppedLine": false,
      "targets": [
        {
          "editorMode": "code",
          "expr": "mongodb_ss_connections{service_name=~\"$service_name\",conn_type=~\"current\"}",
          "format": "time_series",
          "hide": false,
          "interval": "$interval",
          "intervalFactor": 1,
          "legendFormat": " Current - {{ service_name}}",
          "range": true,
          "refId": "J",
          "step": 300
        },
        {
          "editorMode": "code",
          "expr": "mongodb_ss_connections{service_name=~\"$service_name\",conn_type=~\"available\"}",
          "format": "time_series",
          "hide": false,
          "interval": "$interval",
          "intervalFactor": 1,
          "legendFormat": " Available - {{ service_name}}",
          "range": true,
          "refId": "A",
          "step": 300
        }
      ],
      "thresholds": [],
      "timeRegions": [],
      "title": "Connections",
      "tooltip": {
        "shared": true,
        "sort": 0,
        "value_type": "individual"
      },
      "type": "graph",
      "xaxis": {
        "mode": "time",
        "show": true,
        "values": []
      },
      "yaxes": [
        {
          "format": "none",
          "logBase": 1,
          "show": true
        },
        {
          "format": "short",
          "logBase": 1,
          "show": true
        }
      ],
      "yaxis": {
        "align": false
      }
    },
    {
      "aliasColors": {},
      "bars": false,
      "dashLength": 10,
      "dashes": false,
      "decimals": 2,
      "description": "Average latency of operations (classified by read, write, or (other) command)",
      "fieldConfig": {
        "defaults": {
          "links": []
        },
        "overrides": []
      },
      "fill": 2,
      "fillGradient": 0,
      "gridPos": {
        "h": 8,
        "w": 12,
        "x": 0,
        "y": 26
      },
      "hiddenSeries": false,
      "id": 1064,
      "legend": {
        "alignAsTable": true,
        "avg": true,
        "current": false,
        "max": true,
        "min": true,
        "rightSide": false,
        "show": true,
        "sort": "avg",
        "sortDesc": false,
        "total": false,
        "values": true
      },
      "lines": true,
      "linewidth": 2,
      "nullPointMode": "null",
      "options": {
        "alertThreshold": true
      },
      "percentage": false,
      "pluginVersion": "9.2.20",
      "pointradius": 2,
      "points": false,
      "renderer": "flot",
      "seriesOverrides": [],
      "spaceLength": 10,
      "stack": false,
      "steppedLine": false,
      "targets": [
        {
          "editorMode": "code",
          "expr": "avg by (service_name,op_type) (rate(mongodb_ss_opLatencies_latency{service_name=~\"$service_name\"}[$interval]) / (rate(mongodb_ss_opLatencies_ops{service_name=~\"$service_name\"}[$interval]) > 0) or irate(mongodb_ss_opLatencies_latency{service_name=~\"$service_name\"}[5m]) / (irate(mongodb_ss_opLatencies_ops{service_name=~\"$service_name\"}[5m]) > 0))",
          "interval": "$interval",
          "legendFormat": "{{op_type}} - {{ service_name }}",
          "range": true,
          "refId": "A"
        }
      ],
      "thresholds": [],
      "timeRegions": [],
      "title": "Query execution times",
      "tooltip": {
        "shared": true,
        "sort": 2,
        "value_type": "individual"
      },
      "type": "graph",
      "xaxis": {
        "mode": "time",
        "show": true,
        "values": []
      },
      "yaxes": [
        {
          "decimals": 2,
          "format": "\u00b5s",
          "logBase": 1,
          "min": "0",
          "show": true
        },
        {
          "format": "short",
          "logBase": 1,
          "show": false
        }
      ],
      "yaxis": {
        "align": false
      }
    },
    {
      "aliasColors": {},
      "bars": false,
      "dashLength": 10,
      "dashes": false,
      "decimals": 2,
      "description": "Ratio of Documents (or Index entries) scanned / documents returned. A value of 1 means all documents returned exactly match query criteria for the sample period. A value of 100 means on average for the sample period, a query scans 100 documents to find one that is returned.",
      "editable": true,
      "error": false,
      "fieldConfig": {
        "defaults": {
          "links": []
        },
        "overrides": []
      },
      "fill": 2,
      "fillGradient": 0,
      "grid": {
        "leftLogBase": 1,
        "leftMin": 0,
        "rightLogBase": 1
      },
      "gridPos": {
        "h": 8,
        "w": 12,
        "x": 12,
        "y": 26
      },
      "height": "250px",
      "hiddenSeries": false,
      "id": 1066,
      "legend": {
        "alignAsTable": true,
        "avg": true,
        "current": false,
        "hideZero": false,
        "max": true,
        "min": true,
        "show": true,
        "sort": "avg",
        "sortDesc": true,
        "total": false,
        "values": true
      },
      "lines": true,
      "linewidth": 2,
      "links": [],
      "nullPointMode": "null",
      "options": {
        "alertThreshold": true
      },
      "paceLength": 10,
      "percentage": false,
      "pluginVersion": "9.2.20",
      "pointradius": 5,
      "points": false,
      "renderer": "flot",
      "seriesOverrides": [],
      "spaceLength": 10,
      "stack": false,
      "steppedLine": false,
      "targets": [
        {
          "editorMode": "code",
          "expr": "(sum by (service_name)(rate(mongodb_mongod_metrics_query_executor_total{service_name=~\"$service_name\", state=\"scanned_objects\"}[$interval])) /\nsum(rate(mongodb_mongod_metrics_document_total{service_name=~\"$service_name\", state=\"returned\"}[$interval]))\nor\nsum by (service_name)(irate(mongodb_mongod_metrics_query_executor_total{service_name=~\"$service_name\", state=\"scanned_objects\"}[5m])) /\nsum(irate(mongodb_mongod_metrics_document_total{service_name=~\"$service_name\", state=\"returned\"}[5m])))",
          "format": "time_series",
          "hide": false,
          "interval": "$interval",
          "intervalFactor": 1,
          "legendFormat": "Scanned objects / returned - {{ service_name }}",
          "range": true,
          "refId": "J",
          "step": 300
        },
        {
          "editorMode": "code",
          "expr": "(sum by (service_name)(rate(mongodb_mongod_metrics_query_executor_total{service_name=~\"$service_name\", state=\"scanned\"}[$interval])) /\nsum(rate(mongodb_mongod_metrics_document_total{service_name=~\"$service_name\", state=\"returned\"}[$interval]))\nor\nsum by (service_name)(irate(mongodb_mongod_metrics_query_executor_total{service_name=~\"$service_name\", state=\"scanned\"}[5m])) /\nsum(irate(mongodb_mongod_metrics_document_total{service_name=~\"$service_name\", state=\"returned\"}[5m])))",
          "format": "time_series",
          "hide": false,
          "interval": "$interval",
          "intervalFactor": 1,
          "legendFormat": "Scanned idx / returned - {{ service_name }}",
          "range": true,
          "refId": "A",
          "step": 300
        },
        {
          "editorMode": "code",
          "expr": "avg by (service_name,type) (rate(mongodb_mongod_op_latencies_latency_total{service_name=~\"$service_name\"}[$interval]) / (rate(mongodb_mongod_op_latencies_ops_total{service_name=~\"$service_name\"}[$interval]) > 0) or irate(mongodb_mongod_op_latencies_latency_total{service_name=~\"$service_name\"}[5m]) / (irate(mongodb_mongod_op_latencies_ops_total{service_name=~\"$service_name\"}[5m]) > 0))",
          "hide": false,
          "legendFormat": "{{type}} - {{ service_name}}",
          "range": true,
          "refId": "B"
        }
      ],
      "thresholds": [],
      "timeRegions": [],
      "title": "Query Efficiency",
      "tooltip": {
        "msResolution": false,
        "shared": true,
        "sort": "none",
        "value_type": "cumulative"
      },
      "type": "graph",
      "x-axis": true,
      "xaxis": {
        "mode": "time",
        "show": true,
        "values": []
      },
      "y-axis": true,
      "y_formats": [
        "",
        ""
      ],
      "yaxes": [
        {
          "decimals": 2,
          "format": "",
          "label": "",
          "logBase": 1,
          "min": 0,
          "show": true
        },
        {
          "format": "",
          "logBase": 1,
          "show": false
        }
      ],
      "yaxis": {
        "align": false
      }
    }
  ],
  "refresh": false,
  "schemaVersion": 37,
  "style": "dark",
  "tags": [
    "Experimental",
    "MongoDB_HA",
    "Percona"
  ],
  "templating": {
    "list": [
      {
        "allFormat": "glob",
        "auto": true,
        "auto_count": 200,
        "auto_min": "1s",
        "current": {
          "selected": false,
          "text": "auto",
          "value": "$__auto_interval_interval"
        },
        "datasource": "Metrics",
        "hide": 0,
        "includeAll": false,
        "label": "Interval",
        "multi": false,
        "multiFormat": "glob",
        "name": "interval",
        "options": [
          {
            "selected": true,
            "text": "auto",
            "value": "$__auto_interval_interval"
          },
          {
            "selected": false,
            "text": "1s",
            "value": "1s"
          },
          {
            "selected": false,
            "text": "5s",
            "value": "5s"
          },
          {
            "selected": false,
            "text": "1m",
            "value": "1m"
          },
          {
            "selected": false,
            "text": "5m",
            "value": "5m"
          },
          {
            "selected": false,
            "text": "1h",
            "value": "1h"
          },
          {
            "selected": false,
            "text": "6h",
            "value": "6h"
          },
          {
            "selected": false,
            "text": "1d",
            "value": "1d"
          }
        ],
        "query": "1s,5s,1m,5m,1h,6h,1d",
        "queryValue": "",
        "refresh": 2,
        "skipUrlSync": false,
        "type": "interval"
      },
      {
        "allValue": ".*",
        "current": {
          "isNone": true,
          "selected": false,
          "text": "",
          "value": ""
        },
        "definition": "label_values({__name__=~\"pg_up|mysql_up|mongodb_up|proxysql_mysql_status_active_transactions\"}, environment)",
        "hide": 0,
        "includeAll": false,
        "label": "Environment",
        "multi": false,
        "name": "environment",
        "options": [],
        "query": {
          "query": "label_values({__name__=~\"pg_up|mysql_up|mongodb_up|proxysql_mysql_status_active_transactions\"}, environment)",
          "refId": "Metrics-environment-Variable-Query"
        },
        "refresh": 2,
        "regex": "",
        "skipUrlSync": false,
        "sort": 5,
        "tagValuesQuery": "",
        "tagsQuery": "",
        "type": "query",
        "useTags": false
      },
      {
        "allFormat": "blob",
        "allValue": ".*",
        "current": {
          "selected": false,
          "text": "",
          "value": ""
        },
        "definition": "label_values(mongodb_mongod_replset_my_state{environment=~\"$environment\"},cluster)",
        "hide": 0,
        "includeAll": false,
        "label": "Cluster",
        "multi": false,
        "multiFormat": "glob",
        "name": "cluster",
        "options": [],
        "query": {
          "query": "label_values(mongodb_mongod_replset_my_state{environment=~\"$environment\"},cluster)",
          "refId": "StandardVariableQuery"
        },
        "refresh": 2,
        "regex": "",
        "skipUrlSync": false,
        "sort": 5,
        "type": "query",
        "useTags": false
      },
      {
        "current": {
          "selected": true,
          "text": [
            "All"
          ],
          "value": [
            "$__all"
          ]
        },
        "definition": "label_values(mongodb_mongos_sharding_shards_total{environment=~\"$environment\",cluster=~\"$cluster\",service_name=~\"$service_name\"}, node_name)",
        "hide": 2,
        "includeAll": true,
        "label": "",
        "multi": true,
        "name": "node_name",
        "options": [],
        "query": {
          "query": "label_values(mongodb_mongos_sharding_shards_total{environment=~\"$environment\",cluster=~\"$cluster\",service_name=~\"$service_name\"}, node_name)",
          "refId": "StandardVariableQuery"
        },
        "refresh": 2,
        "regex": "",
        "skipUrlSync": false,
        "sort": 1,
        "type": "query"
      },
      {
        "allFormat": "glob",
        "current": {
          "selected": false,
          "text": "All",
          "value": "$__all"
        },
        "definition": "label_values(mongodb_mongos_sharding_shards_total{environment=~\"$environment\",cluster=~\"$cluster\"}, service_name)",
        "hide": 0,
        "includeAll": true,
        "label": "Router",
        "multi": true,
        "multiFormat": "glob",
        "name": "service_name",
        "options": [],
        "query": {
          "query": "label_values(mongodb_mongos_sharding_shards_total{environment=~\"$environment\",cluster=~\"$cluster\"}, service_name)",
          "refId": "StandardVariableQuery"
        },
        "refresh": 2,
        "regex": "",
        "skipUrlSync": false,
        "sort": 5,
        "tagsQuery": "",
        "type": "query",
        "useTags": false
      }
    ]
  },
  "time": {
    "from": "now-12h",
    "to": "now"
  },
  "timepicker": {
    "hidden": false,
    "now": true,
    "refresh_intervals": [
      "1s",
      "5s",
      "1m",
      "5m",
      "1h",
      "6h",
      "1d"
    ],
    "time_options": [
      "5m",
      "15m",
      "1h",
      "6h",
      "12h",
      "24h",
      "2d",
      "7d",
      "30d"
    ]
  },
  "timezone": "browser",
  "title": "MongoDB Router Summary",
  "uid": "mongodb-router-summary",
  "version": 1,
  "weekStart": ""
}
