{
  "type": "panel",
  "name": "Diagram",
  "id": "jdbranham-diagram-panel",
  "info": {
    "description": "Display diagrams and charts with colored metric indicators",
    "author": {
      "name": "Jeremy Branham",
      "url": "https://savantly.net"
    },
    "keywords": [
      "diagram",
      "chart",
      "flow",
      "gantt"
    ],
    "logos": {
      "small": "img/logo.svg",
      "large": "img/logo.svg"
    },
    "links": [
      {"name": "Project site", "url": "https://github.com/jdbranham/grafana-diagram"},
      {"name": "Apache License", "url": "https://github.com/jdbranham/grafana-diagram/blob/master/LICENSE"}
    ],
    "screenshots": [
      {
        "name": "diagram",
        "path": "img/default.png"
      },
      {
        "name": "simple",
        "path": "img/simple.png"
      },
      {
        "name": "field options",
        "path": "img/field_options.png"
      },
      {
        "name": "field override",
        "path": "img/field_overrides.png"
      },
      {
        "name": "composites",
        "path": "img/composites.png"
      },
      {
        "name": "dark",
        "path": "img/theme_dark.png"
      },
      {
        "name": "custom",
        "path": "img/theme_custom.png"
      }
    ],
    "version": "1.7.3",
    "updated": "2021-06-05"
  },
  "dependencies": {
    "grafanaDependency": ">=7.4",
    "plugins": []
  }
}