{
  "id": 1,
  "title": "Docker System Overview",
  "originalTitle": "Docker System Overview",
  "tags": [],
  "style": "dark",
  "timezone": "browser",
  "editable": true,
  "hideControls": false,
  "sharedCrosshair": false,
  "rows": [
    {
      "collapse": false,
      "editable": true,
      "height": "100px",
      "panels": [
        {
          "title": "Containers Observed",
          "error": false,
          "span": 2,
          "editable": true,
          "type": "singlestat",
          "isNew": true,
          "id": 19,
          "links": [],
          "datasource": null,
          "maxDataPoints": 100,
          "interval": null,
          "targets": [
            {
              "refId": "A",
              "expr": "count(container_last_seen{name != \"\"})",
              "intervalFactor": 2,
              "step": 120
            }
          ],
          "cacheTimeout": null,
          "format": "none",
          "prefix": "",
          "postfix": "",
          "nullText": null,
          "valueMaps": [
            {
              "value": "null",
              "op": "=",
              "text": "N/A"
            }
          ],
          "nullPointMode": "connected",
          "valueName": "avg",
          "prefixFontSize": "50%",
          "valueFontSize": "80%",
          "postfixFontSize": "50%",
          "thresholds": "",
          "colorBackground": false,
          "colorValue": false,
          "colors": [
            "rgba(245, 54, 54, 0.9)",
            "rgba(237, 129, 40, 0.89)",
            "rgba(50, 172, 45, 0.97)"
          ],
          "sparkline": {
            "show": false,
            "full": false,
            "lineColor": "rgb(31, 120, 193)",
            "fillColor": "rgba(31, 118, 189, 0.18)"
          }
        },
        {
          "cacheTimeout": null,
          "colorBackground": false,
          "colorValue": false,
          "colors": [
            "rgba(245, 54, 54, 0.9)",
            "rgba(237, 129, 40, 0.89)",
            "rgba(50, 172, 45, 0.97)"
          ],
          "datasource": null,
          "editable": true,
          "error": false,
          "format": "none",
          "id": 1,
          "interval": null,
          "isNew": true,
          "links": [],
          "maxDataPoints": 100,
          "nullPointMode": "connected",
          "nullText": null,
          "postfix": "",
          "postfixFontSize": "50%",
          "prefix": "",
          "prefixFontSize": "50%",
          "span": 2,
          "sparkline": {
            "fillColor": "rgba(31, 118, 189, 0.18)",
            "full": false,
            "lineColor": "rgb(31, 120, 193)",
            "show": false
          },
          "targets": [
            {
              "expr": "count(container_last_seen{name != \"\"})",
              "hide": false,
              "intervalFactor": 2,
              "legendFormat": "",
              "metric": "container_last_seen",
              "refId": "A",
              "step": 2
            }
          ],
          "thresholds": "",
          "title": "Containers Running (Last 30s)",
          "type": "singlestat",
          "valueFontSize": "80%",
          "valueMaps": [
            {
              "op": "=",
              "text": "N/A",
              "value": "null"
            }
          ],
          "valueName": "avg",
          "timeFrom": "30s",
          "timeShift": null,
          "hideTimeOverride": true
        },
        {
          "cacheTimeout": null,
          "colorBackground": false,
          "colorValue": true,
          "colors": [
            "rgba(50, 172, 45, 0.97)",
            "rgba(237, 129, 40, 0.89)",
            "rgba(245, 54, 54, 0.9)"
          ],
          "datasource": null,
          "editable": true,
          "error": false,
          "format": "percent",
          "id": 8,
          "interval": null,
          "isNew": true,
          "links": [],
          "maxDataPoints": 100,
          "nullPointMode": "connected",
          "nullText": null,
          "postfix": "",
          "postfixFontSize": "50%",
          "prefix": "",
          "prefixFontSize": "50%",
          "span": 2,
          "sparkline": {
            "fillColor": "rgba(31, 118, 189, 0.18)",
            "full": false,
            "lineColor": "rgb(31, 120, 193)",
            "show": false
          },
          "targets": [
            {
              "expr": "(sum(rate(container_cpu_usage_seconds_total{name != \"\"}[5m]))/sum(machine_cpu_cores))*100",
              "hide": false,
              "intervalFactor": 1,
              "legendFormat": "",
              "metric": "machine_cpu_cores",
              "refId": "A",
              "step": 1
            }
          ],
          "thresholds": "0,60,80",
          "timeFrom": "30s",
          "timeShift": null,
          "title": "CPU Usage (Last 30s)",
          "type": "singlestat",
          "valueFontSize": "80%",
          "valueMaps": [
            {
              "op": "=",
              "text": "N/A",
              "value": "null"
            }
          ],
          "valueName": "avg",
          "hideTimeOverride": true
        },
        {
          "cacheTimeout": null,
          "colorBackground": false,
          "colorValue": true,
          "colors": [
            "rgba(50, 172, 45, 0.97)",
            "rgba(237, 129, 40, 0.89)",
            "rgba(245, 54, 54, 0.9)"
          ],
          "datasource": null,
          "editable": true,
          "error": false,
          "format": "percent",
          "id": 6,
          "interval": null,
          "isNew": true,
          "links": [],
          "maxDataPoints": 100,
          "nullPointMode": "connected",
          "nullText": null,
          "postfix": "",
          "postfixFontSize": "50%",
          "prefix": "",
          "prefixFontSize": "50%",
          "span": 2,
          "sparkline": {
            "fillColor": "rgba(31, 118, 189, 0.18)",
            "full": false,
            "lineColor": "rgb(31, 120, 193)",
            "show": false
          },
          "targets": [
            {
              "expr": "(sum(container_memory_usage_bytes{name = \"\"}/1024/1024) /  sum(machine_memory_bytes/1024/1024 )) * 100",
              "hide": false,
              "interval": "",
              "intervalFactor": 2,
              "legendFormat": "",
              "metric": "machine_memory_bytes",
              "refId": "A",
              "step": 2
            }
          ],
          "thresholds": "0,75,90",
          "timeFrom": "30s",
          "timeShift": null,
          "title": "Memory Usage (Last 30s)",
          "type": "singlestat",
          "valueFontSize": "80%",
          "valueMaps": [
            {
              "op": "=",
              "text": "N/A",
              "value": "null"
            }
          ],
          "valueName": "avg",
          "hideTimeOverride": true
        },
        {
          "cacheTimeout": null,
          "colorBackground": false,
          "colorValue": true,
          "colors": [
            "rgba(50, 172, 45, 0.97)",
            "rgba(237, 129, 40, 0.89)",
            "rgba(245, 54, 54, 0.9)"
          ],
          "datasource": null,
          "editable": true,
          "error": false,
          "format": "percent",
          "id": 7,
          "interval": null,
          "isNew": true,
          "links": [],
          "maxDataPoints": 100,
          "nullPointMode": "connected",
          "nullText": null,
          "postfix": "",
          "postfixFontSize": "50%",
          "prefix": "",
          "prefixFontSize": "50%",
          "span": 2,
          "sparkline": {
            "fillColor": "rgba(31, 118, 189, 0.18)",
            "full": false,
            "lineColor": "rgb(31, 120, 193)",
            "show": false
          },
          "targets": [
            {
              "expr": "(SUM(container_fs_usage_bytes/1024/1024/1024)/SUM(container_fs_limit_bytes/1024/1024/1024))*100",
              "intervalFactor": 2,
              "legendFormat": "",
              "metric": "",
              "refId": "A",
              "step": 2
            }
          ],
          "thresholds": "0,80,90",
          "timeFrom": "30s",
          "title": "Filesystem Usage (Last 30s)",
          "type": "singlestat",
          "valueFontSize": "80%",
          "valueMaps": [
            {
              "op": "=",
              "text": "N/A",
              "value": "null"
            }
          ],
          "valueName": "avg",
          "hideTimeOverride": true
        },
        {
          "title": "Average Container Lifespan",
          "error": false,
          "span": 2,
          "editable": true,
          "type": "singlestat",
          "isNew": true,
          "id": 20,
          "links": [],
          "datasource": null,
          "maxDataPoints": 100,
          "interval": null,
          "targets": [
            {
              "refId": "A",
              "expr": "avg(container_last_seen{name != \"\"}) - avg(container_start_time_seconds{name != \"\"})",
              "intervalFactor": 2,
              "metric": "container_s",
              "step": 120,
              "legendFormat": ""
            }
          ],
          "cacheTimeout": null,
          "format": "s",
          "prefix": "",
          "postfix": "",
          "nullText": null,
          "valueMaps": [
            {
              "value": "null",
              "op": "=",
              "text": "N/A"
            }
          ],
          "nullPointMode": "connected",
          "valueName": "avg",
          "prefixFontSize": "50%",
          "valueFontSize": "80%",
          "postfixFontSize": "50%",
          "thresholds": "",
          "colorBackground": false,
          "colorValue": false,
          "colors": [
            "rgba(245, 54, 54, 0.9)",
            "rgba(237, 129, 40, 0.89)",
            "rgba(50, 172, 45, 0.97)"
          ],
          "sparkline": {
            "show": false,
            "full": false,
            "lineColor": "rgb(31, 120, 193)",
            "fillColor": "rgba(31, 118, 189, 0.18)"
          }
        }
      ],
      "showTitle": true,
      "title": "Overview"
    },
    {
      "collapse": false,
      "editable": true,
      "height": "250px",
      "panels": [
        {
          "aliasColors": {},
          "bars": false,
          "datasource": null,
          "editable": true,
          "error": false,
          "fill": 1,
          "grid": {
            "leftLogBase": 1,
            "leftMax": null,
            "leftMin": null,
            "rightLogBase": 1,
            "rightMax": null,
            "rightMin": null,
            "threshold1": null,
            "threshold1Color": "rgba(216, 200, 27, 0.27)",
            "threshold2": null,
            "threshold2Color": "rgba(234, 112, 112, 0.22)"
          },
          "id": 4,
          "isNew": true,
          "leftYAxisLabel": "Cores",
          "legend": {
            "avg": false,
            "current": false,
            "max": false,
            "min": false,
            "show": true,
            "total": false,
            "values": false
          },
          "lines": true,
          "linewidth": 2,
          "links": [],
          "nullPointMode": "connected",
          "percentage": false,
          "pointradius": 5,
          "points": false,
          "renderer": "flot",
          "seriesOverrides": [],
          "span": 6,
          "stack": true,
          "steppedLine": false,
          "targets": [
            {
              "expr": "sum(rate(container_cpu_system_seconds_total{name != \"\"}[5m]))",
              "intervalFactor": 1,
              "legendFormat": "Kernel",
              "metric": "",
              "refId": "A",
              "step": 11
            },
            {
              "expr": "sum(rate(container_cpu_user_seconds_total{name != \"\"}[5m])) ",
              "hide": false,
              "intervalFactor": 1,
              "legendFormat": "User",
              "metric": "",
              "refId": "B",
              "step": 11
            },
            {
              "expr": "sum(rate(container_cpu_usage_seconds_total{name != \"\"}[5m])) - sum(rate(container_cpu_system_seconds_total{name != \"\"}[5m])) - sum(rate(container_cpu_user_seconds_total{name != \"\"}[5m])) ",
              "interval": "",
              "intervalFactor": 1,
              "legendFormat": "Total",
              "metric": "container_cpu_usage_seconds_total",
              "refId": "C",
              "step": 11
            }
          ],
          "timeFrom": null,
          "timeShift": null,
          "title": "CPU Usage",
          "tooltip": {
            "shared": true,
            "value_type": "cumulative"
          },
          "type": "graph",
          "x-axis": true,
          "y-axis": true,
          "y_formats": [
            "short",
            "short"
          ]
        },
        {
          "aliasColors": {},
          "bars": false,
          "datasource": null,
          "editable": true,
          "error": false,
          "fill": 1,
          "grid": {
            "leftLogBase": 1,
            "leftMax": null,
            "leftMin": null,
            "rightLogBase": 1,
            "rightMax": null,
            "rightMin": null,
            "threshold1": null,
            "threshold1Color": "rgba(216, 200, 27, 0.27)",
            "threshold2": null,
            "threshold2Color": "rgba(234, 112, 112, 0.22)"
          },
          "id": 9,
          "isNew": true,
          "leftYAxisLabel": "Cores",
          "legend": {
            "avg": false,
            "current": false,
            "max": false,
            "min": false,
            "show": true,
            "total": false,
            "values": false
          },
          "lines": true,
          "linewidth": 2,
          "links": [],
          "nullPointMode": "connected",
          "percentage": false,
          "pointradius": 5,
          "points": false,
          "renderer": "flot",
          "seriesOverrides": [],
          "span": 6,
          "stack": true,
          "steppedLine": false,
          "targets": [
            {
              "expr": "topk(10, rate(container_cpu_usage_seconds_total{name != \"\"}[5m]))",
              "intervalFactor": 2,
              "legendFormat": "{{ name }}",
              "metric": "container_cpu_usage_seconds_total",
              "refId": "A",
              "step": 21
            }
          ],
          "timeFrom": null,
          "timeShift": null,
          "title": "CPU Usage by Container (Top 10)",
          "tooltip": {
            "shared": true,
            "value_type": "cumulative"
          },
          "type": "graph",
          "x-axis": true,
          "y-axis": true,
          "y_formats": [
            "short",
            "short"
          ]
        }
      ],
      "showTitle": true,
      "title": "CPU"
    },
    {
      "collapse": false,
      "editable": true,
      "height": "250px",
      "panels": [
        {
          "aliasColors": {},
          "bars": false,
          "datasource": null,
          "editable": true,
          "error": false,
          "fill": 1,
          "grid": {
            "leftLogBase": 1,
            "leftMax": null,
            "leftMin": null,
            "rightLogBase": 1,
            "rightMax": null,
            "rightMin": null,
            "threshold1": null,
            "threshold1Color": "rgba(216, 200, 27, 0.27)",
            "threshold2": null,
            "threshold2Color": "rgba(234, 112, 112, 0.22)"
          },
          "id": 2,
          "isNew": true,
          "leftYAxisLabel": "",
          "legend": {
            "avg": false,
            "current": false,
            "max": false,
            "min": false,
            "show": true,
            "total": false,
            "values": false
          },
          "lines": true,
          "linewidth": 2,
          "links": [],
          "nullPointMode": "connected",
          "percentage": false,
          "pointradius": 5,
          "points": false,
          "renderer": "flot",
          "rightYAxisLabel": "",
          "seriesOverrides": [],
          "span": 6,
          "stack": false,
          "steppedLine": false,
          "targets": [
            {
              "expr": "sum(container_memory_working_set_bytes{name = \"\"}/1048576)",
              "intervalFactor": 2,
              "legendFormat": "Hot",
              "metric": "container_memory_working_set_bytes",
              "refId": "B",
              "step": 21
            },
            {
              "expr": "sum(container_memory_usage_bytes{name = \"\"}/1048576)",
              "hide": false,
              "intervalFactor": 2,
              "legendFormat": "Total (Hot & Cold)",
              "metric": "container_memory_usage_bytes",
              "refId": "A",
              "step": 21
            },
            {
              "expr": "sum(container_spec_memory_limit_bytes{name = \"\"}/1048576)",
              "intervalFactor": 2,
              "legendFormat": "Free",
              "metric": "container_spec_memory_limit_bytes",
              "refId": "C",
              "step": 21
            }
          ],
          "timeFrom": null,
          "timeShift": null,
          "title": "Memory Usage",
          "tooltip": {
            "shared": true,
            "value_type": "cumulative"
          },
          "type": "graph",
          "x-axis": true,
          "y-axis": true,
          "y_formats": [
            "mbytes",
            "short"
          ]
        },
        {
          "aliasColors": {},
          "bars": false,
          "datasource": null,
          "editable": true,
          "error": false,
          "fill": 1,
          "grid": {
            "leftLogBase": 1,
            "leftMax": null,
            "leftMin": null,
            "rightLogBase": 1,
            "rightMax": null,
            "rightMin": null,
            "threshold1": null,
            "threshold1Color": "rgba(216, 200, 27, 0.27)",
            "threshold2": null,
            "threshold2Color": "rgba(234, 112, 112, 0.22)"
          },
          "id": 10,
          "isNew": true,
          "legend": {
            "avg": false,
            "current": false,
            "max": false,
            "min": false,
            "show": true,
            "total": false,
            "values": false
          },
          "lines": true,
          "linewidth": 2,
          "links": [],
          "nullPointMode": "connected",
          "percentage": false,
          "pointradius": 5,
          "points": false,
          "renderer": "flot",
          "seriesOverrides": [],
          "span": 6,
          "stack": true,
          "steppedLine": false,
          "targets": [
            {
              "expr": "topk(10,container_memory_usage_bytes{name !=\"\"} / 1024 / 1024)",
              "intervalFactor": 2,
              "legendFormat": "{{ name }}",
              "metric": "container_memory_usage_bytes",
              "refId": "A",
              "step": 21
            }
          ],
          "timeFrom": null,
          "timeShift": null,
          "title": "Memory Usage by Container (Top 10)",
          "tooltip": {
            "shared": true,
            "value_type": "cumulative"
          },
          "type": "graph",
          "x-axis": true,
          "y-axis": true,
          "y_formats": [
            "mbytes",
            "short"
          ]
        }
      ],
      "showTitle": true,
      "title": "Memory"
    },
    {
      "collapse": false,
      "editable": true,
      "height": "250px",
      "panels": [
        {
          "aliasColors": {},
          "bars": false,
          "datasource": null,
          "editable": true,
          "error": false,
          "fill": 1,
          "grid": {
            "leftLogBase": 1,
            "leftMax": null,
            "leftMin": null,
            "rightLogBase": 1,
            "rightMax": null,
            "rightMin": null,
            "threshold1": null,
            "threshold1Color": "rgba(216, 200, 27, 0.27)",
            "threshold2": null,
            "threshold2Color": "rgba(234, 112, 112, 0.22)"
          },
          "id": 12,
          "isNew": true,
          "leftYAxisLabel": "",
          "legend": {
            "avg": false,
            "current": false,
            "max": false,
            "min": false,
            "show": true,
            "total": false,
            "values": false
          },
          "lines": true,
          "linewidth": 2,
          "links": [],
          "nullPointMode": "connected",
          "percentage": false,
          "pointradius": 5,
          "points": false,
          "renderer": "flot",
          "seriesOverrides": [],
          "span": 6,
          "stack": false,
          "steppedLine": false,
          "targets": [
            {
              "expr": "rate(container_fs_reads_total[15m])",
              "intervalFactor": 2,
              "legendFormat": "{{ device }} Reads",
              "metric": "container_fs_reads_total",
              "refId": "A",
              "step": 21
            },
            {
              "expr": "rate(container_fs_writes_total[15m])",
              "intervalFactor": 2,
              "legendFormat": "{{ device }} Writes",
              "metric": "container_fs_writes_total",
              "refId": "B",
              "step": 21
            }
          ],
          "timeFrom": null,
          "timeShift": null,
          "title": "Filesystem Activity",
          "tooltip": {
            "shared": true,
            "value_type": "cumulative"
          },
          "type": "graph",
          "x-axis": true,
          "y-axis": true,
          "y_formats": [
            "iops",
            "short"
          ]
        },
        {
          "aliasColors": {},
          "bars": false,
          "datasource": null,
          "editable": true,
          "error": false,
          "fill": 1,
          "grid": {
            "leftLogBase": 1,
            "leftMax": null,
            "leftMin": null,
            "rightLogBase": 1,
            "rightMax": null,
            "rightMin": null,
            "threshold1": null,
            "threshold1Color": "rgba(216, 200, 27, 0.27)",
            "threshold2": null,
            "threshold2Color": "rgba(234, 112, 112, 0.22)"
          },
          "id": 13,
          "isNew": true,
          "leftYAxisLabel": "Sectors",
          "legend": {
            "avg": false,
            "current": false,
            "max": false,
            "min": false,
            "show": true,
            "total": false,
            "values": false
          },
          "lines": true,
          "linewidth": 2,
          "links": [],
          "nullPointMode": "connected",
          "percentage": false,
          "pointradius": 5,
          "points": false,
          "renderer": "flot",
          "rightYAxisLabel": "",
          "seriesOverrides": [],
          "span": 6,
          "stack": false,
          "steppedLine": false,
          "targets": [
            {
              "expr": "rate(container_fs_sector_reads_total[15m])",
              "intervalFactor": 2,
              "legendFormat": "{{ device }} Sectors Read",
              "metric": "",
              "refId": "A",
              "step": 21
            },
            {
              "expr": "rate(container_fs_sector_writes_total[15m])",
              "intervalFactor": 2,
              "legendFormat": "{{ device }} Sectors Written",
              "metric": "container_fs_sector_writes_total",
              "refId": "B",
              "step": 21
            }
          ],
          "timeFrom": null,
          "timeShift": null,
          "title": "Filesystem Throughput",
          "tooltip": {
            "shared": true,
            "value_type": "cumulative"
          },
          "type": "graph",
          "x-axis": true,
          "y-axis": true,
          "y_formats": [
            "short",
            "short"
          ]
        }
      ],
      "showTitle": true,
      "title": "Filesystem"
    },
    {
      "collapse": false,
      "editable": true,
      "height": "250px",
      "panels": [
        {
          "aliasColors": {},
          "bars": false,
          "datasource": null,
          "editable": true,
          "error": false,
          "fill": 1,
          "grid": {
            "leftLogBase": 1,
            "leftMax": 100,
            "leftMin": null,
            "rightLogBase": 1,
            "rightMax": null,
            "rightMin": null,
            "threshold1": null,
            "threshold1Color": "rgba(216, 200, 27, 0.27)",
            "threshold2": null,
            "threshold2Color": "rgba(234, 112, 112, 0.22)"
          },
          "id": 5,
          "isNew": true,
          "leftYAxisLabel": "Percent used",
          "legend": {
            "avg": false,
            "current": false,
            "max": false,
            "min": false,
            "show": true,
            "total": false,
            "values": false
          },
          "lines": true,
          "linewidth": 2,
          "links": [],
          "nullPointMode": "connected",
          "percentage": false,
          "pointradius": 5,
          "points": false,
          "renderer": "flot",
          "rightYAxisLabel": "",
          "seriesOverrides": [],
          "span": 12,
          "stack": false,
          "steppedLine": false,
          "targets": [
            {
              "expr": "(container_fs_usage_bytes / container_fs_limit_bytes) * 100",
              "hide": false,
              "intervalFactor": 2,
              "legendFormat": "{{ alias }}: {{ device }}",
              "metric": "container_fs_usage_bytes",
              "refId": "A",
              "step": 11
            }
          ],
          "timeFrom": null,
          "timeShift": null,
          "title": "Filesystem Usage",
          "tooltip": {
            "shared": true,
            "value_type": "cumulative"
          },
          "type": "graph",
          "x-axis": true,
          "y-axis": true,
          "y_formats": [
            "percent",
            "short"
          ]
        }
      ],
      "title": "Filesystem Usage"
    },
    {
      "collapse": false,
      "editable": true,
      "height": "250px",
      "panels": [
        {
          "aliasColors": {},
          "bars": false,
          "datasource": null,
          "editable": true,
          "error": false,
          "fill": 1,
          "grid": {
            "leftLogBase": 1,
            "leftMax": null,
            "leftMin": null,
            "rightLogBase": 1,
            "rightMax": null,
            "rightMin": null,
            "threshold1": null,
            "threshold1Color": "rgba(216, 200, 27, 0.27)",
            "threshold2": null,
            "threshold2Color": "rgba(234, 112, 112, 0.22)"
          },
          "id": 11,
          "isNew": true,
          "leftYAxisLabel": "Bytes per second",
          "legend": {
            "avg": false,
            "current": false,
            "max": false,
            "min": false,
            "show": true,
            "total": false,
            "values": false
          },
          "lines": true,
          "linewidth": 2,
          "links": [],
          "nullPointMode": "connected",
          "percentage": false,
          "pointradius": 5,
          "points": false,
          "renderer": "flot",
          "seriesOverrides": [],
          "span": 6,
          "stack": false,
          "steppedLine": false,
          "targets": [
            {
              "expr": "sum(rate(container_network_transmit_bytes_total {name = \"\"}[5m])) ",
              "hide": false,
              "interval": "",
              "intervalFactor": 2,
              "legendFormat": "Tx bytes",
              "metric": "container_network_transmit_bytes_total",
              "refId": "A",
              "step": 21
            },
            {
              "expr": "sum(rate(container_network_receive_bytes_total {name = \"\"}[5m]))",
              "intervalFactor": 2,
              "legendFormat": "Rx bytes",
              "metric": "",
              "refId": "B",
              "step": 21
            }
          ],
          "timeFrom": null,
          "timeShift": null,
          "title": "Network Throughput",
          "tooltip": {
            "shared": true,
            "value_type": "cumulative"
          },
          "type": "graph",
          "x-axis": true,
          "y-axis": true,
          "y_formats": [
            "Bps",
            "short"
          ]
        },
        {
          "aliasColors": {},
          "bars": false,
          "datasource": null,
          "editable": true,
          "error": false,
          "fill": 1,
          "grid": {
            "leftLogBase": 1,
            "leftMax": null,
            "leftMin": 0,
            "rightLogBase": 1,
            "rightMax": null,
            "rightMin": 0,
            "threshold1": null,
            "threshold1Color": "rgba(216, 200, 27, 0.27)",
            "threshold2": null,
            "threshold2Color": "rgba(234, 112, 112, 0.22)"
          },
          "id": 15,
          "isNew": true,
          "leftYAxisLabel": "Errors per second",
          "legend": {
            "avg": false,
            "current": false,
            "max": false,
            "min": false,
            "show": true,
            "total": false,
            "values": false
          },
          "lines": true,
          "linewidth": 2,
          "links": [],
          "nullPointMode": "connected",
          "percentage": false,
          "pointradius": 5,
          "points": false,
          "renderer": "flot",
          "rightYAxisLabel": "",
          "seriesOverrides": [],
          "span": 6,
          "stack": false,
          "steppedLine": false,
          "targets": [
            {
              "expr": "sum(rate(container_network_transmit_errors_total {name != \"\"}[5m]))",
              "intervalFactor": 2,
              "legendFormat": "Tx",
              "metric": "",
              "refId": "A",
              "step": 21
            },
            {
              "expr": "sum(rate(container_network_receive_errors_total {name != \"\"}[5m]))",
              "intervalFactor": 2,
              "legendFormat": "Rx",
              "refId": "B",
              "step": 21
            }
          ],
          "timeFrom": null,
          "timeShift": null,
          "title": "Network Errors",
          "tooltip": {
            "shared": true,
            "value_type": "cumulative"
          },
          "type": "graph",
          "x-axis": true,
          "y-axis": true,
          "y_formats": [
            "short",
            "short"
          ]
        }
      ],
      "showTitle": true,
      "title": "Networking"
    },
    {
      "collapse": false,
      "editable": true,
      "height": "250px",
      "panels": [
        {
          "aliasColors": {},
          "bars": false,
          "datasource": null,
          "editable": true,
          "error": false,
          "fill": 1,
          "grid": {
            "leftLogBase": 1,
            "leftMax": null,
            "leftMin": null,
            "rightLogBase": 1,
            "rightMax": null,
            "rightMin": null,
            "threshold1": null,
            "threshold1Color": "rgba(216, 200, 27, 0.27)",
            "threshold2": null,
            "threshold2Color": "rgba(234, 112, 112, 0.22)"
          },
          "id": 14,
          "isNew": true,
          "leftYAxisLabel": "Bytes per second",
          "legend": {
            "avg": false,
            "current": false,
            "max": false,
            "min": false,
            "show": true,
            "total": false,
            "values": false
          },
          "lines": true,
          "linewidth": 2,
          "links": [],
          "nullPointMode": "connected",
          "percentage": false,
          "pointradius": 5,
          "points": false,
          "renderer": "flot",
          "rightYAxisLabel": "",
          "seriesOverrides": [],
          "span": 6,
          "stack": true,
          "steppedLine": false,
          "targets": [
            {
              "expr": "topk(10, rate(container_network_transmit_bytes_total {name != \"\"}[5m]))",
              "intervalFactor": 2,
              "legendFormat": "{{name }}",
              "metric": "",
              "refId": "A",
              "step": 21
            }
          ],
          "timeFrom": null,
          "timeShift": null,
          "title": "Bytes (Tx) by Container (Top 10)",
          "tooltip": {
            "shared": true,
            "value_type": "cumulative"
          },
          "type": "graph",
          "x-axis": true,
          "y-axis": true,
          "y_formats": [
            "Bps",
            "short"
          ]
        },
        {
          "aliasColors": {},
          "bars": false,
          "datasource": null,
          "editable": true,
          "error": false,
          "fill": 1,
          "grid": {
            "leftLogBase": 1,
            "leftMax": null,
            "leftMin": null,
            "rightLogBase": 1,
            "rightMax": null,
            "rightMin": null,
            "threshold1": null,
            "threshold1Color": "rgba(216, 200, 27, 0.27)",
            "threshold2": null,
            "threshold2Color": "rgba(234, 112, 112, 0.22)"
          },
          "id": 16,
          "isNew": true,
          "leftYAxisLabel": "Bytes per second",
          "legend": {
            "avg": false,
            "current": false,
            "max": false,
            "min": false,
            "show": true,
            "total": false,
            "values": false
          },
          "lines": true,
          "linewidth": 2,
          "links": [],
          "nullPointMode": "connected",
          "percentage": false,
          "pointradius": 5,
          "points": false,
          "renderer": "flot",
          "rightYAxisLabel": "",
          "seriesOverrides": [],
          "span": 6,
          "stack": true,
          "steppedLine": false,
          "targets": [
            {
              "expr": "topk(10, rate(container_network_receive_bytes_total {name != \"\"}[5m]))",
              "intervalFactor": 2,
              "legendFormat": "{{name }}",
              "metric": "",
              "refId": "A",
              "step": 21
            }
          ],
          "timeFrom": null,
          "timeShift": null,
          "title": "Bytes (Rx) by Container (Top 10)",
          "tooltip": {
            "shared": true,
            "value_type": "cumulative"
          },
          "type": "graph",
          "x-axis": true,
          "y-axis": true,
          "y_formats": [
            "Bps",
            "short"
          ]
        },
        {
          "aliasColors": {},
          "bars": false,
          "datasource": null,
          "editable": true,
          "error": false,
          "fill": 1,
          "grid": {
            "leftLogBase": 1,
            "leftMax": null,
            "leftMin": 0,
            "rightLogBase": 1,
            "rightMax": null,
            "rightMin": 0,
            "threshold1": null,
            "threshold1Color": "rgba(216, 200, 27, 0.27)",
            "threshold2": null,
            "threshold2Color": "rgba(234, 112, 112, 0.22)"
          },
          "id": 17,
          "isNew": true,
          "leftYAxisLabel": "Errors per second",
          "legend": {
            "avg": false,
            "current": false,
            "max": false,
            "min": false,
            "show": true,
            "total": false,
            "values": false
          },
          "lines": true,
          "linewidth": 2,
          "links": [],
          "nullPointMode": "connected",
          "percentage": false,
          "pointradius": 5,
          "points": false,
          "renderer": "flot",
          "rightYAxisLabel": "",
          "seriesOverrides": [],
          "span": 6,
          "stack": true,
          "steppedLine": false,
          "targets": [
            {
              "expr": "topk(10, rate(container_network_transmit_errors_total {name != \"\"}[5m]))",
              "intervalFactor": 2,
              "legendFormat": "{{name }}",
              "metric": "",
              "refId": "A",
              "step": 21
            }
          ],
          "timeFrom": null,
          "timeShift": null,
          "title": "Errors (Tx) by Container (Top 10)",
          "tooltip": {
            "shared": true,
            "value_type": "cumulative"
          },
          "type": "graph",
          "x-axis": true,
          "y-axis": true,
          "y_formats": [
            "Bps",
            "short"
          ]
        },
        {
          "aliasColors": {},
          "bars": false,
          "datasource": null,
          "editable": true,
          "error": false,
          "fill": 1,
          "grid": {
            "leftLogBase": 1,
            "leftMax": null,
            "leftMin": 0,
            "rightLogBase": 1,
            "rightMax": null,
            "rightMin": 0,
            "threshold1": null,
            "threshold1Color": "rgba(216, 200, 27, 0.27)",
            "threshold2": null,
            "threshold2Color": "rgba(234, 112, 112, 0.22)"
          },
          "id": 18,
          "isNew": true,
          "leftYAxisLabel": "Errors per second",
          "legend": {
            "avg": false,
            "current": false,
            "max": false,
            "min": false,
            "show": true,
            "total": false,
            "values": false
          },
          "lines": true,
          "linewidth": 2,
          "links": [],
          "nullPointMode": "connected",
          "percentage": false,
          "pointradius": 5,
          "points": false,
          "renderer": "flot",
          "rightYAxisLabel": "",
          "seriesOverrides": [],
          "span": 6,
          "stack": true,
          "steppedLine": false,
          "targets": [
            {
              "expr": "topk(10, rate(container_network_receive_errors_total {name != \"\"}[5m]))",
              "intervalFactor": 2,
              "legendFormat": "{{name }}",
              "metric": "",
              "refId": "A",
              "step": 21
            }
          ],
          "timeFrom": null,
          "timeShift": null,
          "title": "Errors (Rx) by Container (Top 10)",
          "tooltip": {
            "shared": true,
            "value_type": "cumulative"
          },
          "type": "graph",
          "x-axis": true,
          "y-axis": true,
          "y_formats": [
            "Bps",
            "short"
          ]
        }
      ],
      "title": "New row"
    }
  ],
  "time": {
    "from": "now-3h",
    "to": "now"
  },
  "timepicker": {
    "now": true,
    "refresh_intervals": [
      "5s",
      "10s",
      "30s",
      "1m",
      "5m",
      "15m",
      "30m",
      "1h",
      "2h",
      "1d"
    ],
    "time_options": [
      "5m",
      "15m",
      "1h",
      "6h",
      "12h",
      "24h",
      "2d",
      "7d",
      "30d"
    ]
  },
  "templating": {
    "list": [
      {
        "allFormat": "glob",
        "current": {
          "text": "db1",
          "value": "db1"
        },
        "datasource": null,
        "includeAll": false,
        "label": "host",
        "multi": false,
        "multiFormat": "glob",
        "name": "host",
        "options": [
          {
            "selected": true,
            "text": "db1",
            "value": "db1"
          }
        ],
        "query": "label_values(alias)",
        "refresh": false,
        "type": "query"
      }
    ]
  },
  "annotations": {
    "list": []
  },
  "schemaVersion": 8,
  "version": 20,
  "links": []
}
