{
  "annotations": {
    "list": [
      {
        "builtIn": 1,
        "datasource": "-- Grafana --",
        "enable": true,
        "hide": false,
        "iconColor": "#e0752d",
        "limit": 100,
        "matchAny": true,
        "name": "PMM Annotations",
        "showIn": 0,
        "tags": [
          "pmm_annotation",
          "$namespace",
          "$pod"
        ],
        "target": {
          "limit": 100,
          "matchAny": true,
          "tags": [
            "pmm_annotation",
            "$namespace",
            "$pod"
          ],
          "type": "tags"
        },
        "type": "tags"
      },
      {
        "builtIn": 1,
        "datasource": "-- Grafana --",
        "enable": true,
        "hide": true,
        "iconColor": "#6ed0e0",
        "limit": 100,
        "name": "Annotations & Alerts",
        "showIn": 0,
        "tags": [],
        "target": {
          "limit": 100,
          "matchAny": false,
          "tags": [],
          "type": "dashboard"
        },
        "type": "dashboard"
      }
    ]
  },
  "editable": false,
  "fiscalYearStartMonth": 0,
  "graphTooltip": 1,
  "id": null,
  "iteration": 1656415227034,
  "links": [
    {
      "icon": "doc",
      "includeVars": true,
      "keepTime": true,
      "tags": [
        "Home"
      ],
      "targetBlank": false,
      "title": "Home",
      "type": "link",
      "url": "/graph/d/pmm-home/home-dashboard"
    },
    {
      "icon": "dashboard",
      "includeVars": true,
      "keepTime": true,
      "tags": [
        "Query Analytics"
      ],
      "targetBlank": false,
      "title": "Query Analytics",
      "type": "link",
      "url": "/graph/d/pmm-qan/pmm-query-analytics"
    },
    {
      "icon": "bolt",
      "includeVars": true,
      "keepTime": true,
      "tags": [
        "Compare"
      ],
      "targetBlank": false,
      "title": "Compare",
      "type": "link",
      "url": "/graph/d/node-instance-compare/nodes-compare"
    },
    {
      "asDropdown": true,
      "includeVars": true,
      "keepTime": true,
      "tags": [
        "OS"
      ],
      "targetBlank": false,
      "title": "OS",
      "type": "dashboards"
    },
    {
      "asDropdown": true,
      "includeVars": false,
      "keepTime": true,
      "tags": [
        "Services"
      ],
      "targetBlank": false,
      "title": "Services",
      "type": "dashboards"
    },
    {
      "asDropdown": true,
      "includeVars": false,
      "keepTime": true,
      "tags": [
        "PMM"
      ],
      "targetBlank": false,
      "title": "PMM",
      "type": "dashboards"
    }
  ],
  "liveNow": false,
  "panels": [
    {
      "collapsed": true,
      "gridPos": {
        "h": 1,
        "w": 24,
        "x": 0,
        "y": 0
      },
      "id": 1272,
      "panels": [
        {
          "description": "",
          "fieldConfig": {
            "defaults": {},
            "overrides": []
          },
          "gridPos": {
            "h": 7,
            "w": 24,
            "x": 0,
            "y": 3
          },
          "id": 1274,
          "options": {
            "content": "## Disclaimer \n\nThis Experimental Dashboard is not a part of the official Percona Monitoring and Management (PMM) deployment and might be updated. \nWe ship this Dashboard to obtain feedback from our users. \n\nOnce we officially release this Dashboard, it will be moved to the appropriate folder. \n\n## About Dashboard\n\nThis Dashboard is a part of the [DBaaS solution](https://per.co.na/dbaas) in PMM.\nThis Dashboard displays the resource consumption in the K8s Cluster.\n\nTo provide feedback on the Dashboard, visit [our forum](https://forums.percona.com/c/percona-monitoring-and-management-pmm/pmm-unofficial-dashboards-and-plugins/67).",
            "mode": "markdown"
          },
          "pluginVersion": "8.3.5",
          "title": "Experimental Dashboard",
          "type": "text"
        }
      ],
      "title": "WARNING! Experimental Dashboard. Expand to read more.",
      "type": "row"
    },
    {
      "gridPos": {
        "h": 1,
        "w": 24,
        "x": 0,
        "y": 1
      },
      "id": 1027,
      "title": "DB Cluster Summary",
      "type": "row"
    },
    {
      "description": "",
      "fieldConfig": {
        "defaults": {
          "color": {
            "mode": "thresholds"
          },
          "decimals": 0,
          "mappings": [],
          "noValue": "N/A",
          "thresholds": {
            "mode": "absolute",
            "steps": [
              {
                "color": "dark-red",
                "value": null
              },
              {
                "color": "#EAB839",
                "value": 300
              },
              {
                "color": "dark-green",
                "value": 3600
              }
            ]
          },
          "unit": "s"
        },
        "overrides": []
      },
      "gridPos": {
        "h": 3,
        "w": 4,
        "x": 0,
        "y": 2
      },
      "id": 1029,
      "options": {
        "colorMode": "value",
        "graphMode": "none",
        "justifyMode": "auto",
        "orientation": "auto",
        "reduceOptions": {
          "calcs": [
            "lastNotNull"
          ],
          "fields": "",
          "values": false
        },
        "text": {
          "valueSize": 24
        },
        "textMode": "auto"
      },
      "pluginVersion": "8.3.5",
      "targets": [
        {
          "exemplar": true,
          "expr": "time() - max(container_start_time_seconds{pod=~\"$pod\"})",
          "interval": "",
          "legendFormat": "",
          "refId": "A"
        }
      ],
      "title": "Uptime",
      "type": "stat"
    },
    {
      "description": "",
      "fieldConfig": {
        "defaults": {
          "color": {
            "mode": "thresholds"
          },
          "mappings": [],
          "thresholds": {
            "mode": "absolute",
            "steps": [
              {
                "color": "rgb(255, 255, 255)",
                "value": null
              },
              {
                "color": "red",
                "value": 80
              }
            ]
          },
          "unit": "short"
        },
        "overrides": []
      },
      "gridPos": {
        "h": 3,
        "w": 4,
        "x": 4,
        "y": 2
      },
      "id": 1079,
      "options": {
        "colorMode": "none",
        "graphMode": "none",
        "justifyMode": "auto",
        "orientation": "auto",
        "reduceOptions": {
          "calcs": [
            "lastNotNull"
          ],
          "fields": "",
          "values": false
        },
        "text": {
          "valueSize": 24
        },
        "textMode": "auto"
      },
      "pluginVersion": "8.3.5",
      "targets": [
        {
          "exemplar": true,
          "expr": "count(count by (pod) (container_memory_usage_bytes{pod=~\"$pod\"}))",
          "interval": "",
          "legendFormat": "",
          "refId": "A"
        }
      ],
      "title": "Amount of Pods",
      "type": "stat"
    },
    {
      "description": "",
      "fieldConfig": {
        "defaults": {
          "color": {
            "mode": "thresholds"
          },
          "mappings": [],
          "thresholds": {
            "mode": "absolute",
            "steps": [
              {
                "color": "rgb(255, 255, 255)",
                "value": null
              },
              {
                "color": "red",
                "value": 80
              }
            ]
          },
          "unit": "short"
        },
        "overrides": []
      },
      "gridPos": {
        "h": 3,
        "w": 4,
        "x": 8,
        "y": 2
      },
      "id": 1025,
      "options": {
        "colorMode": "none",
        "graphMode": "none",
        "justifyMode": "auto",
        "orientation": "auto",
        "reduceOptions": {
          "calcs": [
            "lastNotNull"
          ],
          "fields": "",
          "values": false
        },
        "text": {
          "valueSize": 24
        },
        "textMode": "auto"
      },
      "pluginVersion": "8.3.5",
      "targets": [
        {
          "exemplar": true,
          "expr": "max(machine_cpu_cores)",
          "interval": "",
          "legendFormat": "",
          "refId": "A"
        }
      ],
      "title": "CPU",
      "type": "stat"
    },
    {
      "description": "",
      "fieldConfig": {
        "defaults": {
          "color": {
            "mode": "thresholds"
          },
          "mappings": [],
          "thresholds": {
            "mode": "absolute",
            "steps": [
              {
                "color": "rgb(255, 255, 255)",
                "value": null
              }
            ]
          },
          "unit": "short"
        },
        "overrides": []
      },
      "gridPos": {
        "h": 3,
        "w": 4,
        "x": 12,
        "y": 2
      },
      "id": 1080,
      "options": {
        "colorMode": "none",
        "graphMode": "none",
        "justifyMode": "auto",
        "orientation": "auto",
        "reduceOptions": {
          "calcs": [
            "lastNotNull"
          ],
          "fields": "",
          "values": false
        },
        "text": {
          "valueSize": 24
        },
        "textMode": "auto"
      },
      "pluginVersion": "8.3.5",
      "targets": [
        {
          "exemplar": true,
          "expr": "avg(container_cpu_load_average_10s{pod=~\"$pod\"})",
          "interval": "10s",
          "legendFormat": "",
          "refId": "A"
        }
      ],
      "title": "Avg CPU Load",
      "type": "stat"
    },
    {
      "description": "",
      "fieldConfig": {
        "defaults": {
          "color": {
            "mode": "thresholds"
          },
          "mappings": [],
          "thresholds": {
            "mode": "absolute",
            "steps": [
              {
                "color": "rgb(255, 255, 255)",
                "value": null
              }
            ]
          },
          "unit": "decbytes"
        },
        "overrides": []
      },
      "gridPos": {
        "h": 3,
        "w": 4,
        "x": 16,
        "y": 2
      },
      "id": 1028,
      "options": {
        "colorMode": "none",
        "graphMode": "none",
        "justifyMode": "auto",
        "orientation": "auto",
        "reduceOptions": {
          "calcs": [
            "lastNotNull"
          ],
          "fields": "",
          "values": false
        },
        "text": {
          "valueSize": 24
        },
        "textMode": "auto"
      },
      "pluginVersion": "8.3.5",
      "targets": [
        {
          "exemplar": true,
          "expr": "max(machine_memory_bytes)",
          "interval": "",
          "legendFormat": "",
          "refId": "A"
        }
      ],
      "title": "RAM",
      "type": "stat"
    },
    {
      "description": "",
      "fieldConfig": {
        "defaults": {
          "color": {
            "mode": "thresholds"
          },
          "mappings": [],
          "thresholds": {
            "mode": "absolute",
            "steps": [
              {
                "color": "rgb(255, 255, 255)",
                "value": null
              }
            ]
          },
          "unit": "decbytes"
        },
        "overrides": []
      },
      "gridPos": {
        "h": 3,
        "w": 4,
        "x": 20,
        "y": 2
      },
      "id": 1170,
      "options": {
        "colorMode": "none",
        "graphMode": "none",
        "justifyMode": "auto",
        "orientation": "auto",
        "reduceOptions": {
          "calcs": [
            "lastNotNull"
          ],
          "fields": "",
          "values": false
        },
        "text": {
          "valueSize": 24
        },
        "textMode": "auto"
      },
      "pluginVersion": "8.3.5",
      "targets": [
        {
          "exemplar": true,
          "expr": "avg by () (container_fs_limit_bytes{pod=~\"$pod\",id=~\"/kubepods.*\",container!~\"POD|pmm-client|\"})",
          "interval": "",
          "legendFormat": "",
          "refId": "A"
        }
      ],
      "title": "Disk Space",
      "type": "stat"
    },
    {
      "collapsed": false,
      "gridPos": {
        "h": 1,
        "w": 24,
        "x": 0,
        "y": 5
      },
      "id": 1015,
      "panels": [],
      "title": "Memory",
      "type": "row"
    },
    {
      "id": 1031,
      "gridPos": {
        "h": 13,
        "w": 12,
        "x": 0,
        "y": 6
      },
      "type": "table",
      "title": "RAM",
      "default_title_for_rows": "Pod",
      "datasource": "Metrics",
      "pluginVersion": "9.2.20",
      "description": "",
      "options": {
        "showHeader": true,
        "footer": {
          "show": false
        }
      },
      "fieldConfig": {
        "defaults": {
          "custom": {
            "align": "left",
            "displayMode": "auto",
            "inspect": false,
            "width": 85
          },
          "mappings": [
            {
              "options": {
                "0": {
                  "color": "text",
                  "index": 0,
                  "text": "-"
                }
              },
              "type": "value"
            }
          ],
          "thresholds": {
            "mode": "absolute",
            "steps": [
              {
                "color": "red",
                "value": null
              },
              {
                "color": "orange",
                "value": 40
              },
              {
                "color": "green",
                "value": 80
              }
            ]
          },
          "color": {
            "mode": "fixed"
          },
          "decimals": 2,
          "noValue": "-",
          "unit": "decbytes"
        },
        "overrides": [
          {
            "matcher": {
              "id": "byName",
              "options": "Value #C"
            },
            "properties": [
              {
                "id": "unit",
                "value": "percent"
              },
              {
                "id": "custom.displayMode",
                "value": "color-text"
              },
              {
                "id": "color"
              }
            ]
          },
          {
            "matcher": {
              "id": "byName",
              "options": "pod"
            },
            "properties": [
              {
                "id": "custom.width"
              }
            ]
          }
        ]
      },
      "transformations": [
        {
          "id": "merge",
          "options": {}
        },
        {
          "id": "organize",
          "options": {
            "excludeByName": {
              "Time": true,
              "agent_id": true,
              "agent_type": true,
              "environment": true,
              "instance": true,
              "job": true,
              "machine_id": true,
              "node_id": true,
              "node_name": true,
              "node_type": true
            },
            "indexByName": {
              "Time": 0,
              "pod": 1,
              "Value #C": 2,
              "Value #A": 3,
              "Value #B": 4
            },
            "renameByName": {
              "Value #A": "RAM Limit",
              "Value #B": "Used",
              "Value #C": "Free RAM",
              "Value #D": "Swap Limit",
              "pod": "Pod"
            }
          }
        }
      ],
      "targets": [
        {
          "editorMode": "code",
          "exemplar": false,
          "expr": "avg by (pod)(container_spec_memory_limit_bytes{pod=~\"$pod\"})",
          "format": "table",
          "instant": true,
          "interval": "$interval",
          "legendFormat": "{{pod}} | RAM Limit",
          "datasource": "Metrics",
          "refId": "A"
        },
        {
          "editorMode": "code",
          "exemplar": false,
          "expr": "avg by (pod)(container_memory_usage_bytes{pod=~\"$pod\"})",
          "format": "table",
          "hide": false,
          "instant": true,
          "interval": "$interval",
          "legendFormat": "{{pod}} | Used",
          "datasource": "Metrics",
          "refId": "B"
        },
        {
          "editorMode": "code",
          "exemplar": false,
          "expr": "100 - clamp_max((avg by (pod) (container_memory_usage_bytes{pod=~\"$pod\"}) * 100) / avg by (pod) (container_spec_memory_limit_bytes{pod=~\"$pod\"}),100)",
          "format": "table",
          "hide": false,
          "instant": true,
          "interval": "$interval",
          "legendFormat": "{{pod}} | Free RAM",
          "datasource": "Metrics",
          "refId": "C"
        },
        {
          "editorMode": "code",
          "exemplar": false,
          "expr": "avg by (pod)(container_spec_memory_swap_limit_bytes{pod=~\"$pod\"})",
          "format": "table",
          "hide": true,
          "instant": true,
          "interval": "$interval",
          "legendFormat": "{{pod}} | Swap Limit",
          "datasource": "Metrics",
          "refId": "D"
        }
      ]
    },
    {
      "id": 1032,
      "gridPos": {
        "h": 13,
        "w": 12,
        "x": 12,
        "y": 6
      },
      "type": "table",
      "title": "Swap",
      "default_title_for_rows": "Pod",
      "datasource": "Metrics",
      "pluginVersion": "9.2.20",
      "options": {
        "showHeader": true,
        "footer": {
          "show": false
        }
      },
      "fieldConfig": {
        "defaults": {
          "custom": {
            "align": "left",
            "displayMode": "auto",
            "inspect": false,
            "width": 90
          },
          "mappings": [
            {
              "type": "value",
              "options": {
                "0": {
                  "text": "-",
                  "color": "text",
                  "index": 0
                }
              }
            }
          ],
          "thresholds": {
            "mode": "absolute",
            "steps": [
              {
                "color": "text",
                "value": null
              },
              {
                "value": 0,
                "color": "red"
              },
              {
                "color": "orange",
                "value": 40
              },
              {
                "color": "green",
                "value": 80
              }
            ]
          },
          "color": {
            "mode": "fixed"
          },
          "unit": "decbytes",
          "noValue": "-",
          "decimals": 2
        },
        "overrides": [
          {
            "matcher": {
              "id": "byName",
              "options": "pod"
            },
            "properties": [
              {
                "id": "custom.width"
              }
            ]
          },
          {
            "matcher": {
              "id": "byName",
              "options": "Value #D"
            },
            "properties": [
              {
                "id": "unit",
                "value": "decbytes"
              }
            ]
          },
          {
            "matcher": {
              "id": "byName",
              "options": "Value #C"
            },
            "properties": [
              {
                "id": "unit",
                "value": "percent"
              },
              {
                "id": "custom.displayMode",
                "value": "color-text"
              },
              {
                "id": "color",
                "value": {
                  "mode": "thresholds"
                }
              }
            ]
          },
          {
            "matcher": {
              "id": "byName",
              "options": "Value #B"
            },
            "properties": [
              {
                "id": "unit",
                "value": "decbytes"
              }
            ]
          }
        ]
      },
      "transformations": [
        {
          "id": "merge",
          "options": {}
        },
        {
          "id": "organize",
          "options": {
            "excludeByName": {
              "Time": true,
              "agent_id": true,
              "agent_type": true,
              "environment": true,
              "instance": true,
              "job": true,
              "machine_id": true,
              "node_id": true,
              "node_name": true,
              "node_type": true
            },
            "indexByName": {
              "Time": 0,
              "pod": 1,
              "Value #C": 2,
              "Value #D": 3,
              "Value #B": 4
            },
            "renameByName": {
              "Value #A": "",
              "Value #B": "Used",
              "Value #C": "Free Swap",
              "Value #D": "Swap Limit",
              "pod": "Pod"
            }
          }
        }
      ],
      "targets": [
        {
          "editorMode": "code",
          "exemplar": true,
          "expr": "avg by (pod)(container_memory_swap{pod=~\"$pod\"})",
          "format": "table",
          "hide": false,
          "instant": true,
          "interval": "$interval",
          "legendFormat": "{{pod}} | Used",
          "datasource": "Metrics",
          "refId": "B"
        },
        {
          "editorMode": "code",
          "exemplar": true,
          "expr": "100 - clamp_max((avg by (pod) (container_memory_swap{pod=~\"$pod\"}) * 100) / avg by (pod) (container_spec_memory_swap_limit_bytes{pod=~\"$pod\"}),100)",
          "format": "table",
          "hide": false,
          "instant": true,
          "interval": "$interval",
          "legendFormat": "{{pod}} | Free Swap",
          "datasource": "Metrics",
          "refId": "C"
        },
        {
          "editorMode": "code",
          "exemplar": true,
          "expr": "avg by (pod)(container_spec_memory_swap_limit_bytes{pod=~\"$pod\"})",
          "format": "table",
          "hide": false,
          "instant": true,
          "interval": "$interval",
          "legendFormat": "{{pod}} | Swap Limit",
          "datasource": "Metrics",
          "refId": "D"
        }
      ],
      "description": "",
      "repeat": null
    },
    {
      "collapsed": true,
      "gridPos": {
        "h": 1,
        "w": 24,
        "x": 0,
        "y": 19
      },
      "id": 1034,
      "panels": [
        {
          "aliasColors": {},
          "bars": false,
          "dashLength": 10,
          "dashes": false,
          "description": "",
          "fill": 2,
          "fillGradient": 0,
          "gridPos": {
            "h": 8,
            "w": 12,
            "x": 0,
            "y": 22
          },
          "hiddenSeries": false,
          "id": 1036,
          "legend": {
            "alignAsTable": true,
            "avg": true,
            "current": false,
            "max": true,
            "min": true,
            "rightSide": true,
            "show": true,
            "total": false,
            "values": true
          },
          "lines": true,
          "linewidth": 2,
          "maxPerRow": 2,
          "nullPointMode": "null",
          "options": {
            "alertThreshold": true
          },
          "percentage": false,
          "pluginVersion": "8.3.5",
          "pointradius": 2,
          "points": false,
          "renderer": "flot",
          "repeat": "pod",
          "repeatDirection": "h",
          "seriesOverrides": [
            {
              "$$hashKey": "object:176",
              "alias": "FailCnt",
              "bars": true,
              "lines": false,
              "yaxis": 2
            },
            {
              "$$hashKey": "object:193",
              "alias": "Allocation Failures",
              "bars": true,
              "lines": false,
              "yaxis": 2
            }
          ],
          "spaceLength": 10,
          "stack": false,
          "steppedLine": false,
          "targets": [
            {
              "exemplar": true,
              "expr": "avg by (pod)(container_memory_cache{pod=~\"$pod\"})",
              "interval": "$interval",
              "legendFormat": "Cache",
              "refId": "A"
            },
            {
              "exemplar": true,
              "expr": "avg by (pod) (increase(container_memory_failcnt{pod=~\"$pod\"}))",
              "hide": false,
              "interval": "$interval",
              "legendFormat": "FailCnt",
              "refId": "B"
            },
            {
              "exemplar": true,
              "expr": "avg by (pod) (increase(container_memory_failures_total{pod=~\"$pod\"}))",
              "hide": false,
              "interval": "$interval",
              "legendFormat": "Allocation Failures",
              "refId": "C"
            },
            {
              "exemplar": true,
              "expr": "rate(container_memory_working_set_bytes{pod=~\"$pod\",id=~\"/kubepods.*\",container!~\"POD|pmm-client|\"}[$interval]) or irate(container_memory_working_set_bytes{pod=~\"$pod\",id=~\"/kubepods.*\",container!~\"POD|pmm-client|\"}[5m]) ",
              "hide": false,
              "interval": "$interval",
              "legendFormat": "Working Set",
              "refId": "D"
            }
          ],
          "thresholds": [],
          "timeRegions": [],
          "title": "Memory - $pod",
          "tooltip": {
            "shared": true,
            "sort": 0,
            "value_type": "individual"
          },
          "type": "graph",
          "xaxis": {
            "mode": "time",
            "show": true,
            "values": []
          },
          "yaxes": [
            {
              "$$hashKey": "object:1345",
              "format": "short",
              "logBase": 1,
              "show": true
            },
            {
              "$$hashKey": "object:1346",
              "format": "short",
              "logBase": 1,
              "show": true
            }
          ],
          "yaxis": {
            "align": false
          }
        }
      ],
      "title": "Memory Details",
      "type": "row"
    },
    {
      "collapsed": false,
      "gridPos": {
        "h": 1,
        "w": 24,
        "x": 0,
        "y": 20
      },
      "id": 1001,
      "panels": [],
      "title": "CPU",
      "type": "row"
    },
    {
      "id": 1081,
      "gridPos": {
        "h": 14,
        "w": 12,
        "x": 0,
        "y": 21
      },
      "type": "table",
      "title": "CPU",
      "default_title_for_rows": "Pod",
      "datasource": "Metrics",
      "pluginVersion": "9.2.20",
      "options": {
        "showHeader": true,
        "footer": {
          "show": false
        }
      },
      "fieldConfig": {
        "defaults": {
          "custom": {
            "align": "left",
            "displayMode": "auto",
            "inspect": false,
            "width": 90
          },
          "mappings": [],
          "thresholds": {
            "mode": "absolute",
            "steps": [
              {
                "color": "green",
                "value": null
              },
              {
                "color": "red",
                "value": 80
              }
            ]
          },
          "color": {
            "mode": "continuous-GrYlRd"
          },
          "noValue": "-",
          "unit": "percent",
          "decimals": 2
        },
        "overrides": [
          {
            "matcher": {
              "id": "byName",
              "options": "Pod"
            },
            "properties": [
              {
                "id": "custom.width"
              }
            ]
          },
          {
            "matcher": {
              "id": "byName",
              "options": "Value #A"
            },
            "properties": [
              {
                "id": "custom.width",
                "value": 110
              },
              {
                "id": "custom.displayMode",
                "value": "color-text"
              }
            ]
          },
          {
            "matcher": {
              "id": "byName",
              "options": "Value #B"
            },
            "properties": [
              {
                "id": "custom.displayMode",
                "value": "color-text"
              }
            ]
          }
        ]
      },
      "transformations": [
        {
          "id": "merge",
          "options": {}
        },
        {
          "id": "organize",
          "options": {
            "excludeByName": {
              "Time": true,
              "agent_id": true,
              "agent_type": true,
              "environment": true,
              "instance": true,
              "job": true,
              "machine_id": true,
              "node_id": true,
              "node_name": true,
              "node_type": true
            },
            "indexByName": {},
            "renameByName": {
              "Value #A": "System Usage",
              "Value #B": "User Usage",
              "Value #D": "Swap Limit",
              "pod": "Pod"
            }
          }
        }
      ],
      "targets": [
        {
          "editorMode": "code",
          "exemplar": true,
          "expr": "avg by (pod)(container_cpu_system_seconds_total{pod=~\"$pod\"} * 100) / avg by (pod) (container_cpu_usage_seconds_total{pod=~\"$pod\"})",
          "format": "table",
          "instant": true,
          "interval": "$interval",
          "legendFormat": "{{pod}} | System Usage",
          "datasource": "Metrics",
          "refId": "A"
        },
        {
          "editorMode": "code",
          "exemplar": true,
          "expr": "avg by (pod)(container_cpu_user_seconds_total{pod=~\"$pod\"} * 100) / avg by (pod) (container_cpu_usage_seconds_total{pod=~\"$pod\"})",
          "format": "table",
          "hide": false,
          "instant": true,
          "interval": "$interval",
          "legendFormat": "{{pod}} | User Usage",
          "datasource": "Metrics",
          "refId": "B"
        },
        {
          "editorMode": "code",
          "exemplar": true,
          "expr": "avg by (pod)(container_spec_memory_swap_limit_bytes{pod=~\"$pod\"})",
          "format": "table",
          "hide": true,
          "instant": true,
          "interval": "$interval",
          "legendFormat": "{{pod}} | Swap Limit",
          "datasource": "Metrics",
          "refId": "D"
        }
      ],
      "description": ""
    },
    {
      "aliasColors": {},
      "bars": false,
      "dashLength": 10,
      "dashes": false,
      "decimals": 2,
      "description": "Total time duration the container has been throttled",
      "editable": true,
      "error": false,
      "fieldConfig": {
        "defaults": {
          "links": []
        },
        "overrides": []
      },
      "fill": 2,
      "fillGradient": 0,
      "grid": {},
      "gridPos": {
        "h": 7,
        "w": 12,
        "x": 12,
        "y": 21
      },
      "hiddenSeries": false,
      "id": 1126,
      "legend": {
        "alignAsTable": true,
        "avg": true,
        "current": false,
        "hideEmpty": false,
        "hideZero": true,
        "max": true,
        "min": true,
        "rightSide": false,
        "show": true,
        "sort": "avg",
        "sortDesc": true,
        "total": false,
        "values": true
      },
      "lines": true,
      "linewidth": 2,
      "links": [],
      "maxPerRow": 2,
      "nullPointMode": "null",
      "options": {
        "alertThreshold": true
      },
      "percentage": false,
      "pluginVersion": "8.3.5",
      "pointradius": 1,
      "points": true,
      "renderer": "flot",
      "repeatDirection": "h",
      "seriesOverrides": [],
      "spaceLength": 10,
      "stack": false,
      "steppedLine": false,
      "targets": [
        {
          "calculatedInterval": "2m",
          "datasourceErrors": {},
          "errors": {},
          "exemplar": true,
          "expr": "sum(rate(container_cpu_cfs_throttled_seconds_total{pod=~\"$pod\"}[$interval]))",
          "interval": "$interval",
          "intervalFactor": 1,
          "legendFormat": "Duration",
          "metric": "",
          "refId": "B",
          "step": 300,
          "target": ""
        }
      ],
      "thresholds": [],
      "timeRegions": [],
      "title": "Total Duration of Throttling",
      "tooltip": {
        "msResolution": false,
        "shared": true,
        "sort": 5,
        "value_type": "individual"
      },
      "type": "graph",
      "xaxis": {
        "mode": "time",
        "show": true,
        "values": []
      },
      "yaxes": [
        {
          "$$hashKey": "object:614",
          "format": "s",
          "label": "",
          "logBase": 1,
          "min": 0,
          "show": true
        },
        {
          "$$hashKey": "object:615",
          "decimals": 2,
          "format": "short",
          "label": "",
          "logBase": 1,
          "min": 0,
          "show": true
        }
      ],
      "yaxis": {
        "align": false
      }
    },
    {
      "aliasColors": {},
      "bars": false,
      "dashLength": 10,
      "dashes": false,
      "decimals": 2,
      "description": "Number of throttled period intervals",
      "editable": true,
      "error": false,
      "fieldConfig": {
        "defaults": {
          "links": []
        },
        "overrides": []
      },
      "fill": 2,
      "fillGradient": 0,
      "grid": {},
      "gridPos": {
        "h": 7,
        "w": 12,
        "x": 12,
        "y": 28
      },
      "hiddenSeries": false,
      "id": 1127,
      "legend": {
        "alignAsTable": true,
        "avg": true,
        "current": false,
        "hideEmpty": false,
        "hideZero": true,
        "max": true,
        "min": true,
        "rightSide": false,
        "show": true,
        "sort": "avg",
        "sortDesc": true,
        "total": false,
        "values": true
      },
      "lines": true,
      "linewidth": 2,
      "links": [],
      "maxPerRow": 2,
      "nullPointMode": "null",
      "options": {
        "alertThreshold": true
      },
      "percentage": false,
      "pluginVersion": "8.3.5",
      "pointradius": 1,
      "points": true,
      "renderer": "flot",
      "repeatDirection": "h",
      "seriesOverrides": [],
      "spaceLength": 10,
      "stack": false,
      "steppedLine": false,
      "targets": [
        {
          "calculatedInterval": "2m",
          "datasourceErrors": {},
          "errors": {},
          "exemplar": true,
          "expr": "sum(increase(container_cpu_cfs_throttled_periods_total{pod=~\"$pod\"}[$interval]))",
          "interval": "$interval",
          "intervalFactor": 1,
          "legendFormat": "Intervals",
          "metric": "",
          "refId": "B",
          "step": 300,
          "target": ""
        }
      ],
      "thresholds": [],
      "timeRegions": [],
      "title": "Total Throttled Period Intervals",
      "tooltip": {
        "msResolution": false,
        "shared": true,
        "sort": 5,
        "value_type": "individual"
      },
      "type": "graph",
      "xaxis": {
        "mode": "time",
        "show": true,
        "values": []
      },
      "yaxes": [
        {
          "$$hashKey": "object:614",
          "format": "short",
          "label": "",
          "logBase": 1,
          "min": 0,
          "show": true
        },
        {
          "$$hashKey": "object:615",
          "format": "short",
          "label": "",
          "logBase": 1,
          "min": 0,
          "show": true
        }
      ],
      "yaxis": {
        "align": false
      }
    },
    {
      "collapsed": true,
      "gridPos": {
        "h": 1,
        "w": 24,
        "x": 0,
        "y": 35
      },
      "id": 1083,
      "panels": [
        {
          "aliasColors": {},
          "bars": false,
          "dashLength": 10,
          "dashes": false,
          "decimals": 2,
          "description": "",
          "editable": true,
          "error": false,
          "fieldConfig": {
            "defaults": {
              "links": []
            },
            "overrides": []
          },
          "fill": 2,
          "fillGradient": 0,
          "grid": {},
          "gridPos": {
            "h": 8,
            "w": 12,
            "x": 0,
            "y": 38
          },
          "hiddenSeries": false,
          "id": 14,
          "legend": {
            "alignAsTable": true,
            "avg": true,
            "current": false,
            "hideEmpty": false,
            "hideZero": true,
            "max": true,
            "min": true,
            "rightSide": false,
            "show": true,
            "sort": "avg",
            "sortDesc": true,
            "total": false,
            "values": true
          },
          "lines": true,
          "linewidth": 2,
          "links": [],
          "maxPerRow": 2,
          "nullPointMode": "null",
          "options": {
            "alertThreshold": true
          },
          "percentage": false,
          "pluginVersion": "8.3.5",
          "pointradius": 1,
          "points": false,
          "renderer": "flot",
          "repeat": "pod",
          "repeatDirection": "h",
          "seriesOverrides": [
            {
              "$$hashKey": "object:910",
              "alias": "CFS Throttled",
              "yaxis": 2
            }
          ],
          "spaceLength": 10,
          "stack": false,
          "steppedLine": false,
          "targets": [
            {
              "calculatedInterval": "2m",
              "datasourceErrors": {},
              "errors": {},
              "exemplar": true,
              "expr": "sum by (pod) (rate(container_cpu_cfs_periods_total{pod=~\"$pod\",id=~\"/kubepods.*\"}[$interval]))",
              "interval": "$interval",
              "intervalFactor": 1,
              "legendFormat": "CFS Periods",
              "metric": "",
              "refId": "B",
              "step": 300,
              "target": ""
            },
            {
              "exemplar": true,
              "expr": "sum by (pod) (rate(container_cpu_cfs_throttled_seconds_total{pod=~\"$pod\"}[$interval]))",
              "hide": false,
              "interval": "$interval",
              "legendFormat": "CFS Throttled Duration",
              "refId": "A"
            },
            {
              "exemplar": true,
              "expr": "sum by (pod) (rate(container_cpu_cfs_throttled_periods_total{pod=~\"$pod\"}[$interval]))",
              "hide": false,
              "interval": "$interval",
              "legendFormat": "CFS Throttled Periods",
              "refId": "C"
            }
          ],
          "thresholds": [],
          "timeRegions": [],
          "title": "$pod",
          "tooltip": {
            "msResolution": false,
            "shared": true,
            "sort": 5,
            "value_type": "individual"
          },
          "type": "graph",
          "xaxis": {
            "mode": "time",
            "show": true,
            "values": []
          },
          "yaxes": [
            {
              "$$hashKey": "object:614",
              "format": "short",
              "label": "",
              "logBase": 1,
              "min": 0,
              "show": true
            },
            {
              "$$hashKey": "object:615",
              "format": "s",
              "label": "",
              "logBase": 1,
              "min": 0,
              "show": true
            }
          ],
          "yaxis": {
            "align": false
          }
        }
      ],
      "title": "CPU Details",
      "type": "row"
    },
    {
      "collapsed": false,
      "gridPos": {
        "h": 1,
        "w": 24,
        "x": 0,
        "y": 36
      },
      "id": 1172,
      "panels": [],
      "title": "Disk",
      "type": "row"
    },
    {
      "aliasColors": {},
      "bars": false,
      "dashLength": 10,
      "dashes": false,
      "decimals": 2,
      "description": "",
      "editable": true,
      "error": false,
      "fieldConfig": {
        "defaults": {
          "links": []
        },
        "overrides": []
      },
      "fill": 2,
      "fillGradient": 0,
      "grid": {},
      "gridPos": {
        "h": 7,
        "w": 12,
        "x": 0,
        "y": 37
      },
      "hiddenSeries": false,
      "id": 1173,
      "legend": {
        "alignAsTable": true,
        "avg": true,
        "current": false,
        "hideEmpty": false,
        "hideZero": true,
        "max": true,
        "min": true,
        "rightSide": false,
        "show": true,
        "sort": "avg",
        "sortDesc": true,
        "total": false,
        "values": true
      },
      "lines": true,
      "linewidth": 2,
      "links": [],
      "maxPerRow": 2,
      "nullPointMode": "null",
      "options": {
        "alertThreshold": true
      },
      "percentage": false,
      "pluginVersion": "8.3.5",
      "pointradius": 1,
      "points": false,
      "renderer": "flot",
      "repeatDirection": "h",
      "seriesOverrides": [
        {
          "$$hashKey": "object:236",
          "alias": "Writes",
          "transform": "negative-Y"
        }
      ],
      "spaceLength": 10,
      "stack": false,
      "steppedLine": false,
      "targets": [
        {
          "calculatedInterval": "2m",
          "datasourceErrors": {},
          "errors": {},
          "exemplar": true,
          "expr": "sum by () (sum(rate(container_fs_reads_bytes_total{pod=~\"$pod\",id=~\"/kubepods.*\"}[$interval]) or irate(container_fs_reads_bytes_total{pod=~\"$pod\",id=~\"/kubepods.*\"}[5m])))",
          "interval": "$interval",
          "intervalFactor": 1,
          "legendFormat": "Reads",
          "metric": "",
          "refId": "B",
          "step": 300,
          "target": ""
        },
        {
          "exemplar": true,
          "expr": "sum by () (sum(rate(container_fs_writes_bytes_total{pod=~\"$pod\",id=~\"/kubepods.*\"}[$interval]) or irate(container_fs_writes_bytes_total{pod=~\"$pod\",id=~\"/kubepods.*\"}[5m])))",
          "hide": false,
          "interval": "$interval",
          "legendFormat": "Writes",
          "refId": "A"
        }
      ],
      "thresholds": [],
      "timeRegions": [],
      "title": "Disk I/O",
      "tooltip": {
        "msResolution": false,
        "shared": true,
        "sort": 5,
        "value_type": "individual"
      },
      "type": "graph",
      "xaxis": {
        "mode": "time",
        "show": true,
        "values": []
      },
      "yaxes": [
        {
          "$$hashKey": "object:614",
          "decimals": 2,
          "format": "Bps",
          "label": "Writes (-) / Reads (+)",
          "logBase": 1,
          "show": true
        },
        {
          "$$hashKey": "object:615",
          "decimals": 2,
          "format": "short",
          "label": "",
          "logBase": 1,
          "min": 0,
          "show": true
        }
      ],
      "yaxis": {
        "align": false
      }
    },
    {
      "aliasColors": {},
      "bars": false,
      "dashLength": 10,
      "dashes": false,
      "decimals": 2,
      "description": "",
      "editable": true,
      "error": false,
      "fieldConfig": {
        "defaults": {
          "links": []
        },
        "overrides": []
      },
      "fill": 2,
      "fillGradient": 0,
      "grid": {},
      "gridPos": {
        "h": 7,
        "w": 12,
        "x": 12,
        "y": 37
      },
      "hiddenSeries": false,
      "id": 1176,
      "legend": {
        "alignAsTable": true,
        "avg": true,
        "current": false,
        "hideEmpty": false,
        "hideZero": true,
        "max": true,
        "min": true,
        "rightSide": false,
        "show": true,
        "sort": "avg",
        "sortDesc": true,
        "total": false,
        "values": true
      },
      "lines": true,
      "linewidth": 2,
      "links": [],
      "maxPerRow": 2,
      "nullPointMode": "null",
      "options": {
        "alertThreshold": true
      },
      "percentage": false,
      "pluginVersion": "8.3.5",
      "pointradius": 1,
      "points": false,
      "renderer": "flot",
      "repeatDirection": "h",
      "seriesOverrides": [],
      "spaceLength": 10,
      "stack": false,
      "steppedLine": false,
      "targets": [
        {
          "calculatedInterval": "2m",
          "datasourceErrors": {},
          "errors": {},
          "exemplar": true,
          "expr": "sum by () (rate(container_memory_swap{pod=~\"$pod\",id=~\"/kubepods.*\",container!~\"POD|pmm-client|\"}[$interval]) or \nirate(container_memory_swap{pod=~\"$pod\",id=~\"/kubepods.*\",container!~\"POD|pmm-client|\"}[5m]))",
          "interval": "$interval",
          "intervalFactor": 1,
          "legendFormat": "Swap",
          "metric": "",
          "refId": "B",
          "step": 300,
          "target": ""
        }
      ],
      "thresholds": [],
      "timeRegions": [],
      "title": "Swap Activity",
      "tooltip": {
        "msResolution": false,
        "shared": true,
        "sort": 5,
        "value_type": "individual"
      },
      "type": "graph",
      "xaxis": {
        "mode": "time",
        "show": true,
        "values": []
      },
      "yaxes": [
        {
          "$$hashKey": "object:614",
          "decimals": 2,
          "format": "Bps",
          "label": "",
          "logBase": 1,
          "min": "0",
          "show": true
        },
        {
          "$$hashKey": "object:615",
          "decimals": 2,
          "format": "short",
          "label": "",
          "logBase": 1,
          "min": 0,
          "show": false
        }
      ],
      "yaxis": {
        "align": false
      }
    },
    {
      "collapsed": true,
      "gridPos": {
        "h": 1,
        "w": 24,
        "x": 0,
        "y": 44
      },
      "id": 1175,
      "panels": [
        {
          "aliasColors": {},
          "bars": false,
          "dashLength": 10,
          "dashes": false,
          "decimals": 2,
          "description": "",
          "editable": true,
          "error": false,
          "fieldConfig": {
            "defaults": {
              "links": []
            },
            "overrides": []
          },
          "fill": 2,
          "fillGradient": 0,
          "grid": {},
          "gridPos": {
            "h": 7,
            "w": 12,
            "x": 0,
            "y": 47
          },
          "hiddenSeries": false,
          "id": 1177,
          "legend": {
            "alignAsTable": true,
            "avg": true,
            "current": false,
            "hideEmpty": false,
            "hideZero": true,
            "max": true,
            "min": true,
            "rightSide": false,
            "show": true,
            "sort": "avg",
            "sortDesc": true,
            "total": false,
            "values": true
          },
          "lines": true,
          "linewidth": 2,
          "links": [],
          "maxPerRow": 2,
          "nullPointMode": "null",
          "options": {
            "alertThreshold": true
          },
          "percentage": false,
          "pluginVersion": "8.3.5",
          "pointradius": 1,
          "points": false,
          "renderer": "flot",
          "repeat": "pod",
          "repeatDirection": "h",
          "seriesOverrides": [
            {
              "$$hashKey": "object:236",
              "alias": "Writes",
              "transform": "negative-Y"
            }
          ],
          "spaceLength": 10,
          "stack": false,
          "steppedLine": false,
          "targets": [
            {
              "calculatedInterval": "2m",
              "datasourceErrors": {},
              "errors": {},
              "exemplar": true,
              "expr": "sum by (pod) (sum(rate(container_fs_reads_bytes_total{pod=~\"$pod\",id=~\"/kubepods.*\"}[$interval]) or irate(container_fs_reads_bytes_total{pod=~\"$pod\",id=~\"/kubepods.*\"}[5m])))",
              "interval": "$interval",
              "intervalFactor": 1,
              "legendFormat": "Reads",
              "metric": "",
              "refId": "B",
              "step": 300,
              "target": ""
            },
            {
              "exemplar": true,
              "expr": "sum by (pod) (sum(rate(container_fs_writes_bytes_total{pod=~\"$pod\",id=~\"/kubepods.*\"}[$interval]) or irate(container_fs_writes_bytes_total{pod=~\"$pod\",id=~\"/kubepods.*\"}[5m])))",
              "hide": false,
              "interval": "$interval",
              "legendFormat": "Writes",
              "refId": "A"
            },
            {
              "exemplar": true,
              "expr": "sum by (pod) (rate(container_memory_swap{pod=~\"$pod\",id=~\"/kubepods.*\",container!~\"POD|pmm-client|\"}[$interval]) or \nirate(container_memory_swap{pod=~\"$pod\",id=~\"/kubepods.*\",container!~\"POD|pmm-client|\"}[5m]))",
              "hide": false,
              "interval": "$interval",
              "legendFormat": "Swap",
              "refId": "C"
            }
          ],
          "thresholds": [],
          "timeRegions": [],
          "title": "$pod",
          "tooltip": {
            "msResolution": false,
            "shared": true,
            "sort": 5,
            "value_type": "individual"
          },
          "type": "graph",
          "xaxis": {
            "mode": "time",
            "show": true,
            "values": []
          },
          "yaxes": [
            {
              "$$hashKey": "object:614",
              "decimals": 2,
              "format": "Bps",
              "label": "Writes (-) / Reads (+)",
              "logBase": 1,
              "show": true
            },
            {
              "$$hashKey": "object:615",
              "decimals": 2,
              "format": "short",
              "label": "",
              "logBase": 1,
              "min": 0,
              "show": true
            }
          ],
          "yaxis": {
            "align": false
          }
        }
      ],
      "title": "Disk Details",
      "type": "row"
    },
    {
      "collapsed": false,
      "gridPos": {
        "h": 1,
        "w": 24,
        "x": 0,
        "y": 45
      },
      "id": 1221,
      "panels": [],
      "title": "Network",
      "type": "row"
    },
    {
      "aliasColors": {},
      "bars": false,
      "dashLength": 10,
      "dashes": false,
      "decimals": 2,
      "description": "",
      "editable": true,
      "error": false,
      "fieldConfig": {
        "defaults": {
          "links": []
        },
        "overrides": []
      },
      "fill": 2,
      "fillGradient": 0,
      "grid": {},
      "gridPos": {
        "h": 7,
        "w": 12,
        "x": 0,
        "y": 46
      },
      "hiddenSeries": false,
      "id": 1222,
      "legend": {
        "alignAsTable": true,
        "avg": true,
        "current": false,
        "hideEmpty": false,
        "hideZero": true,
        "max": true,
        "min": true,
        "rightSide": false,
        "show": true,
        "sort": "avg",
        "sortDesc": true,
        "total": false,
        "values": true
      },
      "lines": true,
      "linewidth": 2,
      "links": [],
      "maxPerRow": 2,
      "nullPointMode": "null",
      "options": {
        "alertThreshold": true
      },
      "percentage": false,
      "pluginVersion": "8.3.5",
      "pointradius": 1,
      "points": false,
      "renderer": "flot",
      "repeatDirection": "h",
      "seriesOverrides": [
        {
          "$$hashKey": "object:236",
          "alias": "Outbound",
          "transform": "negative-Y"
        }
      ],
      "spaceLength": 10,
      "stack": false,
      "steppedLine": false,
      "targets": [
        {
          "calculatedInterval": "2m",
          "datasourceErrors": {},
          "errors": {},
          "exemplar": true,
          "expr": "sum(rate(container_network_receive_bytes_total{pod=~\"$pod\",id=~\"/kubepods/.*\"}[$interval]) or \nirate(container_network_receive_bytes_total{pod=~\"$pod\",id=~\"/kubepods/.*\"}[5m]))",
          "interval": "$interval",
          "intervalFactor": 1,
          "legendFormat": "Inbound",
          "metric": "",
          "refId": "B",
          "step": 300,
          "target": ""
        },
        {
          "exemplar": true,
          "expr": "sum(rate(container_network_transmit_bytes_total{pod=~\"$pod\",id=~\"/kubepods/.*\"}[$interval]) or \nirate(container_network_transmit_bytes_total{pod=~\"$pod\",id=~\"/kubepods/.*\"}[5m]))",
          "hide": false,
          "interval": "$interval",
          "legendFormat": "Outbound",
          "refId": "A"
        }
      ],
      "thresholds": [],
      "timeRegions": [],
      "title": "Network Traffic",
      "tooltip": {
        "msResolution": false,
        "shared": true,
        "sort": 5,
        "value_type": "individual"
      },
      "type": "graph",
      "xaxis": {
        "mode": "time",
        "show": true,
        "values": []
      },
      "yaxes": [
        {
          "$$hashKey": "object:614",
          "decimals": 2,
          "format": "Bps",
          "label": "Outbound (-) / Inbound (+)",
          "logBase": 1,
          "show": true
        },
        {
          "$$hashKey": "object:615",
          "decimals": 2,
          "format": "short",
          "label": "",
          "logBase": 1,
          "min": 0,
          "show": false
        }
      ],
      "yaxis": {
        "align": false
      }
    },
    {
      "aliasColors": {},
      "bars": true,
      "dashLength": 10,
      "dashes": false,
      "decimals": 2,
      "description": "",
      "editable": true,
      "error": false,
      "fieldConfig": {
        "defaults": {
          "links": []
        },
        "overrides": []
      },
      "fill": 2,
      "fillGradient": 0,
      "grid": {},
      "gridPos": {
        "h": 7,
        "w": 12,
        "x": 12,
        "y": 46
      },
      "hiddenSeries": false,
      "id": 1223,
      "legend": {
        "alignAsTable": true,
        "avg": true,
        "current": false,
        "hideEmpty": false,
        "hideZero": true,
        "max": true,
        "min": true,
        "rightSide": false,
        "show": true,
        "sort": "avg",
        "sortDesc": true,
        "total": false,
        "values": true
      },
      "lines": false,
      "linewidth": 2,
      "links": [],
      "maxPerRow": 2,
      "nullPointMode": "null",
      "options": {
        "alertThreshold": true
      },
      "percentage": false,
      "pluginVersion": "8.3.5",
      "pointradius": 1,
      "points": false,
      "renderer": "flot",
      "repeatDirection": "h",
      "seriesOverrides": [
        {
          "$$hashKey": "object:236",
          "alias": "Outbound",
          "transform": "negative-Y"
        }
      ],
      "spaceLength": 10,
      "stack": false,
      "steppedLine": false,
      "targets": [
        {
          "calculatedInterval": "2m",
          "datasourceErrors": {},
          "errors": {},
          "exemplar": true,
          "expr": "sum(increase(container_network_transmit_errors_total{pod=~\"$pod\",id=~\"/kubepods/.*\"}[$interval]))",
          "interval": "$interval",
          "intervalFactor": 1,
          "legendFormat": "Transmit Errors",
          "metric": "",
          "refId": "B",
          "step": 300,
          "target": ""
        },
        {
          "exemplar": true,
          "expr": "sum(increase(container_network_transmit_packets_dropped_total{pod=~\"$pod\",id=~\"/kubepods/.*\"}[$interval]))",
          "hide": false,
          "interval": "$interval",
          "legendFormat": "Dropped Packets",
          "refId": "A"
        }
      ],
      "thresholds": [],
      "timeRegions": [],
      "title": "Errors / Dropped Packets",
      "tooltip": {
        "msResolution": false,
        "shared": true,
        "sort": 5,
        "value_type": "individual"
      },
      "type": "graph",
      "xaxis": {
        "mode": "time",
        "show": true,
        "values": []
      },
      "yaxes": [
        {
          "$$hashKey": "object:614",
          "decimals": 2,
          "format": "short",
          "label": "",
          "logBase": 1,
          "min": "0",
          "show": true
        },
        {
          "$$hashKey": "object:615",
          "decimals": 2,
          "format": "short",
          "label": "",
          "logBase": 1,
          "min": 0,
          "show": false
        }
      ],
      "yaxis": {
        "align": false
      }
    },
    {
      "collapsed": true,
      "gridPos": {
        "h": 1,
        "w": 24,
        "x": 0,
        "y": 53
      },
      "id": 1225,
      "panels": [
        {
          "aliasColors": {},
          "bars": false,
          "dashLength": 10,
          "dashes": false,
          "decimals": 2,
          "description": "",
          "editable": true,
          "error": false,
          "fieldConfig": {
            "defaults": {
              "links": []
            },
            "overrides": []
          },
          "fill": 2,
          "fillGradient": 0,
          "grid": {},
          "gridPos": {
            "h": 7,
            "w": 12,
            "x": 0,
            "y": 56
          },
          "hiddenSeries": false,
          "id": 1226,
          "legend": {
            "alignAsTable": true,
            "avg": true,
            "current": false,
            "hideEmpty": false,
            "hideZero": true,
            "max": true,
            "min": true,
            "rightSide": false,
            "show": true,
            "sort": "avg",
            "sortDesc": true,
            "total": false,
            "values": true
          },
          "lines": true,
          "linewidth": 2,
          "links": [],
          "maxPerRow": 2,
          "nullPointMode": "null",
          "options": {
            "alertThreshold": true
          },
          "percentage": false,
          "pluginVersion": "8.3.5",
          "pointradius": 1,
          "points": false,
          "renderer": "flot",
          "repeat": "pod",
          "repeatDirection": "h",
          "seriesOverrides": [
            {
              "$$hashKey": "object:892",
              "alias": "Errors",
              "bars": true,
              "lines": false,
              "yaxis": 2
            },
            {
              "$$hashKey": "object:909",
              "alias": "Dropped Packets",
              "bars": true,
              "lines": false,
              "yaxis": 2
            },
            {
              "$$hashKey": "object:226",
              "alias": "Outbound",
              "transform": "negative-Y"
            }
          ],
          "spaceLength": 10,
          "stack": false,
          "steppedLine": false,
          "targets": [
            {
              "calculatedInterval": "2m",
              "datasourceErrors": {},
              "errors": {},
              "exemplar": true,
              "expr": "sum(rate(container_network_receive_bytes_total{pod=~\"$pod\",id=~\"/kubepods/.*\"}[$interval]) or \nirate(container_network_receive_bytes_total{pod=~\"$pod\",id=~\"/kubepods/.*\"}[5m]))",
              "interval": "$interval",
              "intervalFactor": 1,
              "legendFormat": "Inbound",
              "metric": "",
              "refId": "B",
              "step": 300,
              "target": ""
            },
            {
              "exemplar": true,
              "expr": "sum(rate(container_network_transmit_bytes_total{pod=~\"$pod\",id=~\"/kubepods/.*\"}[$interval]) or \nirate(container_network_transmit_bytes_total{pod=~\"$pod\",id=~\"/kubepods/.*\"}[5m]))",
              "hide": false,
              "interval": "$interval",
              "legendFormat": "Outbound",
              "refId": "A"
            },
            {
              "exemplar": true,
              "expr": "sum(increase(container_network_transmit_errors_total{pod=~\"$pod\",id=~\"/kubepods/.*\"}[$interval]))",
              "hide": false,
              "interval": "$interval",
              "legendFormat": "Errors",
              "refId": "C"
            },
            {
              "exemplar": true,
              "expr": "sum(increase(container_network_transmit_packets_dropped_total{pod=~\"$pod\",id=~\"/kubepods/.*\"}[$interval]))",
              "hide": false,
              "interval": "$interval",
              "legendFormat": "Dropped Packets",
              "refId": "D"
            }
          ],
          "thresholds": [],
          "timeRegions": [],
          "title": "$pod",
          "tooltip": {
            "msResolution": false,
            "shared": true,
            "sort": 5,
            "value_type": "individual"
          },
          "type": "graph",
          "xaxis": {
            "mode": "time",
            "show": true,
            "values": []
          },
          "yaxes": [
            {
              "$$hashKey": "object:614",
              "decimals": 2,
              "format": "Bps",
              "label": "Outbound (-) / Inbound (+)",
              "logBase": 1,
              "show": true
            },
            {
              "$$hashKey": "object:615",
              "decimals": 2,
              "format": "short",
              "label": "",
              "logBase": 1,
              "min": 0,
              "show": false
            }
          ],
          "yaxis": {
            "align": false
          }
        }
      ],
      "title": "Network Details",
      "type": "row"
    }
  ],
  "refresh": "1m",
  "schemaVersion": 34,
  "style": "dark",
  "tags": [
    "Percona"
  ],
  "templating": {
    "list": [
      {
        "allFormat": "glob",
        "auto": true,
        "auto_count": 200,
        "auto_min": "1s",
        "current": {
          "selected": false,
          "text": "auto",
          "value": "$__auto_interval_interval"
        },
        "datasource": "Metrics",
        "hide": 0,
        "includeAll": false,
        "label": "Interval",
        "multi": false,
        "multiFormat": "glob",
        "name": "interval",
        "options": [
          {
            "selected": true,
            "text": "auto",
            "value": "$__auto_interval_interval"
          },
          {
            "selected": false,
            "text": "1s",
            "value": "1s"
          },
          {
            "selected": false,
            "text": "5s",
            "value": "5s"
          },
          {
            "selected": false,
            "text": "1m",
            "value": "1m"
          },
          {
            "selected": false,
            "text": "5m",
            "value": "5m"
          },
          {
            "selected": false,
            "text": "1h",
            "value": "1h"
          },
          {
            "selected": false,
            "text": "6h",
            "value": "6h"
          },
          {
            "selected": false,
            "text": "1d",
            "value": "1d"
          }
        ],
        "query": "1s,5s,1m,5m,1h,6h,1d",
        "queryValue": "",
        "refresh": 2,
        "skipUrlSync": false,
        "type": "interval"
      },
      {
        "allValue": ".*",
        "current": {
          "selected": false,
          "text": "All",
          "value": "$__all"
        },
        "definition": "label_values(up, environment)",
        "hide": 2,
        "includeAll": true,
        "label": "Environment",
        "multi": true,
        "name": "environment",
        "options": [],
        "query": {
          "query": "label_values(up, environment)",
          "refId": "StandardVariableQuery"
        },
        "refresh": 1,
        "regex": "",
        "skipUrlSync": false,
        "sort": 0,
        "tagValuesQuery": "",
        "tagsQuery": "",
        "type": "query",
        "useTags": false
      },
      {
        "current": {
          "selected": false,
          "text": "pmm-server-postgresql",
          "value": "pmm-server-postgresql"
        },
        "definition": "label_values({__name__=~\"pg_up|mysql_up|mongodb_up\"}, service_name)",
        "hide": 2,
        "includeAll": false,
        "label": "Service Name",
        "multi": false,
        "name": "service_name",
        "options": [],
        "query": {
          "query": "label_values({__name__=~\"pg_up|mysql_up|mongodb_up\"}, service_name)",
          "refId": "StandardVariableQuery"
        },
        "refresh": 1,
        "regex": "",
        "skipUrlSync": false,
        "sort": 0,
        "tagValuesQuery": "",
        "tagsQuery": "",
        "type": "query",
        "useTags": false
      },
      {
        "allValue": "",
        "current": {
          "selected": false,
          "text": "default",
          "value": "default"
        },
        "definition": "label_values(container_start_time_seconds,namespace)",
        "hide": 0,
        "includeAll": false,
        "label": "Namespace",
        "multi": false,
        "name": "namespace",
        "options": [],
        "query": {
          "query": "label_values(container_start_time_seconds,namespace)",
          "refId": "StandardVariableQuery"
        },
        "refresh": 1,
        "regex": "",
        "skipUrlSync": false,
        "sort": 1,
        "tagValuesQuery": "",
        "tagsQuery": "",
        "type": "query",
        "useTags": false
      },
      {
        "allValue": "",
        "current": {
          "selected": false,
          "text": "All",
          "value": "$__all"
        },
        "definition": "label_values(container_start_time_seconds{namespace=~\"$namespace\"},pod)",
        "hide": 0,
        "includeAll": true,
        "label": "Pod",
        "multi": true,
        "name": "pod",
        "options": [],
        "query": {
          "query": "label_values(container_start_time_seconds{namespace=~\"$namespace\"},pod)",
          "refId": "StandardVariableQuery"
        },
        "refresh": 1,
        "regex": "",
        "skipUrlSync": false,
        "sort": 0,
        "tagValuesQuery": "",
        "tagsQuery": "",
        "type": "query",
        "useTags": false
      }
    ]
  },
  "time": {
    "from": "now-12h",
    "to": "now"
  },
  "timepicker": {
    "collapse": false,
    "enable": true,
    "hidden": false,
    "notice": false,
    "now": true,
    "refresh_intervals": [
      "1s",
      "5s",
      "1m",
      "5m",
      "1h",
      "6h",
      "1d"
    ],
    "status": "Stable",
    "time_options": [
      "5m",
      "15m",
      "1h",
      "6h",
      "12h",
      "24h",
      "2d",
      "7d",
      "30d"
    ],
    "type": "timepicker"
  },
  "timezone": "browser",
  "title": "DB Cluster Summary",
  "uid": "db-cluster-summary",
  "version": 2,
  "weekStart": ""
}
