{
  "annotations": {
    "list": [
      {
        "builtIn": 1,
        "datasource": {
          "type": "datasource",
          "uid": "grafana"
        },
        "enable": true,
        "hide": true,
        "iconColor": "rgba(0, 211, 255, 1)",
        "name": "Annotations & Alerts",
        "target": {
          "limit": 100,
          "matchAny": false,
          "tags": [],
          "type": "dashboard"
        },
        "type": "dashboard"
      }
    ]
  },
  "description": "High-level overview of all Environments",
  "editable": false,
  "fiscalYearStartMonth": 0,
  "graphTooltip": 1,
  "id": null,
  "links": [
    {
      "icon": "doc",
      "includeVars": true,
      "keepTime": true,
      "tags": ["Home"],
      "targetBlank": false,
      "title": "Home",
      "type": "link",
      "url": "/graph/d/pmm-home/home-dashboard"
    },
    {
      "icon": "dashboard",
      "includeVars": true,
      "keepTime": true,
      "tags": ["Query Analytics"],
      "targetBlank": false,
      "title": "Query Analytics",
      "type": "link",
      "url": "/graph/d/pmm-qan/pmm-query-analytics"
    },
    {
      "asDropdown": true,
      "includeVars": false,
      "keepTime": true,
      "tags": ["Services"],
      "targetBlank": false,
      "title": "Services",
      "type": "dashboards"
    },
    {
      "asDropdown": true,
      "includeVars": false,
      "keepTime": true,
      "tags": ["PMM"],
      "targetBlank": false,
      "title": "PMM",
      "type": "dashboards"
    }
  ],
  "liveNow": false,
  "panels": [
    {
      "datasource": "Metrics",
      "editable": true,
      "gridPos": {
        "h": 3,
        "w": 24,
        "x": 0,
        "y": 0
      },
      "height": "10px",
      "id": 1339,
      "links": [],
      "options": {
        "code": {
          "language": "plaintext",
          "showLineNumbers": false,
          "showMiniMap": false
        },
        "content": "<br>\n<div class=\"text-center dashboard-header\">\n<img src=\"/graph/public/plugins/pmm-app/img/pmm-logo.svg\" height=\"60px\" width=\"60px\">\n  <span>Percona Monitoring and Management</span>\n</div>",
        "mode": "html"
      },
      "pluginVersion": "9.2.20",
      "style": {},
      "targets": [
        {
          "datasource": "Metrics",
          "refId": "A"
        }
      ],
      "transparent": true,
      "type": "text"
    },
    {
      "collapsed": true,
      "datasource": "Metrics",
      "gridPos": {
        "h": 1,
        "w": 24,
        "x": 0,
        "y": 3
      },
      "id": 1971,
      "panels": [
        {
          "gridPos": {
            "h": 7,
            "w": 24,
            "x": 0,
            "y": 12
          },
          "id": 1973,
          "options": {
            "code": {
              "language": "plaintext",
              "showLineNumbers": false,
              "showMiniMap": false
            },
            "content": "### Disclaimer \n\nThis Experimental Dashboard is not a part of the official Percona Monitoring and Management (PMM) deployment and might be updated. \nWe ship this Dashboard to obtain feedback from our users. \n\nOnce we officially release this Dashboard, it will be moved to the appropriate folder. \n\n### About Dashboard\n\nThe Dashboard provides the user with a high-level view of all the environments.\n\nTo provide feedback on the Dashboard, visit [our forum](https://forums.percona.com/c/percona-monitoring-and-management-pmm/pmm-unofficial-dashboards-and-plugins/67). \n",
            "mode": "markdown"
          },
          "pluginVersion": "9.2.18",
          "title": "Experimental Dashboard",
          "type": "text"
        }
      ],
      "targets": [
        {
          "datasource": "Metrics",
          "refId": "A"
        }
      ],
      "title": "Experimental Dashboard. Expand to read more.",
      "type": "row"
    },
    {
      "collapsed": true,
      "datasource": "Metrics",
      "gridPos": {
        "h": 1,
        "w": 24,
        "x": 0,
        "y": 4
      },
      "id": 1341,
      "panels": [
        {
          "datasource": "Metrics",
          "gridPos": {
            "h": 10,
            "w": 12,
            "x": 0,
            "y": 13
          },
          "height": "330px",
          "id": 1021,
          "links": [],
          "options": {
            "code": {
              "language": "plaintext",
              "showLineNumbers": false,
              "showMiniMap": false
            },
            "content": "**Overview**  \n[Percona Monitoring and Management (PMM)](https://www.percona.com/pmm) is a free and open-source platform for managing and monitoring MySQL, MongoDB, and PostgreSQL performance and provides time-based analysis to ensure that your data works as efficiently as possible. \n\n",
            "mode": "markdown"
          },
          "pluginVersion": "9.2.18",
          "type": "text"
        },
        {
          "datasource": "Metrics",
          "description": "",
          "gridPos": {
            "h": 10,
            "w": 12,
            "x": 12,
            "y": 13
          },
          "id": 1396,
          "options": {
            "feedUrl": "/percona-blog/feed",
            "showImage": true
          },
          "title": "Percona News",
          "type": "news"
        }
      ],
      "targets": [
        {
          "datasource": "Metrics",
          "refId": "A"
        }
      ],
      "title": "General information",
      "type": "row"
    },
    {
      "collapsed": false,
      "datasource": "Metrics",
      "gridPos": {
        "h": 1,
        "w": 24,
        "x": 0,
        "y": 5
      },
      "id": 1342,
      "panels": [],
      "targets": [
        {
          "datasource": "Metrics",
          "refId": "A"
        }
      ],
      "title": "Environment Overview",
      "type": "row"
    },
    {
      "datasource": "Metrics",
      "fieldConfig": {
        "defaults": {
          "mappings": [],
          "thresholds": {
            "mode": "percentage",
            "steps": [
              {
                "color": "green",
                "value": null
              }
            ]
          }
        },
        "overrides": [
          {
            "matcher": {
              "id": "byName",
              "options": "Environments"
            },
            "properties": [
              {
                "id": "thresholds",
                "value": {
                  "mode": "absolute",
                  "steps": [
                    {
                      "color": "rgb(255, 255, 255)",
                      "value": null
                    }
                  ]
                }
              }
            ]
          },
          {
            "matcher": {
              "id": "byName",
              "options": "CPU Busy"
            },
            "properties": [
              {
                "id": "unit",
                "value": "percent"
              },
              {
                "id": "decimals",
                "value": 2
              },
              {
                "id": "thresholds",
                "value": {
                  "mode": "absolute",
                  "steps": [
                    {
                      "color": "green",
                      "value": null
                    },
                    {
                      "color": "yellow",
                      "value": 70
                    },
                    {
                      "color": "red",
                      "value": 90
                    }
                  ]
                }
              }
            ]
          },
          {
            "matcher": {
              "id": "byName",
              "options": "Mem Available"
            },
            "properties": [
              {
                "id": "unit",
                "value": "percent"
              },
              {
                "id": "decimals",
                "value": 2
              },
              {
                "id": "thresholds",
                "value": {
                  "mode": "absolute",
                  "steps": [
                    {
                      "color": "red",
                      "value": null
                    },
                    {
                      "color": "yellow",
                      "value": 10
                    },
                    {
                      "color": "green",
                      "value": 20
                    }
                  ]
                }
              }
            ]
          },
          {
            "matcher": {
              "id": "byName",
              "options": "Disk Reads"
            },
            "properties": [
              {
                "id": "unit",
                "value": "Bps"
              },
              {
                "id": "decimals",
                "value": 2
              },
              {
                "id": "thresholds",
                "value": {
                  "mode": "absolute",
                  "steps": [
                    {
                      "color": "text",
                      "value": null
                    }
                  ]
                }
              }
            ]
          },
          {
            "matcher": {
              "id": "byName",
              "options": "Disk Writes"
            },
            "properties": [
              {
                "id": "unit",
                "value": "Bps"
              },
              {
                "id": "thresholds",
                "value": {
                  "mode": "absolute",
                  "steps": [
                    {
                      "color": "rgb(255, 255, 255)",
                      "value": null
                    }
                  ]
                }
              },
              {
                "id": "decimals",
                "value": 2
              }
            ]
          },
          {
            "matcher": {
              "id": "byName",
              "options": "Network IO"
            },
            "properties": [
              {
                "id": "unit",
                "value": "Bps"
              },
              {
                "id": "thresholds",
                "value": {
                  "mode": "absolute",
                  "steps": [
                    {
                      "color": "rgb(255, 255, 255)",
                      "value": null
                    }
                  ]
                }
              },
              {
                "id": "decimals",
                "value": 2
              }
            ]
          },
          {
            "matcher": {
              "id": "byName",
              "options": "DB Connections"
            },
            "properties": [
              {
                "id": "thresholds",
                "value": {
                  "mode": "absolute",
                  "steps": [
                    {
                      "color": "rgb(255, 255, 255)",
                      "value": null
                    }
                  ]
                }
              }
            ]
          },
          {
            "matcher": {
              "id": "byName",
              "options": "DB QPS"
            },
            "properties": [
              {
                "id": "decimals",
                "value": 2
              },
              {
                "id": "unit",
                "value": "short"
              },
              {
                "id": "thresholds",
                "value": {
                  "mode": "absolute",
                  "steps": [
                    {
                      "color": "rgb(255, 255, 255)",
                      "value": null
                    }
                  ]
                }
              }
            ]
          },
          {
            "matcher": {
              "id": "byName",
              "options": "Virtual CPUs"
            },
            "properties": [
              {
                "id": "thresholds",
                "value": {
                  "mode": "absolute",
                  "steps": [
                    {
                      "color": "rgb(255, 255, 255)",
                      "value": null
                    }
                  ]
                }
              }
            ]
          },
          {
            "matcher": {
              "id": "byName",
              "options": "RAM"
            },
            "properties": [
              {
                "id": "unit",
                "value": "bytes"
              },
              {
                "id": "thresholds",
                "value": {
                  "mode": "absolute",
                  "steps": [
                    {
                      "color": "rgb(255, 255, 255)",
                      "value": null
                    }
                  ]
                }
              },
              {
                "id": "decimals",
                "value": 2
              }
            ]
          },
          {
            "matcher": {
              "id": "byName",
              "options": "Min Node Uptime"
            },
            "properties": [
              {
                "id": "unit",
                "value": "s"
              },
              {
                "id": "decimals",
                "value": 2
              },
              {
                "id": "thresholds",
                "value": {
                  "mode": "absolute",
                  "steps": [
                    {
                      "color": "dark-red",
                      "value": null
                    },
                    {
                      "color": "yellow",
                      "value": 3600
                    },
                    {
                      "color": "green",
                      "value": 86400
                    }
                  ]
                }
              }
            ]
          },
          {
            "matcher": {
              "id": "byName",
              "options": "Min DB Uptime"
            },
            "properties": [
              {
                "id": "unit",
                "value": "s"
              },
              {
                "id": "decimals",
                "value": 2
              },
              {
                "id": "thresholds",
                "value": {
                  "mode": "absolute",
                  "steps": [
                    {
                      "color": "dark-red",
                      "value": null
                    },
                    {
                      "color": "yellow",
                      "value": 3600
                    },
                    {
                      "color": "green",
                      "value": 86400
                    }
                  ]
                }
              }
            ]
          },
          {
            "matcher": {
              "id": "byName",
              "options": "Nodes"
            },
            "properties": [
              {
                "id": "thresholds",
                "value": {
                  "mode": "absolute",
                  "steps": [
                    {
                      "color": "rgb(255, 255, 255)",
                      "value": null
                    }
                  ]
                }
              }
            ]
          },
          {
            "matcher": {
              "id": "byName",
              "options": "Services"
            },
            "properties": [
              {
                "id": "thresholds",
                "value": {
                  "mode": "absolute",
                  "steps": [
                    {
                      "color": "rgb(255, 255, 255)",
                      "value": null
                    }
                  ]
                }
              }
            ]
          }
        ]
      },
      "gridPos": {
        "h": 9,
        "w": 17,
        "x": 0,
        "y": 6
      },
      "id": 1723,
      "options": {
        "colorMode": "value",
        "graphMode": "none",
        "justifyMode": "center",
        "orientation": "auto",
        "reduceOptions": {
          "calcs": ["lastNotNull"],
          "fields": "",
          "values": false
        },
        "text": {
          "valueSize": 22
        },
        "textMode": "auto"
      },
      "pluginVersion": "9.2.20",
      "targets": [
        {
          "datasource": "Metrics",
          "editorMode": "code",
          "exemplar": false,
          "expr": "count(count by (environment) (up{environment=~\"$environment\", environment!~\"\"})) or vector(0)",
          "hide": false,
          "instant": true,
          "interval": "$interval",
          "legendFormat": "Environments",
          "refId": "B"
        },
        {
          "datasource": "Metrics",
          "exemplar": false,
          "expr": "count(count by (node_name) (up{node_name=~\"$node_name\",environment=~\"$environment\"})) or vector(0)",
          "instant": true,
          "interval": "$interval",
          "legendFormat": "Nodes",
          "refId": "M"
        },
        {
          "datasource": "Metrics",
          "editorMode": "code",
          "exemplar": false,
          "expr": "count(count by (id_service) (label_replace(up{node_name=~\"$node_name\",job=~\"mysql.*|mongodb.*|postgres.*|proxysql.*|external.*\",environment=~\"$environment\"}, \"id_service\", \"$2\", \"job\", \"(.*)_exporter_agent_id_(.*)_(.*)\"))) or vector(0)",
          "instant": true,
          "interval": "$interval",
          "legendFormat": "Services",
          "refId": "N"
        },
        {
          "datasource": "Metrics",
          "editorMode": "code",
          "expr": "avg(avg by (node_name)(((clamp_max(avg by (node_name) (sum by (node_name,cpu) ( (clamp_max(rate(node_cpu_seconds_total{node_name=~\"$node_name\",mode!='idle',mode!=\"iowait\"}[$interval]),1)) or(clamp_max(irate(node_cpu_seconds_total{node_name=~\"$node_name\",mode!='idle',mode!=\"iowait\"}[5m]),1)) )),1) *100 or\nsum by (node_name) (avg_over_time(node_cpu_average{node_name=~\"$node_name\",mode!=\"idle\", mode!=\"total\"}[$interval]) or avg_over_time(node_cpu_average{node_name=~\"$node_name\",mode!=\"idle\", mode!=\"total\"}[5m]))) * on(node_name) group_left(environment) avg by (node_name, environment) (up{node_name=~\"$node_name\",service_type=~\"mysql|mongodb|postgresql|external\",job=~\".*_hr$|^external-exporter.*\"})) * on(node_name) group_left(environment) avg by (node_name, environment) (up{node_name=~\"$node_name\",service_type=~\"mysql|mongodb|postgresql|proxysql|haproxy|external\",job=~\".*_hr$|^external-exporter.*\",environment=~\"$environment\"})))",
          "hide": false,
          "instant": false,
          "interval": "$interval",
          "legendFormat": "CPU Busy",
          "refId": "A"
        },
        {
          "datasource": "Metrics",
          "editorMode": "code",
          "expr": "avg(avg by (node_name) ((((node_memory_MemAvailable_bytes{node_name=~\"$node_name\"} or (node_memory_MemFree_bytes{node_name=~\"$node_name\"} + node_memory_Buffers_bytes{node_name=~\"$node_name\"} + node_memory_Cached_bytes{node_name=~\"$node_name\"})) / node_memory_MemTotal_bytes{node_name=~\"$node_name\"} or\n(rdsosmetrics_memory_free{node_name=~\"$node_name\"} + rdsosmetrics_memory_buffers{node_name=~\"$node_name\"} + rdsosmetrics_memory_cached{node_name=~\"$node_name\"})/ rdsosmetrics_memory_total{node_name=~\"$node_name\"}) * 100) * on(node_name) group_left(environment) avg by (node_name, environment) (up{node_name=~\"$node_name\",service_type=~\"mysql|mongodb|postgresql|proxysql|haproxy|external\",job=~\".*_hr$|^external-exporter.*\",environment=~\"$environment\"}))) ",
          "interval": "$interval",
          "legendFormat": "Mem Available",
          "range": true,
          "refId": "C"
        },
        {
          "datasource": "Metrics",
          "editorMode": "code",
          "expr": "avg(avg by (node_name)(((rate(node_vmstat_pgpgin{node_name=~\"$node_name\"}[$interval]) or irate(node_vmstat_pgpgin{node_name=~\"$node_name\"}[5m]) or \nsum by (node_name) (max_over_time(rdsosmetrics_diskIO_readKbPS{node_name=~\"$node_name\"}[$interval]) or max_over_time(rdsosmetrics_diskIO_readKbPS{node_name=~\"$node_name\"}[5m]))) * 1024) * on(node_name) group_left(environment) avg by (node_name, environment) (up{node_name=~\"$node_name\",service_type=~\"mysql|mongodb|postgresql|proxysql|haproxy|external\",job=~\".*_hr$|^external-exporter.*\",environment=~\"$environment\"})))",
          "interval": "$interval",
          "legendFormat": "Disk Reads",
          "range": true,
          "refId": "D"
        },
        {
          "datasource": "Metrics",
          "editorMode": "code",
          "expr": "avg(avg by (node_name)(((rate(node_vmstat_pgpgout{node_name=~\"$node_name\"}[$interval]) or irate(node_vmstat_pgpgout{node_name=~\"$node_name\"}[5m]) or\nsum by (node_name) (max_over_time(rdsosmetrics_diskIO_writeKbPS{node_name=~\"$node_name\"}[$interval]) or max_over_time(rdsosmetrics_diskIO_writeKbPS{node_name=~\"$node_name\"}[5m]))) * 1024) * on(node_name) group_left(environment) avg by (node_name, environment) (up{node_name=~\"$node_name\",service_type=~\"mysql|mongodb|postgresql|proxysql|haproxy|external\",job=~\".*_hr$|^external-exporter.*\",environment=~\"$environment\"})))",
          "interval": "$interval",
          "legendFormat": "Disk Writes",
          "range": true,
          "refId": "E"
        },
        {
          "datasource": "Metrics",
          "editorMode": "code",
          "expr": "avg(avg by (node_name) (((sum by (node_name, service_name) (rate(node_network_receive_bytes_total{node_name=~\"$node_name\", device!=\"lo\"}[$interval]) or\nirate(node_network_receive_bytes_total{node_name=~\"$node_name\", device!=\"lo\"}[5m])) or \nsum by (node_name) (max_over_time(rdsosmetrics_network_rx{node_name=~\"$node_name\"}[$interval])) or \nsum by (node_name) (max_over_time(rdsosmetrics_network_rx{node_name=~\"$node_name\"}[5m]))) + \n(sum by (node_name) (rate(node_network_transmit_bytes_total{node_name=~\"$node_name\", device!=\"lo\"}[$interval]) or \nirate(node_network_transmit_bytes_total{node_name=~\"$node_name\", device!=\"lo\"}[5m])) or \nsum by (node_name) (max_over_time(rdsosmetrics_network_tx{node_name=~\"$node_name\"}[$interval])) or \nsum by (node_name) (max_over_time(rdsosmetrics_network_tx{node_name=~\"$node_name\"}[5m]))))  * on(node_name) group_left(environment) avg by (node_name, environment)(up{node_name=~\"$node_name\",service_type=~\"mysql|mongodb|postgresql|proxysql|haproxy|external\",job=~\".*_hr$|^external-exporter.*\",environment=~\"$environment\"})))",
          "interval": "$interval",
          "legendFormat": "Network IO",
          "range": true,
          "refId": "F"
        },
        {
          "datasource": "Metrics",
          "expr": "sum by () (max_over_time(mysql_global_status_threads_connected{node_name=~\"$node_name\",environment=~\"$environment\"}[$interval]) or \nmax_over_time(mongodb_connections{node_name=~\"$node_name\",state=\"current\",environment=~\"$environment\"}[$interval]) or\nsum by (node_name) (max_over_time(pg_stat_database_numbackends{node_name=~\"$node_name\",environment=~\"$environment\"}[$interval])))",
          "instant": false,
          "interval": "$interval",
          "legendFormat": "DB Connections",
          "refId": "G"
        },
        {
          "datasource": "Metrics",
          "expr": "sum by () (\n(rate(mysql_global_status_queries{node_name=~\"$node_name\",environment=~\"$environment\"}[5m]) or \nirate(mysql_global_status_queries{node_name=~\"$node_name\",environment=~\"$environment\"}[5m])) or \n(rate(mongodb_op_counters_total{node_name=~\"$node_name\",type!=\"command\",environment=~\"$environment\"}[5m]) or \nirate(mongodb_op_counters_total{node_name=~\"$node_name\",type!=\"command\",environment=~\"$environment\"}[5m])) or\n((rate(pg_stat_database_xact_commit{node_name=~\"$node_name\",environment=~\"$environment\"}[5m]) + \nrate(pg_stat_database_xact_rollback{node_name=~\"$node_name\",environment=~\"$environment\"}[5m])) or\n(irate(pg_stat_database_xact_commit{node_name=~\"$node_name\",environment=~\"$environment\"}[5m]) + \nirate(pg_stat_database_xact_rollback{node_name=~\"$node_name\",environment=~\"$environment\"}[5m])))\n)",
          "interval": "$interval",
          "legendFormat": "DB QPS",
          "refId": "H"
        },
        {
          "datasource": "Metrics",
          "editorMode": "code",
          "expr": "sum(avg by (node_name) (((count by (node_name) (node_cpu_seconds_total{node_name=~\"$node_name\",mode=~\"user\"}) or (1-absent(node_cpu_seconds_total{node_name=~\"$node_name\",mode=~\"user\"}))) + \nsum by (node_name) (rdsosmetrics_General_numVCPUs{node_name=~\"$node_name\"} or up * 0)) * on(node_name) group_left(environment) avg by (node_name, environment)(up{node_name=~\"$node_name\",service_type=~\"mysql|mongodb|postgresql|proxysql|haproxy|external\",job=~\".*_hr$|^external-exporter.*\",environment=~\"$environment\"})))",
          "interval": "$interval",
          "legendFormat": "Virtual CPUs",
          "range": true,
          "refId": "I"
        },
        {
          "datasource": "Metrics",
          "editorMode": "code",
          "exemplar": false,
          "expr": "sum(avg by (node_name) ((node_memory_MemTotal_bytes{node_name=~\"$node_name\"} or (rdsosmetrics_memory_total{node_name=~\"$node_name\"}*1024)) * on(node_name) group_left(environment) avg by (node_name, environment)(up{node_name=~\"$node_name\",service_type=~\"mysql|mongodb|postgresql|proxysql|haproxy|external\",job=~\".*_hr$|^external-exporter.*\",environment=~\"$environment\"})))",
          "instant": true,
          "interval": "$interval",
          "legendFormat": "RAM",
          "refId": "J"
        },
        {
          "datasource": "Metrics",
          "editorMode": "code",
          "exemplar": false,
          "expr": "min((node_time_seconds{node_name=~\"$node_name\"} - node_boot_time_seconds{node_name=~\"$node_name\"}) * on(node_name) group_left(environment) avg by (node_name, environment) (up{node_name=~\"$node_name\",service_type=~\"mysql|mongodb|postgresql|proxysql|haproxy|external\",job=~\".*_hr$|^external-exporter.*\",environment=~\"$environment\"} > 0 ))",
          "hide": false,
          "instant": true,
          "interval": "$interval",
          "legendFormat": "Min Node Uptime",
          "refId": "K"
        },
        {
          "datasource": "Metrics",
          "expr": "min(min by (service_name) (mysql_global_status_uptime{node_name=~\"$node_name\",environment=~\"$environment\"} or \nmongodb_instance_uptime_seconds {node_name=~\"$node_name\",environment=~\"$environment\"} or \n(time() - process_start_time_seconds{node_name=~\"$node_name\",job=~\"postgres_exporter.*\",environment=~\"$environment\"})))",
          "interval": "$interval",
          "legendFormat": "Min DB Uptime",
          "refId": "L"
        }
      ],
      "title": "Environment Overview",
      "type": "stat"
    },
    {
      "datasource": "Metrics",
      "description": "Display the number of Advisors identified as failed during its most recent run.",
      "gridPos": {
        "h": 4,
        "w": 7,
        "x": 17,
        "y": 6
      },
      "id": 1381,
      "links": [],
      "options": {
        "title": "Advisor Insights"
      },
      "targets": [
        {
          "datasource": "Metrics",
          "refId": "A"
        }
      ],
      "title": "Advisor Insights",
      "type": "pmm-check-panel"
    },
    {
      "datasource": "Metrics",
      "gridPos": {
        "h": 5,
        "w": 7,
        "x": 17,
        "y": 10
      },
      "id": 1975,
      "title": "PMM Upgrade",
      "type": "pmm-update-panel"
    },
    {
      "aliasColors": {},
      "bars": false,
      "dashLength": 10,
      "dashes": false,
      "datasource": "Metrics",
      "decimals": 2,
      "description": "",
      "fieldConfig": {
        "defaults": {
          "links": [
            {
              "targetBlank": true,
              "title": "Environment Summary - ${__series.name}",
              "url": "/graph/d/envronment-summary/environment-summary?var-environment=${__series.name}&$__url_time_range"
            }
          ]
        },
        "overrides": []
      },
      "fill": 2,
      "fillGradient": 9,
      "gridPos": {
        "h": 5,
        "w": 12,
        "x": 0,
        "y": 15
      },
      "hiddenSeries": false,
      "id": 1860,
      "legend": {
        "alignAsTable": true,
        "avg": true,
        "current": false,
        "max": true,
        "min": true,
        "show": false,
        "sort": "avg",
        "sortDesc": true,
        "total": false,
        "values": true
      },
      "lines": true,
      "linewidth": 2,
      "nullPointMode": "null",
      "options": {
        "alertThreshold": true
      },
      "percentage": false,
      "pluginVersion": "9.2.20",
      "pointradius": 0.5,
      "points": false,
      "renderer": "flot",
      "seriesOverrides": [],
      "spaceLength": 10,
      "stack": false,
      "steppedLine": true,
      "targets": [
        {
          "datasource": "Metrics",
          "editorMode": "code",
          "expr": "avg by (environment) (((clamp_max(avg by (node_name,environment) (sum by (node_name,cpu,environment) ( (clamp_max(rate(node_cpu_seconds_total{node_name=~\"$node_name\",mode!='idle',mode!=\"iowait\"}[$interval]),1)) or(clamp_max(irate(node_cpu_seconds_total{node_name=~\"$node_name\",mode!='idle',mode!=\"iowait\"}[5m]),1)) )),1) *100 or\nsum by (node_name,environment) (avg_over_time(node_cpu_average{node_name=~\"$node_name\",mode!=\"idle\", mode!=\"total\"}[$interval]) or avg_over_time(node_cpu_average{node_name=~\"$node_name\",mode!=\"idle\", mode!=\"total\"}[5m]))) * on(node_name) group_left(environment) avg by (node_name, environment) (up{node_name=~\"$node_name\",service_type=~\"mysql|mongodb|postgresql|external\",job=~\".*_hr$|^external-exporter.*\",environment!~\"\"})) * on(node_name) group_left(environment) avg by (node_name, environment) (up{node_name=~\"$node_name\",service_type=~\"mysql|mongodb|postgresql|proxysql|haproxy|external\",job=~\".*_hr$|^external-exporter.*\",environment=~\"$environment\",environment!~\"\"} > 0))",
          "interval": "$interval",
          "legendFormat": "{{environment}}",
          "range": true,
          "refId": "A"
        }
      ],
      "thresholds": [],
      "timeRegions": [],
      "title": "CPU Usage per Environment",
      "tooltip": {
        "shared": true,
        "sort": 0,
        "value_type": "individual"
      },
      "type": "graph",
      "xaxis": {
        "mode": "time",
        "show": true,
        "values": []
      },
      "yaxes": [
        {
          "decimals": 2,
          "format": "percent",
          "label": "CPU Usage",
          "logBase": 1,
          "max": "100",
          "min": "0",
          "show": true
        },
        {
          "decimals": 2,
          "format": "percent",
          "label": "Memory Usage",
          "logBase": 1,
          "max": "100",
          "min": "0",
          "show": false
        }
      ],
      "yaxis": {
        "align": true,
        "alignLevel": 0
      }
    },
    {
      "aliasColors": {},
      "bars": false,
      "dashLength": 10,
      "dashes": false,
      "datasource": "Metrics",
      "decimals": 2,
      "description": "",
      "fieldConfig": {
        "defaults": {
          "links": [
            {
              "targetBlank": true,
              "title": "Environment Summary - ${__series.name}",
              "url": "/graph/d/envronment-summary/environment-summary?var-environment=${__series.name}&$__url_time_range"
            }
          ]
        },
        "overrides": []
      },
      "fill": 0,
      "fillGradient": 0,
      "gridPos": {
        "h": 5,
        "w": 12,
        "x": 12,
        "y": 15
      },
      "hiddenSeries": false,
      "id": 1961,
      "legend": {
        "alignAsTable": true,
        "avg": true,
        "current": false,
        "max": true,
        "min": true,
        "show": false,
        "sort": "avg",
        "sortDesc": true,
        "total": false,
        "values": true
      },
      "lines": false,
      "linewidth": 2,
      "nullPointMode": "null",
      "options": {
        "alertThreshold": false
      },
      "percentage": false,
      "pluginVersion": "9.2.20",
      "pointradius": 1,
      "points": true,
      "renderer": "flot",
      "seriesOverrides": [],
      "spaceLength": 10,
      "stack": false,
      "steppedLine": true,
      "targets": [
        {
          "datasource": "Metrics",
          "expr": "sum by(environment)(max_over_time(mysql_global_status_threads_connected{node_name=~\"$node_name\",environment=~\"$environment\",environment!~\"\"}[$interval]) or \nlabel_replace(mysql_global_status_threads_connected{node_name=~\"$node_name\",node_type=\"remote\",environment=~\"$environment\",environment!~\"\"},\"node_name\",\"pmm-server\",\"\",\"\") or\nmax_over_time(mongodb_connections{node_name=~\"$node_name\",state=\"current\",environment=~\"$environment\",environment!~\"\"}[$interval]) or\nsum by (node_name,environment) (max_over_time(pg_stat_database_numbackends{node_name=~\"$node_name\",environment=~\"$environment\",environment!~\"\"}[$interval])))",
          "interval": "$interval",
          "legendFormat": "{{environment}}",
          "refId": "A"
        }
      ],
      "thresholds": [],
      "timeRegions": [],
      "title": "Used Connections per Environment",
      "tooltip": {
        "shared": true,
        "sort": 0,
        "value_type": "individual"
      },
      "type": "graph",
      "xaxis": {
        "mode": "time",
        "show": true,
        "values": []
      },
      "yaxes": [
        {
          "decimals": 2,
          "format": "short",
          "label": "Connections",
          "logBase": 1,
          "min": "0",
          "show": true
        },
        {
          "format": "percentunit",
          "label": "Error Rate",
          "logBase": 1,
          "min": "0",
          "show": false
        }
      ],
      "yaxis": {
        "align": false
      }
    },
    {
      "aliasColors": {},
      "bars": false,
      "dashLength": 10,
      "dashes": false,
      "datasource": "Metrics",
      "decimals": 2,
      "description": "",
      "fieldConfig": {
        "defaults": {
          "links": [
            {
              "targetBlank": true,
              "title": "Environment Summary - ${__series.name}",
              "url": "/graph/d/envronment-summary/environment-summary?var-environment=${__series.name}&$__url_time_range"
            }
          ]
        },
        "overrides": []
      },
      "fill": 2,
      "fillGradient": 8,
      "gridPos": {
        "h": 5,
        "w": 12,
        "x": 0,
        "y": 20
      },
      "hiddenSeries": false,
      "id": 1941,
      "legend": {
        "alignAsTable": true,
        "avg": true,
        "current": false,
        "max": true,
        "min": true,
        "show": false,
        "sort": "avg",
        "sortDesc": true,
        "total": false,
        "values": true
      },
      "lines": true,
      "linewidth": 2,
      "nullPointMode": "null",
      "options": {
        "alertThreshold": true
      },
      "percentage": false,
      "pluginVersion": "9.2.20",
      "pointradius": 0.5,
      "points": false,
      "renderer": "flot",
      "seriesOverrides": [],
      "spaceLength": 10,
      "stack": false,
      "steppedLine": true,
      "targets": [
        {
          "datasource": "Metrics",
          "editorMode": "code",
          "expr": "100 - avg by (environment) ((((node_memory_MemAvailable_bytes{node_name=~\"$node_name\"} or (node_memory_MemFree_bytes{node_name=~\"$node_name\"} + node_memory_Buffers_bytes{node_name=~\"$node_name\"} + node_memory_Cached_bytes{node_name=~\"$node_name\"})) / node_memory_MemTotal_bytes{node_name=~\"$node_name\"} or\n(rdsosmetrics_memory_free{node_name=~\"$node_name\"} + rdsosmetrics_memory_buffers{node_name=~\"$node_name\"} + rdsosmetrics_memory_cached{node_name=~\"$node_name\"})/ rdsosmetrics_memory_total{node_name=~\"$node_name\"}) * 100) * on(node_name) group_left(environment) avg by (node_name, environment) (up{node_name=~\"$node_name\",service_type=~\"mysql|mongodb|postgresql|proxysql|haproxy|external\",job=~\".*_hr$|^external-exporter.*\",environment=~\"$environment\",environment!~\"\"} > 0))",
          "interval": "$interval",
          "legendFormat": "{{environment}}",
          "range": true,
          "refId": "B"
        }
      ],
      "thresholds": [],
      "timeRegions": [],
      "title": "Memory Usage per Environment",
      "tooltip": {
        "shared": true,
        "sort": 0,
        "value_type": "individual"
      },
      "type": "graph",
      "xaxis": {
        "mode": "time",
        "show": true,
        "values": []
      },
      "yaxes": [
        {
          "decimals": 2,
          "format": "percent",
          "label": "Memory Usage",
          "logBase": 1,
          "max": "100",
          "min": "0",
          "show": true
        },
        {
          "decimals": 2,
          "format": "percent",
          "label": "Memory Usage",
          "logBase": 1,
          "max": "100",
          "min": "0",
          "show": false
        }
      ],
      "yaxis": {
        "align": true,
        "alignLevel": 0
      }
    },
    {
      "aliasColors": {},
      "bars": false,
      "dashLength": 10,
      "dashes": false,
      "datasource": "Metrics",
      "decimals": 2,
      "description": "",
      "fieldConfig": {
        "defaults": {
          "links": [
            {
              "targetBlank": true,
              "title": "Environment Summary - ${__series.name}",
              "url": "/graph/d/envronment-summary/environment-summary?var-environment=${__series.name}&$__url_time_range"
            }
          ]
        },
        "overrides": []
      },
      "fill": 2,
      "fillGradient": 5,
      "gridPos": {
        "h": 5,
        "w": 12,
        "x": 12,
        "y": 20
      },
      "hiddenSeries": false,
      "id": 1847,
      "legend": {
        "avg": false,
        "current": false,
        "max": false,
        "min": false,
        "show": false,
        "total": false,
        "values": false
      },
      "lines": true,
      "linewidth": 2,
      "nullPointMode": "null",
      "options": {
        "alertThreshold": true
      },
      "percentage": false,
      "pluginVersion": "9.2.20",
      "pointradius": 2,
      "points": false,
      "renderer": "flot",
      "seriesOverrides": [
        {
          "alias": "/Error Rate - .*/",
          "yaxis": 2
        }
      ],
      "spaceLength": 10,
      "stack": false,
      "steppedLine": true,
      "targets": [
        {
          "datasource": "Metrics",
          "expr": "sum by (environment) (\n(rate(mysql_global_status_queries{node_name=~\"$node_name\",environment=~\"$environment\",environment!~\"\"}[5m]) or \nirate(mysql_global_status_queries{node_name=~\"$node_name\",environment=~\"$environment\",environment!~\"\"}[5m])) or \n(rate(mongodb_op_counters_total{node_name=~\"$node_name\",type!=\"command\",environment=~\"$environment\",environment!~\"\"}[5m]) or \nirate(mongodb_op_counters_total{node_name=~\"$node_name\",type!=\"command\",environment=~\"$environment\",environment!~\"\"}[5m])) or\n((rate(pg_stat_database_xact_commit{node_name=~\"$node_name\",environment=~\"$environment\",environment!~\"\"}[5m]) + \nrate(pg_stat_database_xact_rollback{node_name=~\"$node_name\",environment=~\"$environment\",environment!~\"\"}[5m])) or\n(irate(pg_stat_database_xact_commit{node_name=~\"$node_name\",environment=~\"$environment\",environment!~\"\"}[5m]) + \nirate(pg_stat_database_xact_rollback{node_name=~\"$node_name\",environment=~\"$environment\",environment!~\"\"}[5m])))\n)",
          "hide": false,
          "interval": "$interval",
          "legendFormat": "{{environment}}",
          "refId": "A"
        }
      ],
      "thresholds": [],
      "timeRegions": [],
      "title": "QPS | Error Rate per Environment",
      "tooltip": {
        "shared": true,
        "sort": 0,
        "value_type": "individual"
      },
      "type": "graph",
      "xaxis": {
        "mode": "time",
        "show": true,
        "values": []
      },
      "yaxes": [
        {
          "decimals": 2,
          "format": "ops",
          "label": "QPS",
          "logBase": 1,
          "min": "0",
          "show": true
        },
        {
          "decimals": 2,
          "format": "percentunit",
          "label": "Error Rate",
          "logBase": 1,
          "max": "1",
          "min": "0",
          "show": true
        }
      ],
      "yaxis": {
        "align": true
      }
    },
    {
      "aliasColors": {},
      "bars": false,
      "dashLength": 10,
      "dashes": false,
      "datasource": "Metrics",
      "decimals": 2,
      "description": "",
      "fieldConfig": {
        "defaults": {
          "links": [
            {
              "targetBlank": true,
              "title": "Environment Summary - ${__series.name}",
              "url": "/graph/d/envronment-summary/environment-summary?var-environment=${__series.name}&$__url_time_range"
            }
          ]
        },
        "overrides": []
      },
      "fill": 2,
      "fillGradient": 8,
      "gridPos": {
        "h": 5,
        "w": 12,
        "x": 0,
        "y": 25
      },
      "hiddenSeries": false,
      "id": 1963,
      "legend": {
        "alignAsTable": true,
        "avg": true,
        "current": false,
        "max": true,
        "min": true,
        "show": false,
        "sort": "avg",
        "sortDesc": true,
        "total": false,
        "values": true
      },
      "lines": true,
      "linewidth": 2,
      "nullPointMode": "null",
      "options": {
        "alertThreshold": true
      },
      "percentage": false,
      "pluginVersion": "9.2.20",
      "pointradius": 0.5,
      "points": false,
      "renderer": "flot",
      "seriesOverrides": [],
      "spaceLength": 10,
      "stack": false,
      "steppedLine": true,
      "targets": [
        {
          "datasource": "Metrics",
          "editorMode": "code",
          "expr": "100 - min by (environment) (clamp_max((min by (node_name, environment) (node_filesystem_free_bytes{fstype!~\"rootfs|selinuxfs|autofs|rpc_pipefs|tmpfs|shm|overlay\"}/\nnode_filesystem_size_bytes{fstype!~\"rootfs|selinuxfs|autofs|rpc_pipefs|tmpfs|shm|overlay\"} > 0 )*100),100) * on(node_name) group_left(environment) avg by (node_name, environment) (up{service_type=~\"mysql|mongodb|postgresql|proxysql|haproxy|external\",job=~\".*_hr$|^external-exporter.*\",environment=~\"$environment\",environment!~\"\"} > 0 ))",
          "interval": "$interval",
          "legendFormat": "{{environment}}",
          "range": true,
          "refId": "B"
        }
      ],
      "thresholds": [],
      "timeRegions": [],
      "title": "Disk Space Usage per Environment",
      "tooltip": {
        "shared": true,
        "sort": 0,
        "value_type": "individual"
      },
      "type": "graph",
      "xaxis": {
        "mode": "time",
        "show": true,
        "values": []
      },
      "yaxes": [
        {
          "decimals": 2,
          "format": "percent",
          "label": "Disk Usage",
          "logBase": 1,
          "max": "100",
          "min": "0",
          "show": true
        },
        {
          "decimals": 2,
          "format": "percent",
          "label": "Memory Usage",
          "logBase": 1,
          "max": "100",
          "min": "0",
          "show": false
        }
      ],
      "yaxis": {
        "align": true,
        "alignLevel": 0
      }
    },
    {
      "datasource": {
        "type": "grafana-clickhouse-datasource",
        "uid": "PDEE91DDB90597936"
      },
      "description": "",
      "fieldConfig": {
        "defaults": {
          "color": {
            "mode": "palette-classic"
          },
          "custom": {
            "axisCenteredZero": false,
            "axisColorMode": "text",
            "axisGridShow": true,
            "axisLabel": "Latency",
            "axisPlacement": "auto",
            "barAlignment": 0,
            "drawStyle": "line",
            "fillOpacity": 6,
            "gradientMode": "none",
            "hideFrom": {
              "legend": false,
              "tooltip": false,
              "viz": false
            },
            "lineInterpolation": "linear",
            "lineStyle": {
              "fill": "solid"
            },
            "lineWidth": 2,
            "pointSize": 5,
            "scaleDistribution": {
              "type": "linear"
            },
            "showPoints": "never",
            "spanNulls": false,
            "stacking": {
              "group": "A",
              "mode": "none"
            },
            "thresholdsStyle": {
              "mode": "off"
            }
          },
          "decimals": 2,
          "links": [
            {
              "targetBlank": true,
              "title": "Environment Summary - ${__series.name}",
              "url": "/graph/d/envronment-summary/environment-summary?var-environment=${__series.name}&$__url_time_range"
            }
          ],
          "mappings": [],
          "min": 0,
          "thresholds": {
            "mode": "absolute",
            "steps": [
              {
                "color": "green",
                "value": null
              },
              {
                "color": "red",
                "value": 80
              }
            ]
          },
          "unit": "s"
        },
        "overrides": []
      },
      "gridPos": {
        "h": 5,
        "w": 12,
        "x": 12,
        "y": 25
      },
      "id": 1962,
      "options": {
        "legend": {
          "calcs": ["mean", "max", "min"],
          "displayMode": "list",
          "placement": "bottom",
          "showLegend": false
        },
        "tooltip": {
          "mode": "multi",
          "sort": "none"
        }
      },
      "pluginVersion": "9.2.18",
      "targets": [
        {
          "builderOptions": {},
          "datasource": {
            "type": "grafana-clickhouse-datasource",
            "uid": "PDEE91DDB90597936"
          },
          "format": 0,
          "hide": false,
          "meta": {},
          "queryType": "sql",
          "rawSql": "SELECT sum(m_query_time_sum)/sum(m_query_time_cnt) as QLatency,\nenvironment, period_start as t\nFROM pmm.\"metrics\" \nWHERE $__timeFilter(period_start)\nGROUP BY t, environment\nORDER BY t",
          "refId": "A",
          "selectedFormat": 0
        }
      ],
      "title": "Query Latency per Environment",
      "type": "timeseries"
    },
    {
      "collapsed": true,
      "datasource": "Metrics",
      "gridPos": {
        "h": 1,
        "w": 24,
        "x": 0,
        "y": 30
      },
      "id": 1965,
      "panels": [
        {
          "datasource": "Metrics",
          "description": "",
          "fieldConfig": {
            "defaults": {
              "custom": {
                "align": "auto",
                "displayMode": "auto",
                "inspect": false,
                "minWidth": 110
              },
              "mappings": [],
              "noValue": "-",
              "thresholds": {
                "mode": "percentage",
                "steps": [
                  {
                    "color": "green",
                    "value": null
                  },
                  {
                    "color": "red",
                    "value": 80
                  }
                ]
              },
              "unit": "none"
            },
            "overrides": [
              {
                "matcher": {
                  "id": "byName",
                  "options": "Value #O"
                },
                "properties": [
                  {
                    "id": "unit",
                    "value": "bytes"
                  },
                  {
                    "id": "displayName",
                    "value": "RAM"
                  },
                  {
                    "id": "custom.width",
                    "value": 100
                  }
                ]
              },
              {
                "matcher": {
                  "id": "byName",
                  "options": "Value #N"
                },
                "properties": [
                  {
                    "id": "displayName",
                    "value": "vCPU"
                  },
                  {
                    "id": "custom.width",
                    "value": 100
                  }
                ]
              },
              {
                "matcher": {
                  "id": "byName",
                  "options": "Value #M"
                },
                "properties": [
                  {
                    "id": "displayName",
                    "value": "Network IO"
                  },
                  {
                    "id": "unit",
                    "value": "bytes"
                  }
                ]
              },
              {
                "matcher": {
                  "id": "byName",
                  "options": "Value #L"
                },
                "properties": [
                  {
                    "id": "displayName",
                    "value": "Disk writes"
                  },
                  {
                    "id": "unit",
                    "value": "bytes"
                  }
                ]
              },
              {
                "matcher": {
                  "id": "byName",
                  "options": "Value #J"
                },
                "properties": [
                  {
                    "id": "displayName",
                    "value": "Disk reads"
                  },
                  {
                    "id": "unit",
                    "value": "bytes"
                  }
                ]
              },
              {
                "matcher": {
                  "id": "byName",
                  "options": "Value #I"
                },
                "properties": [
                  {
                    "id": "displayName",
                    "value": "Avail memory"
                  },
                  {
                    "id": "unit",
                    "value": "percent"
                  }
                ]
              },
              {
                "matcher": {
                  "id": "byName",
                  "options": "Value #G"
                },
                "properties": [
                  {
                    "id": "displayName",
                    "value": "DB uptime"
                  },
                  {
                    "id": "unit",
                    "value": "s"
                  },
                  {
                    "id": "custom.displayMode",
                    "value": "color-text"
                  },
                  {
                    "id": "thresholds",
                    "value": {
                      "mode": "absolute",
                      "steps": [
                        {
                          "color": "red",
                          "value": null
                        },
                        {
                          "color": "yellow",
                          "value": 3600
                        },
                        {
                          "color": "green",
                          "value": 86400
                        }
                      ]
                    }
                  }
                ]
              },
              {
                "matcher": {
                  "id": "byName",
                  "options": "Value #E"
                },
                "properties": [
                  {
                    "id": "displayName",
                    "value": "DB conns"
                  }
                ]
              },
              {
                "matcher": {
                  "id": "byName",
                  "options": "Value #F"
                },
                "properties": [
                  {
                    "id": "displayName",
                    "value": "DB QPS"
                  }
                ]
              },
              {
                "matcher": {
                  "id": "byName",
                  "options": "Value #A"
                },
                "properties": [
                  {
                    "id": "displayName",
                    "value": "Status"
                  },
                  {
                    "id": "mappings",
                    "value": [
                      {
                        "options": {
                          "0": {
                            "color": "red",
                            "index": 0,
                            "text": "Down"
                          },
                          "1": {
                            "color": "green",
                            "index": 1,
                            "text": "Up"
                          }
                        },
                        "type": "value"
                      }
                    ]
                  },
                  {
                    "id": "custom.displayMode",
                    "value": "color-text"
                  }
                ]
              },
              {
                "matcher": {
                  "id": "byName",
                  "options": "service_name"
                },
                "properties": [
                  {
                    "id": "displayName",
                    "value": "Service"
                  },
                  {
                    "id": "custom.width",
                    "value": 270
                  }
                ]
              },
              {
                "matcher": {
                  "id": "byName",
                  "options": "environment"
                },
                "properties": [
                  {
                    "id": "custom.align",
                    "value": "right"
                  },
                  {
                    "id": "displayName",
                    "value": "Environment"
                  }
                ]
              },
              {
                "matcher": {
                  "id": "byName",
                  "options": "region"
                },
                "properties": [
                  {
                    "id": "custom.align",
                    "value": "right"
                  },
                  {
                    "id": "displayName",
                    "value": "Region"
                  }
                ]
              }
            ]
          },
          "gridPos": {
            "h": 13,
            "w": 24,
            "x": 0,
            "y": 31
          },
          "id": 1919,
          "options": {
            "footer": {
              "fields": ["Value #A"],
              "reducer": ["count"],
              "show": true
            },
            "showHeader": true
          },
          "pluginVersion": "9.2.20",
          "targets": [
            {
              "datasource": "Metrics",
              "editorMode": "code",
              "exemplar": false,
              "expr": "min by (service_name) (up{node_name=~\"$node_name\",service_type=~\"mysql|mongodb|postgresql|proxysql|haproxy|external\",job=~\".*_hr$|^external.*\",environment=~\"$environment\"})",
              "format": "table",
              "instant": true,
              "interval": "$interval",
              "legendFormat": "__auto",
              "refId": "A"
            },
            {
              "datasource": "Metrics",
              "editorMode": "code",
              "exemplar": false,
              "expr": "(sum by (service_name) (\n(rate(mysql_global_status_queries{node_name=~\"$node_name\",environment=~\"$environment\"}[$interval]) or \nirate(mysql_global_status_queries{node_name=~\"$node_name\",environment=~\"$environment\"}[5m])) or \n(sum by (service_name) (rate(mongodb_op_counters_total{node_name=~\"$node_name\",type!=\"command\",environment=~\"$environment\"}[$interval])) or \nsum by (service_name) (irate(mongodb_op_counters_total{node_name=~\"$node_name\",type!=\"command\",environment=~\"$environment\"}[5m]))) or\n(sum by (service_name) (rate(pg_stat_database_xact_commit{node_name=~\"$node_name\",environment=~\"$environment\"}[$interval]) + \nrate(pg_stat_database_xact_rollback{node_name=~\"$node_name\",environment=~\"$environment\"}[$interval])) or\nsum by (service_name) (irate(pg_stat_database_xact_commit{node_name=~\"$node_name\",environment=~\"$environment\"}[5m]) + \nirate(pg_stat_database_xact_rollback{node_name=~\"$node_name\",environment=~\"$environment\"}[5m])))\n))",
              "format": "table",
              "hide": false,
              "instant": true,
              "interval": "$interval",
              "legendFormat": "__auto",
              "refId": "F"
            },
            {
              "datasource": "Metrics",
              "editorMode": "code",
              "exemplar": false,
              "expr": "(sum by(service_name)(max_over_time(mysql_global_status_threads_connected{node_name=~\"$node_name\",environment=~\"$environment\"}[$interval]) or \nlabel_replace(mysql_global_status_threads_connected{node_name=~\"$node_name\",node_type=\"remote\",environment=~\"$environment\"},\"node_name\",\"pmm-server\",\"\",\"\") or\nmax_over_time(mongodb_connections{node_name=~\"$node_name\",state=\"current\",environment=~\"$environment\"}[$interval]) or\nsum by (service_name) (max_over_time(pg_stat_database_numbackends{node_name=~\"$node_name\",environment=~\"$environment\"}[$interval]))))",
              "format": "table",
              "hide": false,
              "instant": true,
              "interval": "$interval",
              "legendFormat": "__auto",
              "refId": "E"
            },
            {
              "datasource": "Metrics",
              "editorMode": "code",
              "exemplar": false,
              "expr": "((clamp_max(avg by (node_name) (sum by (node_name,cpu) ((clamp_max(rate(node_cpu_seconds_total{node_name=~\"$node_name\",mode!='idle',mode!=\"iowait\"}[$interval]),1)) or(clamp_max(irate(node_cpu_seconds_total{node_name=~\"$node_name\",mode!='idle',mode!=\"iowait\"}[5m]),1)) )),1) *100 or\nsum by (node_name) (avg_over_time(node_cpu_average{node_name=~\"$node_name\",mode!=\"idle\", mode!=\"total\"}[$interval]) or avg_over_time(node_cpu_average{node_name=~\"$node_name\",mode!=\"idle\", mode!=\"total\"}[5m]))) * on(node_name) group_left(environment, service_name) avg by (node_name, service_name, environment) (up{node_name=~\"$node_name\",service_type=~\"mysql|mongodb|postgresql|proxysql|haproxy|external\",job=~\".*_hr$|^external.*\",environment=~\"$environment\"}))",
              "format": "table",
              "hide": true,
              "instant": true,
              "interval": "$interval",
              "legendFormat": "{{instance}}",
              "refId": "H"
            },
            {
              "datasource": "Metrics",
              "editorMode": "code",
              "exemplar": false,
              "expr": "min by (service_name) (mysql_global_status_uptime{node_name=~\"$node_name\",environment=~\"$environment\"} or \nmongodb_instance_uptime_seconds {node_name=~\"$node_name\",environment=~\"$environment\"} or \n(time() - process_start_time_seconds{node_name=~\"$node_name\",job=~\"postgres_exporter.*\",environment=~\"$environment\"}))",
              "format": "table",
              "hide": false,
              "instant": true,
              "interval": "$interval",
              "legendFormat": "DB Uptime",
              "refId": "G"
            },
            {
              "datasource": "Metrics",
              "editorMode": "code",
              "exemplar": false,
              "expr": "(((node_memory_MemAvailable_bytes{node_name=~\"$node_name\"} or (node_memory_MemFree_bytes{node_name=~\"$node_name\"} + node_memory_Buffers_bytes{node_name=~\"$node_name\"} + node_memory_Cached_bytes{node_name=~\"$node_name\"})) / node_memory_MemTotal_bytes{node_name=~\"$node_name\"} or\n(rdsosmetrics_memory_free{node_name=~\"$node_name\"} + rdsosmetrics_memory_buffers{node_name=~\"$node_name\"} + rdsosmetrics_memory_cached{node_name=~\"$node_name\"})/ rdsosmetrics_memory_total{node_name=~\"$node_name\"}) * 100) * on(node_name) group_left(environment,service_name) (up{node_name=~\"$node_name\",service_type=~\"mysql|mongodb|postgresql|proxysql|haproxy|external\",job=~\".*_hr$|^external.*\",environment=~\"$environment\"})",
              "format": "table",
              "hide": false,
              "instant": true,
              "interval": "$interval",
              "legendFormat": "Memory Available",
              "refId": "I"
            },
            {
              "datasource": "Metrics",
              "editorMode": "code",
              "exemplar": false,
              "expr": "(sum by (node_name) (rate(node_vmstat_pgpgin{node_name=~\"$node_name\"}[$interval]) or irate(node_vmstat_pgpgin{node_name=~\"$node_name\"}[5m]) or sum by (node_name) (max_over_time(rdsosmetrics_diskIO_readKbPS{node_name=~\"$node_name\"}[$interval]) or max_over_time(rdsosmetrics_diskIO_readKbPS{node_name=~\"$node_name\"}[5m]))) * 1024) * on(node_name) group_left(environment,service_name) (up{node_name=~\"$node_name\",service_type=~\"mysql|mongodb|postgresql|proxysql|haproxy|external\",job=~\".*_hr$|external.*\",environment=~\"$environment\"})",
              "format": "table",
              "hide": false,
              "instant": true,
              "interval": "$interval",
              "legendFormat": "Disk Reads",
              "refId": "J"
            },
            {
              "datasource": "Metrics",
              "editorMode": "code",
              "exemplar": false,
              "expr": "(sum by (node_name) (rate(node_vmstat_pgpgout{node_name=~\"$node_name\"}[$interval]) or irate(node_vmstat_pgpgout{node_name=~\"$node_name\"}[5m]) or\nsum by (node_name) (max_over_time(rdsosmetrics_diskIO_writeKbPS{node_name=~\"$node_name\"}[$interval]) or max_over_time(rdsosmetrics_diskIO_writeKbPS{node_name=~\"$node_name\"}[5m]))) * 1024) * on(node_name) group_left(environment,service_name) (up{node_name=~\"$node_name\",service_type=~\"mysql|mongodb|postgresql|proxysql|haproxy|external\",job=~\".*_hr$|^external.*\",environment=~\"$environment\"})",
              "format": "table",
              "hide": false,
              "instant": true,
              "interval": "$interval",
              "legendFormat": "Disk Writes",
              "refId": "L"
            },
            {
              "datasource": "Metrics",
              "editorMode": "code",
              "exemplar": false,
              "expr": "((sum by (node_name) (rate(node_network_receive_bytes_total{node_name=~\"$node_name\", device!=\"lo\"}[$interval]) or\nirate(node_network_receive_bytes_total{node_name=~\"$node_name\", device!=\"lo\"}[5m])) or \nsum by (node_name) (max_over_time(rdsosmetrics_network_rx{node_name=~\"$node_name\"}[$interval])) or \nsum by (node_name) (max_over_time(rdsosmetrics_network_rx{node_name=~\"$node_name\"}[5m]))) + \n(sum by (node_name) (rate(node_network_transmit_bytes_total{node_name=~\"$node_name\", device!=\"lo\"}[$interval]) or \nirate(node_network_transmit_bytes_total{node_name=~\"$node_name\", device!=\"lo\"}[5m])) or \nsum by (node_name) (max_over_time(rdsosmetrics_network_tx{node_name=~\"$node_name\"}[$interval])) or \nsum by (node_name) (max_over_time(rdsosmetrics_network_tx{node_name=~\"$node_name\"}[5m]))))  * on(node_name) group_left(environment,service_name) (up{node_name=~\"$node_name\",service_type=~\"mysql|mongodb|postgresql|proxysql|haproxy|external\",job=~\".*_hr$|^external.*\",environment=~\"$environment\"})",
              "format": "table",
              "hide": false,
              "instant": true,
              "interval": "$interval",
              "legendFormat": "Network IO",
              "refId": "M"
            },
            {
              "datasource": "Metrics",
              "editorMode": "code",
              "exemplar": false,
              "expr": "((count by (node_name) (node_cpu_seconds_total{node_name=~\"$node_name\",mode=~\"user\"}) or (1-absent(node_cpu_seconds_total{node_name=~\"$node_name\",mode=~\"user\"}))) + \nsum by (node_name) (rdsosmetrics_General_numVCPUs{node_name=~\"$node_name\"} or up * 0)) * on(node_name) group_left(environment,service_name) (up{node_name=~\"$node_name\",service_type=~\"mysql|mongodb|postgresql|proxysql|haproxy|external\",job=~\".*_hr$|^external.*\",environment=~\"$environment\"})",
              "format": "table",
              "hide": false,
              "instant": true,
              "interval": "$interval",
              "legendFormat": "Virtual CPU",
              "refId": "N"
            },
            {
              "datasource": "Metrics",
              "editorMode": "code",
              "exemplar": false,
              "expr": "(node_memory_MemTotal_bytes{node_name=~\"$node_name\"} or (rdsosmetrics_memory_total{node_name=~\"$node_name\"}*1024)) * on(node_name) group_left(environment,service_name) (up{node_name=~\"$node_name\",service_type=~\"mysql|mongodb|postgresql|proxysql|haproxy|external\",job=~\".*_hr$|^external.*\",environment=~\"$environment\"}) ",
              "format": "table",
              "hide": false,
              "instant": true,
              "interval": "$interval",
              "legendFormat": "RAM",
              "refId": "O"
            }
          ],
          "transformations": [
            {
              "id": "merge",
              "options": {}
            },
            {
              "id": "organize",
              "options": {
                "excludeByName": {
                  "Time": true,
                  "agent_id": true,
                  "agent_type": true,
                  "az": true,
                  "env": true,
                  "environment": false,
                  "instance": true,
                  "job": true,
                  "machine_id": true,
                  "node_id": true,
                  "node_name": true,
                  "node_type": true
                },
                "indexByName": {
                  "Time": 0,
                  "Value #A": 2,
                  "Value #E": 8,
                  "Value #F": 7,
                  "Value #G": 9,
                  "Value #I": 18,
                  "Value #J": 19,
                  "Value #L": 20,
                  "Value #M": 21,
                  "Value #N": 22,
                  "agent_id": 10,
                  "agent_type": 11,
                  "az": 5,
                  "env": 4,
                  "environment": 3,
                  "instance": 12,
                  "job": 13,
                  "machine_id": 17,
                  "node_id": 14,
                  "node_name": 15,
                  "node_type": 16,
                  "region": 6,
                  "service_name": 1
                },
                "renameByName": {}
              }
            }
          ],
          "type": "table"
        }
      ],
      "targets": [
        {
          "datasource": "Metrics",
          "refId": "A"
        }
      ],
      "title": "Service Summary",
      "type": "row"
    }
  ],
  "refresh": "1m",
  "schemaVersion": 37,
  "style": "dark",
  "tags": [],
  "templating": {
    "list": [
      {
        "allFormat": "glob",
        "auto": true,
        "auto_count": 200,
        "auto_min": "1s",
        "current": {
          "selected": false,
          "text": "auto",
          "value": "$__auto_interval_interval"
        },
        "datasource": "Metrics",
        "hide": 0,
        "includeAll": false,
        "label": "Interval",
        "multi": false,
        "multiFormat": "glob",
        "name": "interval",
        "options": [
          {
            "selected": true,
            "text": "auto",
            "value": "$__auto_interval_interval"
          },
          {
            "selected": false,
            "text": "1s",
            "value": "1s"
          },
          {
            "selected": false,
            "text": "5s",
            "value": "5s"
          },
          {
            "selected": false,
            "text": "1m",
            "value": "1m"
          },
          {
            "selected": false,
            "text": "5m",
            "value": "5m"
          },
          {
            "selected": false,
            "text": "1h",
            "value": "1h"
          },
          {
            "selected": false,
            "text": "6h",
            "value": "6h"
          },
          {
            "selected": false,
            "text": "1d",
            "value": "1d"
          }
        ],
        "query": "1s,5s,1m,5m,1h,6h,1d",
        "queryValue": "",
        "refresh": 2,
        "skipUrlSync": false,
        "type": "interval"
      },
      {
        "allValue": ".*",
        "current": {
          "selected": false,
          "text": "All",
          "value": "$__all"
        },
        "datasource": "Metrics",
        "definition": "label_values(up, environment)",
        "hide": 0,
        "includeAll": true,
        "label": "Environment",
        "multi": true,
        "name": "environment",
        "options": [],
        "query": {
          "query": "label_values(up, environment)",
          "refId": "Metrics-environment-Variable-Query"
        },
        "refresh": 2,
        "regex": "",
        "skipUrlSync": false,
        "sort": 5,
        "tagValuesQuery": "",
        "tagsQuery": "",
        "type": "query",
        "useTags": false
      },
      {
        "allFormat": "glob",
        "current": {
          "selected": false,
          "text": "All",
          "value": "$__all"
        },
        "datasource": "Metrics",
        "definition": "label_values(up{environment=~\"$environment\",node_type=~\"generic|remote_rds|container|remote\"}, node_name)",
        "hide": 2,
        "includeAll": true,
        "label": "Node Name",
        "multi": true,
        "multiFormat": "regex values",
        "name": "node_name",
        "options": [],
        "query": {
          "query": "label_values(up{environment=~\"$environment\",node_type=~\"generic|remote_rds|container|remote\"}, node_name)",
          "refId": "Metrics-node_name-Variable-Query"
        },
        "refresh": 2,
        "refresh_on_load": false,
        "regex": "",
        "skipUrlSync": false,
        "sort": 5,
        "type": "query",
        "useTags": false
      },
      {
        "allFormat": "glob",
        "current": {
          "selected": false,
          "text": "All",
          "value": "$__all"
        },
        "datasource": "Metrics",
        "definition": "label_values({__name__=~\"pg_up|mysql_up|mongodb_up\",node_name=~\"$node_name\"}, service_name)",
        "hide": 2,
        "includeAll": true,
        "label": "Service Name",
        "multi": true,
        "multiFormat": "regex values",
        "name": "service_name",
        "options": [],
        "query": {
          "query": "label_values({__name__=~\"pg_up|mysql_up|mongodb_up\",node_name=~\"$node_name\"}, service_name)",
          "refId": "Metrics-service_name-Variable-Query"
        },
        "refresh": 2,
        "refresh_on_load": false,
        "regex": "",
        "skipUrlSync": false,
        "sort": 5,
        "type": "query",
        "useTags": false
      }
    ]
  },
  "time": {
    "from": "now-12h",
    "to": "now"
  },
  "timepicker": {
    "collapse": false,
    "enable": true,
    "hidden": false,
    "notice": false,
    "now": true,
    "refresh_intervals": [
      "5s",
      "10s",
      "30s",
      "1m",
      "5m",
      "15m",
      "30m",
      "1h",
      "2h",
      "1d"
    ],
    "status": "Stable",
    "time_options": ["5m", "15m", "1h", "6h", "12h", "24h", "2d", "7d", "30d"],
    "type": "timepicker"
  },
  "timezone": "browser",
  "title": "Environments Overview (Designed for PMM)",
  "uid": "environments-overview",
  "version": 1,
  "weekStart": ""
}
