{
  "__inputs": [
    {
      "name": "DS_METRICS",
      "label": "Metrics",
      "description": "",
      "type": "datasource",
      "pluginId": "prometheus",
      "pluginName": "Prometheus"
    }
  ],
  "__elements": {},
  "__requires": [
    {
      "type": "grafana",
      "id": "grafana",
      "name": "Grafana",
      "version": "9.2.20"
    },
    {
      "type": "panel",
      "id": "graph",
      "name": "Graph (old)",
      "version": ""
    },
    {
      "type": "datasource",
      "id": "prometheus",
      "name": "Prometheus",
      "version": "1.0.0"
    },
    {
      "type": "panel",
      "id": "stat",
      "name": "Stat",
      "version": ""
    },
    {
      "type": "panel",
      "id": "text",
      "name": "Text",
      "version": ""
    }
  ],
  "annotations": {
    "list": [
      {
        "builtIn": 1,
        "datasource": {
          "type": "datasource",
          "uid": "grafana"
        },
        "enable": true,
        "hide": false,
        "iconColor": "#e0752d",
        "limit": 100,
        "matchAny": true,
        "name": "PMM Annotations",
        "showIn": 0,
        "tags": [
          "pmm_annotation",
          "$service_name"
        ],
        "target": {
          "limit": 100,
          "matchAny": true,
          "tags": [
            "pmm_annotation",
            "$service_name"
          ],
          "type": "tags"
        },
        "type": "tags"
      },
      {
        "builtIn": 1,
        "datasource": {
          "type": "datasource",
          "uid": "grafana"
        },
        "enable": true,
        "hide": true,
        "iconColor": "#6ed0e0",
        "limit": 100,
        "name": "Annotations & Alerts",
        "showIn": 0,
        "tags": [],
        "target": {
          "limit": 100,
          "matchAny": false,
          "tags": [],
          "type": "dashboard"
        },
        "type": "dashboard"
      }
    ]
  },
  "description": "",
  "editable": true,
  "fiscalYearStartMonth": 0,
  "gnetId": 18870,
  "graphTooltip": 1,
  "id": null,
  "links": [
    {
      "icon": "doc",
      "includeVars": true,
      "keepTime": true,
      "tags": [
        "Home"
      ],
      "targetBlank": false,
      "title": "Home",
      "type": "link",
      "url": "/graph/d/pmm-home/home-dashboard"
    },
    {
      "icon": "dashboard",
      "includeVars": true,
      "keepTime": true,
      "tags": [
        "Query Analytics"
      ],
      "targetBlank": false,
      "title": "Query Analytics",
      "type": "link",
      "url": "/graph/d/pmm-qan/pmm-query-analytics"
    },
    {
      "icon": "bolt",
      "includeVars": true,
      "keepTime": true,
      "tags": [
        "Compare"
      ],
      "targetBlank": false,
      "title": "Compare",
      "type": "link",
      "url": "/graph/d/postgresql-instance-compare/postgresql-instances-compare"
    },
    {
      "asDropdown": true,
      "includeVars": true,
      "keepTime": true,
      "tags": [
        "PostgreSQL"
      ],
      "targetBlank": false,
      "title": "PostgreSQL",
      "type": "dashboards"
    },
    {
      "asDropdown": true,
      "includeVars": false,
      "keepTime": true,
      "tags": [
        "Services"
      ],
      "targetBlank": false,
      "title": "Services",
      "type": "dashboards"
    },
    {
      "asDropdown": true,
      "includeVars": false,
      "keepTime": true,
      "tags": [
        "PMM"
      ],
      "targetBlank": false,
      "title": "PMM",
      "type": "dashboards"
    }
  ],
  "liveNow": false,
  "panels": [
    {
      "datasource": "Metrics",
      "gridPos": {
        "h": 3,
        "w": 24,
        "x": 0,
        "y": 0
      },
      "id": 30,
      "links": [],
      "options": {
        "code": {
          "language": "plaintext",
          "showLineNumbers": false,
          "showMiniMap": false
        },
        "content": "<h1 style='color:#5991A7;font-weight:bold;text-align:center;font-style:italic'>Data for <span style='color:#e68a00'>$service_name</span> with <span style='color:#e68a00'>$interval</span> resolution</h1>",
        "mode": "html"
      },
      "pluginVersion": "9.2.20",
      "targets": [
        {
          "datasource": "Metrics",
          "refId": "A"
        }
      ],
      "type": "text"
    },
    {
      "datasource": "Metrics",
      "gridPos": {
        "h": 3,
        "w": 4,
        "x": 0,
        "y": 3
      },
      "id": 1023,
      "links": [],
      "options": {
        "code": {
          "language": "go",
          "showLineNumbers": false,
          "showMiniMap": false
        },
        "content": "<h3 style='color:#5991A7;text-align:center'>\n  <span style='color:#e68a00'>$service_name</span> \n</h3>",
        "mode": "html"
      },
      "pluginVersion": "9.2.20",
      "targets": [
        {
          "datasource": "Metrics",
          "refId": "A"
        }
      ],
      "type": "text"
    },
    {
      "datasource": "Metrics",
      "description": "Reports Patroni version number.",
      "fieldConfig": {
        "defaults": {
          "color": {
            "mode": "thresholds"
          },
          "mappings": [
            {
              "options": {
                "0": {
                  "text": "NO"
                },
                "1": {
                  "text": "YES"
                }
              },
              "type": "value"
            },
            {
              "options": {
                "match": "null",
                "result": {
                  "text": "N/A"
                }
              },
              "type": "special"
            }
          ],
          "thresholds": {
            "mode": "absolute",
            "steps": [
              {
                "color": "#d44a3a",
                "value": null
              },
              {
                "color": "rgba(237, 129, 40, 0.89)",
                "value": 0
              },
              {
                "color": "#299c46",
                "value": 1
              }
            ]
          },
          "unit": "none"
        },
        "overrides": []
      },
      "gridPos": {
        "h": 3,
        "w": 4,
        "x": 4,
        "y": 3
      },
      "id": 1022,
      "links": [],
      "maxDataPoints": 100,
      "options": {
        "colorMode": "none",
        "graphMode": "none",
        "justifyMode": "auto",
        "orientation": "horizontal",
        "reduceOptions": {
          "calcs": [
            "lastNotNull"
          ],
          "fields": "",
          "values": false
        },
        "text": {
          "valueSize": 20
        },
        "textMode": "auto"
      },
      "pluginVersion": "9.2.20",
      "targets": [
        {
          "datasource": "Metrics",
          "editorMode": "code",
          "expr": "patroni_version{service_name=~\"$service_name\",scope=~\"$scope_name\"}",
          "format": "time_series",
          "interval": "$interval",
          "intervalFactor": 1,
          "legendFormat": "{{service_name}}",
          "range": true,
          "refId": "A"
        }
      ],
      "title": "Patroni Version",
      "type": "stat"
    },
    {
      "datasource": "Metrics",
      "description": "Last time Patroni contacted the distributed configuration store (DCS).",
      "fieldConfig": {
        "defaults": {
          "color": {
            "mode": "thresholds"
          },
          "decimals": 0,
          "mappings": [
            {
              "options": {
                "match": "null",
                "result": {
                  "index": 0,
                  "text": "N/A"
                }
              },
              "type": "special"
            }
          ],
          "thresholds": {
            "mode": "absolute",
            "steps": [
              {
                "color": "text",
                "value": null
              }
            ]
          },
          "unit": "dateTimeFromNow"
        },
        "overrides": []
      },
      "gridPos": {
        "h": 3,
        "w": 4,
        "x": 8,
        "y": 3
      },
      "id": 1012,
      "links": [],
      "maxDataPoints": 100,
      "options": {
        "colorMode": "value",
        "graphMode": "area",
        "justifyMode": "auto",
        "orientation": "horizontal",
        "reduceOptions": {
          "calcs": [
            "lastNotNull"
          ],
          "fields": "",
          "values": false
        },
        "text": {
          "valueSize": 20
        },
        "textMode": "value"
      },
      "pluginVersion": "9.2.20",
      "targets": [
        {
          "datasource": "Metrics",
          "editorMode": "code",
          "exemplar": false,
          "expr": "patroni_dcs_last_seen{service_name=~\"$service_name\",scope=~\"$scope_name\"}*1000",
          "format": "time_series",
          "instant": true,
          "interval": "$interval",
          "intervalFactor": 1,
          "legendFormat": "",
          "refId": "A"
        }
      ],
      "title": "Patroni DCS Last Seen",
      "type": "stat"
    },
    {
      "datasource": "Metrics",
      "description": "Is the selected Service Name node the primary cluster leader?",
      "fieldConfig": {
        "defaults": {
          "color": {
            "mode": "thresholds"
          },
          "decimals": 0,
          "mappings": [
            {
              "options": {
                "0": {
                  "color": "text",
                  "index": 1,
                  "text": "No"
                },
                "1": {
                  "color": "text",
                  "index": 2,
                  "text": "Yes"
                }
              },
              "type": "value"
            },
            {
              "options": {
                "match": "null",
                "result": {
                  "color": "text",
                  "index": 0,
                  "text": "N/A"
                }
              },
              "type": "special"
            }
          ],
          "thresholds": {
            "mode": "absolute",
            "steps": [
              {
                "color": "#d44a3a",
                "value": null
              }
            ]
          },
          "unit": "none"
        },
        "overrides": []
      },
      "gridPos": {
        "h": 3,
        "w": 4,
        "x": 12,
        "y": 3
      },
      "id": 1005,
      "links": [],
      "maxDataPoints": 100,
      "options": {
        "colorMode": "value",
        "graphMode": "area",
        "justifyMode": "auto",
        "orientation": "horizontal",
        "reduceOptions": {
          "calcs": [
            "lastNotNull"
          ],
          "fields": "",
          "values": false
        },
        "text": {
          "valueSize": 20
        },
        "textMode": "value"
      },
      "pluginVersion": "9.2.20",
      "targets": [
        {
          "datasource": "Metrics",
          "editorMode": "code",
          "exemplar": false,
          "expr": "patroni_primary{service_name=~\"$service_name\",scope=~\"$scope_name\"}",
          "format": "time_series",
          "instant": true,
          "interval": "$interval",
          "intervalFactor": 1,
          "legendFormat": "",
          "refId": "A"
        }
      ],
      "title": "Patroni Leader",
      "type": "stat"
    },
    {
      "datasource": "Metrics",
      "description": "Is the selected Service Name node a replica?",
      "fieldConfig": {
        "defaults": {
          "color": {
            "mode": "thresholds"
          },
          "decimals": 0,
          "mappings": [
            {
              "options": {
                "0": {
                  "color": "text",
                  "index": 1,
                  "text": "No"
                },
                "1": {
                  "color": "text",
                  "index": 2,
                  "text": "Yes"
                }
              },
              "type": "value"
            },
            {
              "options": {
                "match": "null",
                "result": {
                  "color": "text",
                  "index": 0,
                  "text": "N/A"
                }
              },
              "type": "special"
            }
          ],
          "thresholds": {
            "mode": "absolute",
            "steps": [
              {
                "color": "#d44a3a",
                "value": null
              }
            ]
          },
          "unit": "none"
        },
        "overrides": []
      },
      "gridPos": {
        "h": 3,
        "w": 4,
        "x": 16,
        "y": 3
      },
      "id": 1007,
      "links": [],
      "maxDataPoints": 100,
      "options": {
        "colorMode": "value",
        "graphMode": "area",
        "justifyMode": "auto",
        "orientation": "horizontal",
        "reduceOptions": {
          "calcs": [
            "lastNotNull"
          ],
          "fields": "",
          "values": false
        },
        "text": {
          "valueSize": 20
        },
        "textMode": "value"
      },
      "pluginVersion": "9.2.20",
      "targets": [
        {
          "datasource": "Metrics",
          "editorMode": "code",
          "exemplar": false,
          "expr": "patroni_replica{service_name=~\"$service_name\",scope=~\"$scope_name\"}",
          "format": "time_series",
          "instant": true,
          "interval": "$interval",
          "intervalFactor": 1,
          "legendFormat": "",
          "refId": "A"
        }
      ],
      "title": "Patroni Replica",
      "type": "stat"
    },
    {
      "datasource": "Metrics",
      "description": "Is the selected Service Name node the Standby cluster leader?",
      "fieldConfig": {
        "defaults": {
          "color": {
            "mode": "thresholds"
          },
          "decimals": 0,
          "mappings": [
            {
              "options": {
                "0": {
                  "color": "text",
                  "index": 1,
                  "text": "No"
                },
                "1": {
                  "color": "text",
                  "index": 2,
                  "text": "Yes"
                }
              },
              "type": "value"
            },
            {
              "options": {
                "match": "null",
                "result": {
                  "color": "text",
                  "index": 0,
                  "text": "N/A"
                }
              },
              "type": "special"
            }
          ],
          "thresholds": {
            "mode": "absolute",
            "steps": [
              {
                "color": "#d44a3a",
                "value": null
              }
            ]
          },
          "unit": "none"
        },
        "overrides": []
      },
      "gridPos": {
        "h": 3,
        "w": 4,
        "x": 20,
        "y": 3
      },
      "id": 1006,
      "links": [],
      "maxDataPoints": 100,
      "options": {
        "colorMode": "value",
        "graphMode": "area",
        "justifyMode": "auto",
        "orientation": "horizontal",
        "reduceOptions": {
          "calcs": [
            "lastNotNull"
          ],
          "fields": "",
          "values": false
        },
        "text": {
          "valueSize": 20
        },
        "textMode": "value"
      },
      "pluginVersion": "9.2.20",
      "targets": [
        {
          "datasource": "Metrics",
          "editorMode": "code",
          "exemplar": false,
          "expr": "patroni_standby_leader{service_name=~\"$service_name\",scope=~\"$scope_name\"}",
          "format": "time_series",
          "instant": true,
          "interval": "$interval",
          "intervalFactor": 1,
          "legendFormat": "",
          "refId": "A"
        }
      ],
      "title": "Patroni Standby Leader",
      "type": "stat"
    },
    {
      "datasource": "Metrics",
      "description": "",
      "fieldConfig": {
        "defaults": {
          "color": {
            "mode": "thresholds"
          },
          "decimals": 0,
          "mappings": [
            {
              "options": {
                "0": {
                  "color": "text",
                  "index": 1,
                  "text": "Enabled"
                },
                "1": {
                  "color": "text",
                  "index": 2,
                  "text": "Disabled"
                }
              },
              "type": "value"
            },
            {
              "options": {
                "match": "null",
                "result": {
                  "color": "text",
                  "index": 0,
                  "text": "N/A"
                }
              },
              "type": "special"
            }
          ],
          "thresholds": {
            "mode": "absolute",
            "steps": [
              {
                "color": "#d44a3a",
                "value": null
              }
            ]
          },
          "unit": "none"
        },
        "overrides": []
      },
      "gridPos": {
        "h": 3,
        "w": 4,
        "x": 0,
        "y": 6
      },
      "id": 1014,
      "links": [],
      "maxDataPoints": 100,
      "options": {
        "colorMode": "value",
        "graphMode": "area",
        "justifyMode": "auto",
        "orientation": "horizontal",
        "reduceOptions": {
          "calcs": [
            "lastNotNull"
          ],
          "fields": "",
          "values": false
        },
        "text": {
          "valueSize": 20
        },
        "textMode": "value"
      },
      "pluginVersion": "9.2.20",
      "targets": [
        {
          "datasource": "Metrics",
          "editorMode": "code",
          "exemplar": false,
          "expr": "patroni_is_paused{service_name=~\"$service_name\",scope=~\"$scope_name\"}",
          "format": "time_series",
          "instant": true,
          "interval": "$interval",
          "intervalFactor": 1,
          "legendFormat": "",
          "refId": "A"
        }
      ],
      "title": "Patroni Autofailover",
      "type": "stat"
    },
    {
      "datasource": "Metrics",
      "description": "",
      "fieldConfig": {
        "defaults": {
          "color": {
            "mode": "thresholds"
          },
          "decimals": 0,
          "mappings": [
            {
              "options": {
                "0": {
                  "color": "text",
                  "index": 1,
                  "text": "No"
                },
                "1": {
                  "color": "text",
                  "index": 2,
                  "text": "Yes"
                }
              },
              "type": "value"
            },
            {
              "options": {
                "match": "null",
                "result": {
                  "color": "text",
                  "index": 0,
                  "text": "N/A"
                }
              },
              "type": "special"
            }
          ],
          "thresholds": {
            "mode": "absolute",
            "steps": [
              {
                "color": "#d44a3a",
                "value": null
              }
            ]
          },
          "unit": "none"
        },
        "overrides": []
      },
      "gridPos": {
        "h": 3,
        "w": 4,
        "x": 4,
        "y": 6
      },
      "id": 1020,
      "links": [],
      "maxDataPoints": 100,
      "options": {
        "colorMode": "value",
        "graphMode": "area",
        "justifyMode": "auto",
        "orientation": "horizontal",
        "reduceOptions": {
          "calcs": [
            "lastNotNull"
          ],
          "fields": "",
          "values": false
        },
        "text": {
          "valueSize": 20
        },
        "textMode": "value"
      },
      "pluginVersion": "9.2.20",
      "targets": [
        {
          "datasource": "Metrics",
          "editorMode": "code",
          "exemplar": false,
          "expr": "patroni_cluster_unlocked{service_name=~\"$service_name\",scope=~\"$scope_name\"}",
          "format": "time_series",
          "instant": true,
          "interval": "$interval",
          "intervalFactor": 1,
          "legendFormat": "",
          "refId": "A"
        }
      ],
      "title": "Patroni Cluster Unlocked",
      "type": "stat"
    },
    {
      "datasource": "Metrics",
      "description": "",
      "fieldConfig": {
        "defaults": {
          "color": {
            "mode": "thresholds"
          },
          "decimals": 0,
          "mappings": [
            {
              "options": {
                "0": {
                  "color": "text",
                  "index": 1,
                  "text": "No"
                },
                "1": {
                  "color": "text",
                  "index": 2,
                  "text": "Yes"
                }
              },
              "type": "value"
            },
            {
              "options": {
                "match": "null",
                "result": {
                  "color": "text",
                  "index": 0,
                  "text": "N/A"
                }
              },
              "type": "special"
            }
          ],
          "thresholds": {
            "mode": "absolute",
            "steps": [
              {
                "color": "#d44a3a",
                "value": null
              }
            ]
          },
          "unit": "none"
        },
        "overrides": []
      },
      "gridPos": {
        "h": 3,
        "w": 4,
        "x": 8,
        "y": 6
      },
      "id": 1021,
      "links": [],
      "maxDataPoints": 100,
      "options": {
        "colorMode": "value",
        "graphMode": "area",
        "justifyMode": "auto",
        "orientation": "horizontal",
        "reduceOptions": {
          "calcs": [
            "lastNotNull"
          ],
          "fields": "",
          "values": false
        },
        "text": {
          "valueSize": 20
        },
        "textMode": "value"
      },
      "pluginVersion": "9.2.20",
      "targets": [
        {
          "datasource": "Metrics",
          "editorMode": "code",
          "exemplar": false,
          "expr": "patroni_failsafe_mode_is_active{service_name=~\"$service_name\",scope=~\"$scope_name\"}",
          "format": "time_series",
          "instant": true,
          "interval": "$interval",
          "intervalFactor": 1,
          "legendFormat": "",
          "refId": "A"
        }
      ],
      "title": "Patroni Falisafe Mode Active",
      "type": "stat"
    },
    {
      "collapsed": false,
      "datasource": "Metrics",
      "gridPos": {
        "h": 1,
        "w": 24,
        "x": 0,
        "y": 9
      },
      "id": 74,
      "panels": [],
      "targets": [
        {
          "datasource": "Metrics",
          "refId": "A"
        }
      ],
      "title": "Patroni",
      "type": "row"
    },
    {
      "aliasColors": {
        "Total ": "#bf1b00"
      },
      "bars": false,
      "dashLength": 10,
      "dashes": false,
      "datasource": "Metrics",
      "decimals": 0,
      "description": "",
      "fieldConfig": {
        "defaults": {
          "links": []
        },
        "overrides": []
      },
      "fill": 0,
      "fillGradient": 0,
      "gridPos": {
        "h": 8,
        "w": 12,
        "x": 0,
        "y": 10
      },
      "hiddenSeries": false,
      "id": 23,
      "legend": {
        "alignAsTable": true,
        "avg": false,
        "current": true,
        "hideEmpty": true,
        "hideZero": true,
        "max": true,
        "min": true,
        "show": true,
        "sort": "avg",
        "sortDesc": true,
        "total": false,
        "values": true
      },
      "lines": true,
      "linewidth": 2,
      "links": [],
      "nullPointMode": "null",
      "options": {
        "alertThreshold": true
      },
      "percentage": false,
      "pluginVersion": "9.2.20",
      "pointradius": 5,
      "points": false,
      "renderer": "flot",
      "seriesOverrides": [],
      "spaceLength": 10,
      "stack": false,
      "steppedLine": false,
      "targets": [
        {
          "datasource": "Metrics",
          "editorMode": "code",
          "expr": "patroni_primary{environment=~\"$environment\",cluster=~\"$cluster\",scope=~\"$scope_name\"}",
          "format": "time_series",
          "hide": false,
          "interval": "$interval",
          "intervalFactor": 1,
          "legendFormat": "{{cluster}} {{service_name}}",
          "range": true,
          "refId": "A"
        }
      ],
      "thresholds": [],
      "timeRegions": [],
      "title": "Patroni Primary Node",
      "tooltip": {
        "shared": true,
        "sort": 5,
        "value_type": "individual"
      },
      "type": "graph",
      "xaxis": {
        "mode": "time",
        "show": true,
        "values": []
      },
      "yaxes": [
        {
          "decimals": 0,
          "format": "none",
          "logBase": 1,
          "min": "0",
          "show": true
        },
        {
          "format": "short",
          "logBase": 1,
          "show": false
        }
      ],
      "yaxis": {
        "align": false
      }
    },
    {
      "aliasColors": {
        "Total ": "#bf1b00"
      },
      "bars": false,
      "dashLength": 10,
      "dashes": false,
      "datasource": "Metrics",
      "decimals": 0,
      "description": "",
      "fieldConfig": {
        "defaults": {
          "links": []
        },
        "overrides": []
      },
      "fill": 0,
      "fillGradient": 0,
      "gridPos": {
        "h": 8,
        "w": 12,
        "x": 12,
        "y": 10
      },
      "hiddenSeries": false,
      "id": 1015,
      "legend": {
        "alignAsTable": true,
        "avg": false,
        "current": true,
        "hideEmpty": true,
        "hideZero": true,
        "max": true,
        "min": true,
        "show": true,
        "sort": "avg",
        "sortDesc": true,
        "total": false,
        "values": true
      },
      "lines": true,
      "linewidth": 2,
      "links": [],
      "nullPointMode": "null",
      "options": {
        "alertThreshold": true
      },
      "percentage": false,
      "pluginVersion": "9.2.20",
      "pointradius": 5,
      "points": false,
      "renderer": "flot",
      "seriesOverrides": [],
      "spaceLength": 10,
      "stack": false,
      "steppedLine": false,
      "targets": [
        {
          "datasource": "Metrics",
          "editorMode": "code",
          "expr": "patroni_replica{environment=~\"$environment\",cluster=~\"$cluster\",scope=~\"$scope_name\"}",
          "format": "time_series",
          "hide": false,
          "interval": "$interval",
          "intervalFactor": 1,
          "legendFormat": "{{cluster}} {{service_name}}",
          "range": true,
          "refId": "A"
        }
      ],
      "thresholds": [],
      "timeRegions": [],
      "title": "Patroni Secondary Nodes",
      "tooltip": {
        "shared": true,
        "sort": 5,
        "value_type": "individual"
      },
      "type": "graph",
      "xaxis": {
        "mode": "time",
        "show": true,
        "values": []
      },
      "yaxes": [
        {
          "decimals": 0,
          "format": "none",
          "logBase": 1,
          "min": "0",
          "show": true
        },
        {
          "format": "short",
          "logBase": 1,
          "show": false
        }
      ],
      "yaxis": {
        "align": false
      }
    },
    {
      "collapsed": false,
      "datasource": "Metrics",
      "gridPos": {
        "h": 1,
        "w": 24,
        "x": 0,
        "y": 18
      },
      "id": 76,
      "panels": [],
      "targets": [
        {
          "datasource": "Metrics",
          "refId": "A"
        }
      ],
      "title": "PostgreSQL",
      "type": "row"
    },
    {
      "datasource": "Metrics",
      "gridPos": {
        "h": 3,
        "w": 4,
        "x": 0,
        "y": 19
      },
      "id": 1024,
      "links": [],
      "options": {
        "code": {
          "language": "go",
          "showLineNumbers": false,
          "showMiniMap": false
        },
        "content": "<h3 style='color:#5991A7;text-align:center'>\n  <span style='color:#e68a00'>$service_name</span> \n</h3>",
        "mode": "html"
      },
      "pluginVersion": "9.2.20",
      "targets": [
        {
          "datasource": "Metrics",
          "refId": "A"
        }
      ],
      "type": "text"
    },
    {
      "datasource": "Metrics",
      "description": "Reports PostgreSQL version number.",
      "fieldConfig": {
        "defaults": {
          "color": {
            "mode": "thresholds"
          },
          "mappings": [
            {
              "options": {
                "0": {
                  "text": "NO"
                },
                "1": {
                  "text": "YES"
                }
              },
              "type": "value"
            },
            {
              "options": {
                "match": "null",
                "result": {
                  "text": "N/A"
                }
              },
              "type": "special"
            }
          ],
          "thresholds": {
            "mode": "absolute",
            "steps": [
              {
                "color": "#d44a3a",
                "value": null
              },
              {
                "color": "rgba(237, 129, 40, 0.89)",
                "value": 0
              },
              {
                "color": "#299c46",
                "value": 1
              }
            ]
          },
          "unit": "none"
        },
        "overrides": []
      },
      "gridPos": {
        "h": 3,
        "w": 4,
        "x": 4,
        "y": 19
      },
      "id": 1010,
      "links": [],
      "maxDataPoints": 100,
      "options": {
        "colorMode": "none",
        "graphMode": "none",
        "justifyMode": "auto",
        "orientation": "horizontal",
        "reduceOptions": {
          "calcs": [
            "lastNotNull"
          ],
          "fields": "",
          "values": false
        },
        "text": {
          "valueSize": 20
        },
        "textMode": "auto"
      },
      "pluginVersion": "9.2.20",
      "targets": [
        {
          "datasource": "Metrics",
          "editorMode": "code",
          "expr": "patroni_postgres_server_version{service_name=~\"$service_name\",scope=~\"$scope_name\"}",
          "format": "time_series",
          "interval": "$interval",
          "intervalFactor": 1,
          "legendFormat": "{{service_name}}",
          "range": true,
          "refId": "A"
        }
      ],
      "title": "PostgreSQL Version",
      "type": "stat"
    },
    {
      "datasource": "Metrics",
      "description": "",
      "fieldConfig": {
        "defaults": {
          "color": {
            "mode": "thresholds"
          },
          "decimals": 0,
          "mappings": [
            {
              "options": {
                "match": "null",
                "result": {
                  "index": 0,
                  "text": "N/A"
                }
              },
              "type": "special"
            }
          ],
          "thresholds": {
            "mode": "absolute",
            "steps": [
              {
                "color": "text",
                "value": null
              }
            ]
          },
          "unit": "dateTimeFromNow"
        },
        "overrides": []
      },
      "gridPos": {
        "h": 3,
        "w": 4,
        "x": 8,
        "y": 19
      },
      "id": 1009,
      "links": [],
      "maxDataPoints": 100,
      "options": {
        "colorMode": "value",
        "graphMode": "area",
        "justifyMode": "auto",
        "orientation": "horizontal",
        "reduceOptions": {
          "calcs": [
            "lastNotNull"
          ],
          "fields": "",
          "values": false
        },
        "text": {
          "valueSize": 20
        },
        "textMode": "value"
      },
      "pluginVersion": "9.2.20",
      "targets": [
        {
          "datasource": "Metrics",
          "editorMode": "code",
          "exemplar": false,
          "expr": "patroni_postmaster_start_time{service_name=~\"$service_name\",scope=~\"$scope_name\"}*1000",
          "format": "time_series",
          "instant": true,
          "interval": "$interval",
          "intervalFactor": 1,
          "legendFormat": "",
          "refId": "A"
        }
      ],
      "title": "Uptime",
      "type": "stat"
    },
    {
      "datasource": "Metrics",
      "description": "",
      "fieldConfig": {
        "defaults": {
          "color": {
            "mode": "thresholds"
          },
          "decimals": 0,
          "mappings": [
            {
              "options": {
                "match": "null",
                "result": {
                  "index": 0,
                  "text": "N/A"
                }
              },
              "type": "special"
            }
          ],
          "thresholds": {
            "mode": "absolute",
            "steps": [
              {
                "color": "text",
                "value": null
              }
            ]
          },
          "unit": "none"
        },
        "overrides": [
          {
            "matcher": {
              "id": "byRegexp",
              "options": "patroni_postgres_running.*"
            },
            "properties": [
              {
                "id": "mappings",
                "value": [
                  {
                    "options": {
                      "0": {
                        "color": "dark-red",
                        "index": 0,
                        "text": "No"
                      },
                      "1": {
                        "color": "dark-green",
                        "index": 1,
                        "text": "Yes"
                      }
                    },
                    "type": "value"
                  }
                ]
              }
            ]
          }
        ]
      },
      "gridPos": {
        "h": 3,
        "w": 4,
        "x": 12,
        "y": 19
      },
      "id": 86,
      "links": [],
      "maxDataPoints": 100,
      "options": {
        "colorMode": "value",
        "graphMode": "area",
        "justifyMode": "auto",
        "orientation": "horizontal",
        "reduceOptions": {
          "calcs": [
            "lastNotNull"
          ],
          "fields": "",
          "values": false
        },
        "text": {
          "valueSize": 20
        },
        "textMode": "value"
      },
      "pluginVersion": "9.2.20",
      "targets": [
        {
          "datasource": "Metrics",
          "editorMode": "code",
          "exemplar": false,
          "expr": "patroni_postgres_running{service_name=~\"$service_name\",scope=~\"$scope_name\"}",
          "format": "time_series",
          "instant": true,
          "interval": "$interval",
          "intervalFactor": 1,
          "legendFormat": "",
          "refId": "A"
        }
      ],
      "title": "Running",
      "type": "stat"
    },
    {
      "datasource": "Metrics",
      "description": "",
      "fieldConfig": {
        "defaults": {
          "color": {
            "mode": "thresholds"
          },
          "decimals": 0,
          "mappings": [
            {
              "options": {
                "match": "null",
                "result": {
                  "index": 0,
                  "text": "N/A"
                }
              },
              "type": "special"
            }
          ],
          "thresholds": {
            "mode": "absolute",
            "steps": [
              {
                "color": "text",
                "value": null
              }
            ]
          },
          "unit": "none"
        },
        "overrides": [
          {
            "matcher": {
              "id": "byRegexp",
              "options": "patroni_postgres_running.*"
            },
            "properties": [
              {
                "id": "mappings",
                "value": [
                  {
                    "options": {
                      "0": {
                        "color": "dark-red",
                        "index": 0,
                        "text": "No"
                      },
                      "1": {
                        "color": "dark-green",
                        "index": 1,
                        "text": "Yes"
                      }
                    },
                    "type": "value"
                  }
                ]
              }
            ]
          }
        ]
      },
      "gridPos": {
        "h": 3,
        "w": 4,
        "x": 16,
        "y": 19
      },
      "id": 1025,
      "links": [],
      "maxDataPoints": 100,
      "options": {
        "colorMode": "value",
        "graphMode": "area",
        "justifyMode": "auto",
        "orientation": "horizontal",
        "reduceOptions": {
          "calcs": [
            "lastNotNull"
          ],
          "fields": "",
          "values": false
        },
        "text": {
          "valueSize": 20
        },
        "textMode": "value"
      },
      "pluginVersion": "9.2.20",
      "targets": [
        {
          "datasource": "Metrics",
          "editorMode": "code",
          "exemplar": false,
          "expr": "patroni_postgres_timeline{service_name=~\"$service_name\",scope=~\"$scope_name\"}",
          "hide": false,
          "instant": true,
          "interval": "$interval",
          "legendFormat": "",
          "range": false,
          "refId": "B"
        }
      ],
      "title": "Timeline",
      "type": "stat"
    },
    {
      "datasource": "Metrics",
      "description": "",
      "fieldConfig": {
        "defaults": {
          "color": {
            "mode": "thresholds"
          },
          "decimals": 0,
          "mappings": [
            {
              "options": {
                "0": {
                  "color": "dark-green",
                  "index": 1,
                  "text": "No"
                },
                "1": {
                  "color": "dark-orange",
                  "index": 2,
                  "text": "Yes"
                }
              },
              "type": "value"
            },
            {
              "options": {
                "match": "null",
                "result": {
                  "color": "text",
                  "index": 0,
                  "text": "N/A"
                }
              },
              "type": "special"
            }
          ],
          "thresholds": {
            "mode": "absolute",
            "steps": [
              {
                "color": "#d44a3a",
                "value": null
              }
            ]
          },
          "unit": "none"
        },
        "overrides": []
      },
      "gridPos": {
        "h": 3,
        "w": 4,
        "x": 20,
        "y": 19
      },
      "id": 1013,
      "links": [],
      "maxDataPoints": 100,
      "options": {
        "colorMode": "value",
        "graphMode": "area",
        "justifyMode": "auto",
        "orientation": "horizontal",
        "reduceOptions": {
          "calcs": [
            "lastNotNull"
          ],
          "fields": "",
          "values": false
        },
        "text": {
          "valueSize": 20
        },
        "textMode": "value"
      },
      "pluginVersion": "9.2.20",
      "targets": [
        {
          "datasource": "Metrics",
          "editorMode": "code",
          "exemplar": false,
          "expr": "patroni_pending_restart{service_name=~\"$service_name\",scope=~\"$scope_name\"}",
          "format": "time_series",
          "instant": true,
          "interval": "$interval",
          "intervalFactor": 1,
          "legendFormat": "",
          "refId": "A"
        }
      ],
      "title": "Pending Restart",
      "type": "stat"
    },
    {
      "datasource": "Metrics",
      "description": "",
      "fieldConfig": {
        "defaults": {
          "color": {
            "mode": "thresholds"
          },
          "decimals": 0,
          "mappings": [
            {
              "options": {
                "0": {
                  "color": "dark-green",
                  "index": 1,
                  "text": "Enabled"
                },
                "1": {
                  "color": "dark-red",
                  "index": 2,
                  "text": "Paused"
                }
              },
              "type": "value"
            },
            {
              "options": {
                "match": "null",
                "result": {
                  "color": "text",
                  "index": 0,
                  "text": "N/A"
                }
              },
              "type": "special"
            }
          ],
          "thresholds": {
            "mode": "absolute",
            "steps": [
              {
                "color": "#d44a3a",
                "value": null
              }
            ]
          },
          "unit": "none"
        },
        "overrides": []
      },
      "gridPos": {
        "h": 3,
        "w": 4,
        "x": 0,
        "y": 22
      },
      "id": 1016,
      "links": [],
      "maxDataPoints": 100,
      "options": {
        "colorMode": "value",
        "graphMode": "area",
        "justifyMode": "auto",
        "orientation": "horizontal",
        "reduceOptions": {
          "calcs": [
            "lastNotNull"
          ],
          "fields": "",
          "values": false
        },
        "text": {
          "valueSize": 20
        },
        "textMode": "value"
      },
      "pluginVersion": "9.2.20",
      "targets": [
        {
          "datasource": "Metrics",
          "editorMode": "code",
          "exemplar": false,
          "expr": "patroni_xlog_paused{service_name=~\"$service_name\",scope=~\"$scope_name\"}",
          "format": "time_series",
          "instant": true,
          "interval": "$interval",
          "intervalFactor": 1,
          "legendFormat": "",
          "refId": "A"
        }
      ],
      "title": "WAL Replay",
      "type": "stat"
    },
    {
      "datasource": "Metrics",
      "description": "",
      "fieldConfig": {
        "defaults": {
          "color": {
            "mode": "thresholds"
          },
          "decimals": 0,
          "mappings": [
            {
              "options": {
                "0": {
                  "index": 1,
                  "text": "No"
                },
                "1": {
                  "index": 2,
                  "text": "Yes"
                }
              },
              "type": "value"
            },
            {
              "options": {
                "match": "null",
                "result": {
                  "index": 0,
                  "text": "N/A"
                }
              },
              "type": "special"
            }
          ],
          "thresholds": {
            "mode": "absolute",
            "steps": [
              {
                "color": "text",
                "value": null
              }
            ]
          },
          "unit": "none"
        },
        "overrides": []
      },
      "gridPos": {
        "h": 3,
        "w": 4,
        "x": 4,
        "y": 22
      },
      "id": 1026,
      "links": [],
      "maxDataPoints": 100,
      "options": {
        "colorMode": "value",
        "graphMode": "area",
        "justifyMode": "auto",
        "orientation": "horizontal",
        "reduceOptions": {
          "calcs": [
            "lastNotNull"
          ],
          "fields": "",
          "values": false
        },
        "text": {
          "valueSize": 20
        },
        "textMode": "value"
      },
      "pluginVersion": "9.2.20",
      "targets": [
        {
          "datasource": "Metrics",
          "editorMode": "code",
          "exemplar": false,
          "expr": "patroni_postgres_in_archive_recovery{service_name=~\"$service_name\",scope=~\"$scope_name\"}",
          "format": "time_series",
          "instant": true,
          "interval": "$interval",
          "intervalFactor": 1,
          "legendFormat": "",
          "refId": "A"
        }
      ],
      "title": "In Archive Recovery",
      "type": "stat"
    },
    {
      "datasource": "Metrics",
      "description": "",
      "fieldConfig": {
        "defaults": {
          "color": {
            "mode": "thresholds"
          },
          "decimals": 0,
          "mappings": [
            {
              "options": {
                "0": {
                  "index": 1,
                  "text": "No"
                },
                "1": {
                  "index": 2,
                  "text": "Yes"
                }
              },
              "type": "value"
            },
            {
              "options": {
                "match": "null",
                "result": {
                  "index": 0,
                  "text": "N/A"
                }
              },
              "type": "special"
            }
          ],
          "thresholds": {
            "mode": "absolute",
            "steps": [
              {
                "color": "text",
                "value": null
              }
            ]
          },
          "unit": "none"
        },
        "overrides": []
      },
      "gridPos": {
        "h": 3,
        "w": 4,
        "x": 8,
        "y": 22
      },
      "id": 1027,
      "links": [],
      "maxDataPoints": 100,
      "options": {
        "colorMode": "value",
        "graphMode": "area",
        "justifyMode": "auto",
        "orientation": "horizontal",
        "reduceOptions": {
          "calcs": [
            "lastNotNull"
          ],
          "fields": "",
          "values": false
        },
        "text": {
          "valueSize": 20
        },
        "textMode": "value"
      },
      "pluginVersion": "9.2.20",
      "targets": [
        {
          "datasource": "Metrics",
          "editorMode": "code",
          "exemplar": false,
          "expr": "patroni_postgres_streaming{service_name=~\"$service_name\",scope=~\"$scope_name\"}",
          "format": "time_series",
          "instant": true,
          "interval": "$interval",
          "intervalFactor": 1,
          "legendFormat": "",
          "refId": "A"
        }
      ],
      "title": "Streaming",
      "type": "stat"
    },
    {
      "datasource": "Metrics",
      "description": "",
      "fieldConfig": {
        "defaults": {
          "color": {
            "mode": "thresholds"
          },
          "decimals": 0,
          "mappings": [
            {
              "options": {
                "0": {
                  "color": "text",
                  "index": 1,
                  "text": "No"
                },
                "1": {
                  "color": "text",
                  "index": 2,
                  "text": "Yes"
                }
              },
              "type": "value"
            },
            {
              "options": {
                "match": "null",
                "result": {
                  "color": "text",
                  "index": 0,
                  "text": "N/A"
                }
              },
              "type": "special"
            }
          ],
          "thresholds": {
            "mode": "absolute",
            "steps": [
              {
                "color": "#d44a3a",
                "value": null
              }
            ]
          },
          "unit": "none"
        },
        "overrides": []
      },
      "gridPos": {
        "h": 3,
        "w": 4,
        "x": 12,
        "y": 22
      },
      "id": 1008,
      "links": [],
      "maxDataPoints": 100,
      "options": {
        "colorMode": "value",
        "graphMode": "area",
        "justifyMode": "auto",
        "orientation": "horizontal",
        "reduceOptions": {
          "calcs": [
            "lastNotNull"
          ],
          "fields": "",
          "values": false
        },
        "text": {
          "valueSize": 20
        },
        "textMode": "value"
      },
      "pluginVersion": "9.2.20",
      "targets": [
        {
          "datasource": "Metrics",
          "editorMode": "code",
          "exemplar": false,
          "expr": "patroni_sync_standby{service_name=~\"$service_name\",scope=~\"$scope_name\"}",
          "format": "time_series",
          "instant": true,
          "interval": "$interval",
          "intervalFactor": 1,
          "legendFormat": "",
          "refId": "A"
        }
      ],
      "title": "Sync Standby",
      "type": "stat"
    },
    {
      "aliasColors": {},
      "bars": false,
      "dashLength": 10,
      "dashes": false,
      "datasource": "Metrics",
      "decimals": 2,
      "description": "",
      "fieldConfig": {
        "defaults": {
          "links": []
        },
        "overrides": []
      },
      "fill": 0,
      "fillGradient": 0,
      "gridPos": {
        "h": 8,
        "w": 12,
        "x": 0,
        "y": 25
      },
      "hiddenSeries": false,
      "id": 1017,
      "legend": {
        "alignAsTable": true,
        "avg": true,
        "current": false,
        "hideEmpty": true,
        "hideZero": true,
        "max": true,
        "min": true,
        "show": true,
        "sort": "avg",
        "sortDesc": true,
        "total": false,
        "values": true
      },
      "lines": true,
      "linewidth": 2,
      "links": [],
      "nullPointMode": "null",
      "options": {
        "alertThreshold": true
      },
      "percentage": false,
      "pluginVersion": "9.2.20",
      "pointradius": 5,
      "points": false,
      "renderer": "flot",
      "seriesOverrides": [
        {
          "alias": "/.*(rate)/",
          "yaxis": 2
        }
      ],
      "spaceLength": 10,
      "stack": false,
      "steppedLine": false,
      "targets": [
        {
          "datasource": "Metrics",
          "editorMode": "code",
          "exemplar": false,
          "expr": "patroni_xlog_location{environment=~\"$environment\",cluster=~\"$cluster\",scope=~\"$scope_name\"}",
          "format": "time_series",
          "instant": false,
          "interval": "$interval",
          "intervalFactor": 1,
          "legendFormat": "{{cluster}} {{service_name}}",
          "range": true,
          "refId": "A"
        },
        {
          "datasource": "Metrics",
          "editorMode": "code",
          "exemplar": false,
          "expr": "irate(patroni_xlog_location{environment=~\"$environment\",cluster=~\"$cluster\",scope=~\"$scope_name\"})",
          "format": "time_series",
          "hide": true,
          "instant": false,
          "interval": "$interval",
          "intervalFactor": 1,
          "legendFormat": "{{cluster}} {{service_name}} (rate)",
          "range": true,
          "refId": "B"
        }
      ],
      "thresholds": [],
      "timeRegions": [],
      "title": "Primary WAL Location",
      "tooltip": {
        "shared": true,
        "sort": 5,
        "value_type": "individual"
      },
      "type": "graph",
      "xaxis": {
        "mode": "time",
        "show": true,
        "values": []
      },
      "yaxes": [
        {
          "decimals": 2,
          "format": "bytes",
          "logBase": 1,
          "min": "0",
          "show": true
        },
        {
          "format": "binBps",
          "logBase": 1,
          "show": true
        }
      ],
      "yaxis": {
        "align": false
      }
    },
    {
      "aliasColors": {},
      "bars": false,
      "dashLength": 10,
      "dashes": false,
      "datasource": "Metrics",
      "decimals": 2,
      "description": "",
      "fieldConfig": {
        "defaults": {
          "links": []
        },
        "overrides": []
      },
      "fill": 2,
      "fillGradient": 0,
      "gridPos": {
        "h": 8,
        "w": 12,
        "x": 12,
        "y": 25
      },
      "hiddenSeries": false,
      "id": 36,
      "legend": {
        "alignAsTable": true,
        "avg": false,
        "current": false,
        "max": true,
        "min": true,
        "show": true,
        "sort": "avg",
        "sortDesc": true,
        "total": false,
        "values": true
      },
      "lines": true,
      "linewidth": 2,
      "links": [],
      "nullPointMode": "null",
      "options": {
        "alertThreshold": true
      },
      "percentage": false,
      "pluginVersion": "9.2.20",
      "pointradius": 5,
      "points": false,
      "renderer": "flot",
      "seriesOverrides": [],
      "spaceLength": 10,
      "stack": false,
      "steppedLine": false,
      "targets": [
        {
          "datasource": "Metrics",
          "editorMode": "code",
          "expr": "patroni_xlog_paused{environment=~\"$environment\",cluster=~\"$cluster\",scope=~\"$scope_name\"}",
          "format": "time_series",
          "interval": "$interval",
          "intervalFactor": 1,
          "legendFormat": "{{cluster}} {{service_name}}",
          "range": true,
          "refId": "A"
        }
      ],
      "thresholds": [],
      "timeRegions": [],
      "title": "WAL Replay Paused",
      "tooltip": {
        "shared": true,
        "sort": 5,
        "value_type": "individual"
      },
      "type": "graph",
      "xaxis": {
        "mode": "time",
        "show": true,
        "values": []
      },
      "yaxes": [
        {
          "decimals": 2,
          "format": "short",
          "logBase": 1,
          "min": "0",
          "show": true
        },
        {
          "format": "short",
          "logBase": 1,
          "show": false
        }
      ],
      "yaxis": {
        "align": false
      }
    },
    {
      "aliasColors": {},
      "bars": false,
      "dashLength": 10,
      "dashes": false,
      "datasource": "Metrics",
      "decimals": 2,
      "description": "",
      "fieldConfig": {
        "defaults": {
          "links": []
        },
        "overrides": []
      },
      "fill": 0,
      "fillGradient": 0,
      "gridPos": {
        "h": 8,
        "w": 12,
        "x": 0,
        "y": 33
      },
      "hiddenSeries": false,
      "id": 1018,
      "legend": {
        "alignAsTable": true,
        "avg": true,
        "current": false,
        "hideEmpty": true,
        "hideZero": true,
        "max": true,
        "min": true,
        "show": true,
        "sort": "avg",
        "sortDesc": true,
        "total": false,
        "values": true
      },
      "lines": true,
      "linewidth": 2,
      "links": [],
      "nullPointMode": "null",
      "options": {
        "alertThreshold": true
      },
      "percentage": false,
      "pluginVersion": "9.2.20",
      "pointradius": 5,
      "points": false,
      "renderer": "flot",
      "seriesOverrides": [
        {
          "alias": "/.*(rate)/",
          "yaxis": 2
        }
      ],
      "spaceLength": 10,
      "stack": false,
      "steppedLine": false,
      "targets": [
        {
          "datasource": "Metrics",
          "editorMode": "code",
          "exemplar": false,
          "expr": "patroni_xlog_received_location{environment=~\"$environment\",cluster=~\"$cluster\",scope=~\"$scope_name\"}",
          "format": "time_series",
          "instant": false,
          "interval": "$interval",
          "intervalFactor": 1,
          "legendFormat": "{{cluster}} {{service_name}}",
          "range": true,
          "refId": "A"
        },
        {
          "datasource": "Metrics",
          "editorMode": "code",
          "exemplar": false,
          "expr": "irate(patroni_xlog_received_location{environment=~\"$environment\",cluster=~\"$cluster\",scope=~\"$scope_name\"})",
          "format": "time_series",
          "hide": true,
          "instant": false,
          "interval": "$interval",
          "intervalFactor": 1,
          "legendFormat": "{{cluster}} {{service_name}} (rate)",
          "range": true,
          "refId": "B"
        }
      ],
      "thresholds": [],
      "timeRegions": [],
      "title": "Replicas Received WAL Location",
      "tooltip": {
        "shared": true,
        "sort": 5,
        "value_type": "individual"
      },
      "type": "graph",
      "xaxis": {
        "mode": "time",
        "show": true,
        "values": []
      },
      "yaxes": [
        {
          "decimals": 2,
          "format": "bytes",
          "logBase": 1,
          "min": "0",
          "show": true
        },
        {
          "format": "binBps",
          "logBase": 1,
          "show": true
        }
      ],
      "yaxis": {
        "align": false
      }
    },
    {
      "aliasColors": {},
      "bars": false,
      "dashLength": 10,
      "dashes": false,
      "datasource": "Metrics",
      "decimals": 2,
      "description": "",
      "fieldConfig": {
        "defaults": {
          "links": []
        },
        "overrides": []
      },
      "fill": 0,
      "fillGradient": 0,
      "gridPos": {
        "h": 8,
        "w": 12,
        "x": 12,
        "y": 33
      },
      "hiddenSeries": false,
      "id": 1019,
      "legend": {
        "alignAsTable": true,
        "avg": true,
        "current": false,
        "hideEmpty": true,
        "hideZero": true,
        "max": true,
        "min": true,
        "show": true,
        "sort": "avg",
        "sortDesc": true,
        "total": false,
        "values": true
      },
      "lines": true,
      "linewidth": 2,
      "links": [],
      "nullPointMode": "null",
      "options": {
        "alertThreshold": true
      },
      "percentage": false,
      "pluginVersion": "9.2.20",
      "pointradius": 5,
      "points": false,
      "renderer": "flot",
      "seriesOverrides": [
        {
          "alias": "/.*(rate)/",
          "yaxis": 2
        }
      ],
      "spaceLength": 10,
      "stack": false,
      "steppedLine": false,
      "targets": [
        {
          "datasource": "Metrics",
          "editorMode": "code",
          "exemplar": false,
          "expr": "patroni_xlog_replayed_location{environment=~\"$environment\",cluster=~\"$cluster\",scope=~\"$scope_name\"}",
          "format": "time_series",
          "instant": false,
          "interval": "$interval",
          "intervalFactor": 1,
          "legendFormat": "{{cluster}} {{service_name}}",
          "range": true,
          "refId": "A"
        },
        {
          "datasource": "Metrics",
          "editorMode": "code",
          "exemplar": false,
          "expr": "irate(patroni_xlog_replayed_location{environment=~\"$environment\",cluster=~\"$cluster\",scope=~\"$scope_name\"})",
          "format": "time_series",
          "hide": true,
          "instant": false,
          "interval": "$interval",
          "intervalFactor": 1,
          "legendFormat": "{{cluster}} {{service_name}} (rate)",
          "range": true,
          "refId": "B"
        }
      ],
      "thresholds": [],
      "timeRegions": [],
      "title": "Replicas Replayed WAL Location",
      "tooltip": {
        "shared": true,
        "sort": 5,
        "value_type": "individual"
      },
      "type": "graph",
      "xaxis": {
        "mode": "time",
        "show": true,
        "values": []
      },
      "yaxes": [
        {
          "decimals": 2,
          "format": "bytes",
          "logBase": 1,
          "min": "0",
          "show": true
        },
        {
          "format": "binBps",
          "logBase": 1,
          "show": true
        }
      ],
      "yaxis": {
        "align": false
      }
    }
  ],
  "refresh": "1m",
  "schemaVersion": 37,
  "style": "dark",
  "tags": [
    "Percona",
    "PostgreSQL"
  ],
  "templating": {
    "list": [
      {
        "current": {},
        "datasource": "Metrics",
        "definition": "",
        "hide": 2,
        "includeAll": false,
        "multi": false,
        "name": "max_worker_processes",
        "options": [],
        "query": {
          "query": "query_result(pg_settings_max_worker_processes{service_name=~\"$service_name\"})",
          "refId": "Metrics-max_worker_processes-Variable-Query"
        },
        "refresh": 2,
        "regex": "/ ([0-9\\.]+)/",
        "skipUrlSync": false,
        "sort": 5,
        "tagValuesQuery": "",
        "tagsQuery": "",
        "type": "query",
        "useTags": false
      },
      {
        "current": {},
        "datasource": "Metrics",
        "definition": "",
        "hide": 2,
        "includeAll": false,
        "multi": false,
        "name": "max_parallel_workers",
        "options": [],
        "query": {
          "query": "query_result(pg_settings_max_parallel_workers_per_gather{service_name=~\"$service_name\"})",
          "refId": "Metrics-max_parallel_workers-Variable-Query"
        },
        "refresh": 2,
        "regex": "/ ([0-9\\.]+)/",
        "skipUrlSync": false,
        "sort": 5,
        "tagValuesQuery": "",
        "tagsQuery": "",
        "type": "query",
        "useTags": false
      },
      {
        "current": {},
        "datasource": "Metrics",
        "definition": "",
        "hide": 2,
        "includeAll": false,
        "multi": false,
        "name": "autovacuum_work_mem",
        "options": [],
        "query": {
          "query": "query_result(pg_settings_autovacuum_work_mem_bytes{service_name=~\"$service_name\"})",
          "refId": "Metrics-autovacuum_work_mem-Variable-Query"
        },
        "refresh": 2,
        "regex": "/ ([0-9\\.]+)/",
        "skipUrlSync": false,
        "sort": 5,
        "tagValuesQuery": "",
        "tagsQuery": "",
        "type": "query",
        "useTags": false
      },
      {
        "auto": true,
        "auto_count": 200,
        "auto_min": "1s",
        "current": {
          "selected": false,
          "text": "auto",
          "value": "$__auto_interval_interval"
        },
        "hide": 0,
        "label": "Interval",
        "name": "interval",
        "options": [
          {
            "selected": true,
            "text": "auto",
            "value": "$__auto_interval_interval"
          },
          {
            "selected": false,
            "text": "1s",
            "value": "1s"
          },
          {
            "selected": false,
            "text": "5s",
            "value": "5s"
          },
          {
            "selected": false,
            "text": "1m",
            "value": "1m"
          },
          {
            "selected": false,
            "text": "5m",
            "value": "5m"
          },
          {
            "selected": false,
            "text": "1h",
            "value": "1h"
          },
          {
            "selected": false,
            "text": "6h",
            "value": "6h"
          },
          {
            "selected": false,
            "text": "1d",
            "value": "1d"
          }
        ],
        "query": "1s,5s,1m,5m,1h,6h,1d",
        "refresh": 2,
        "skipUrlSync": false,
        "type": "interval"
      },
      {
        "allValue": ".*",
        "current": {},
        "datasource": "Metrics",
        "definition": "label_values(patroni_version, environment)",
        "hide": 0,
        "includeAll": true,
        "label": "Environment",
        "multi": true,
        "name": "environment",
        "options": [],
        "query": {
          "query": "label_values(patroni_version, environment)",
          "refId": "StandardVariableQuery"
        },
        "refresh": 2,
        "regex": "",
        "skipUrlSync": false,
        "sort": 5,
        "tagValuesQuery": "",
        "tagsQuery": "",
        "type": "query",
        "useTags": false
      },
      {
        "current": {},
        "datasource": "Metrics",
        "definition": "label_values(patroni_version{environment=~\"$environment\"}, cluster)",
        "hide": 0,
        "includeAll": true,
        "label": "Cluster",
        "multi": true,
        "name": "cluster",
        "options": [],
        "query": {
          "query": "label_values(patroni_version{environment=~\"$environment\"}, cluster)",
          "refId": "StandardVariableQuery"
        },
        "refresh": 2,
        "regex": "",
        "skipUrlSync": false,
        "sort": 5,
        "tagValuesQuery": "",
        "tagsQuery": "",
        "type": "query",
        "useTags": false
      },
      {
        "current": {},
        "datasource": "Metrics",
        "definition": "",
        "hide": 2,
        "includeAll": false,
        "multi": false,
        "name": "work_mem",
        "options": [],
        "query": {
          "query": "query_result(pg_settings_work_mem_bytes{service_name=~\"$service_name\"})",
          "refId": "Metrics-work_mem-Variable-Query"
        },
        "refresh": 2,
        "regex": "/ ([0-9\\.]+)/",
        "skipUrlSync": false,
        "sort": 5,
        "tagValuesQuery": "",
        "tagsQuery": "",
        "type": "query",
        "useTags": false
      },
      {
        "current": {},
        "datasource": "Metrics",
        "definition": "label_values(patroni_version{service_name=~\"$service_name\"},node_name)",
        "hide": 2,
        "includeAll": false,
        "label": "Node Name",
        "multi": false,
        "name": "node_name",
        "options": [],
        "query": {
          "query": "label_values(patroni_version{service_name=~\"$service_name\"},node_name)",
          "refId": "StandardVariableQuery"
        },
        "refresh": 2,
        "regex": "",
        "skipUrlSync": false,
        "sort": 5,
        "tagValuesQuery": "",
        "tagsQuery": "",
        "type": "query",
        "useTags": false
      },
      {
        "current": {},
        "datasource": "Metrics",
        "definition": "label_values(patroni_version{environment=~\"$environment\",cluster=~\"$cluster\"}, service_name)",
        "hide": 0,
        "includeAll": false,
        "label": "Service Name",
        "multi": false,
        "name": "service_name",
        "options": [],
        "query": {
          "query": "label_values(patroni_version{environment=~\"$environment\",cluster=~\"$cluster\"}, service_name)",
          "refId": "StandardVariableQuery"
        },
        "refresh": 2,
        "regex": "",
        "skipUrlSync": false,
        "sort": 5,
        "tagValuesQuery": "",
        "tagsQuery": "",
        "type": "query",
        "useTags": false
      },
      {
        "current": {},
        "datasource": "Metrics",
        "definition": "",
        "hide": 2,
        "includeAll": false,
        "multi": false,
        "name": "version",
        "options": [],
        "query": {
          "query": "label_values(pg_static{service_name=~\"$service_name\"},version)",
          "refId": "Metrics-version-Variable-Query"
        },
        "refresh": 2,
        "regex": "/ ([0-9\\.]+)/",
        "skipUrlSync": false,
        "sort": 2,
        "tagValuesQuery": "",
        "tagsQuery": "",
        "type": "query",
        "useTags": false
      },
      {
        "current": {},
        "datasource": "Metrics",
        "definition": "",
        "hide": 2,
        "includeAll": false,
        "multi": false,
        "name": "max_connections",
        "options": [],
        "query": {
          "query": "query_result(pg_settings_max_connections{service_name=~\"$service_name\"})",
          "refId": "Metrics-max_connections-Variable-Query"
        },
        "refresh": 2,
        "regex": "/ ([0-9\\.]+)/",
        "skipUrlSync": false,
        "sort": 5,
        "tagValuesQuery": "",
        "tagsQuery": "",
        "type": "query",
        "useTags": false
      },
      {
        "current": {},
        "datasource": "Metrics",
        "definition": "",
        "hide": 2,
        "includeAll": false,
        "multi": false,
        "name": "shared_buffers",
        "options": [],
        "query": {
          "query": "query_result(pg_settings_shared_buffers_bytes{service_name=~\"$service_name\"})",
          "refId": "Metrics-shared_buffers-Variable-Query"
        },
        "refresh": 2,
        "regex": "/ ([0-9\\.]+)/",
        "skipUrlSync": false,
        "sort": 5,
        "tagValuesQuery": "",
        "tagsQuery": "",
        "type": "query",
        "useTags": false
      },
      {
        "current": {},
        "datasource": "Metrics",
        "definition": "",
        "hide": 2,
        "includeAll": false,
        "multi": false,
        "name": "wal_buffers",
        "options": [],
        "query": {
          "query": "query_result(pg_settings_wal_buffers_bytes{service_name=~\"$service_name\"})",
          "refId": "Metrics-wal_buffers-Variable-Query"
        },
        "refresh": 2,
        "regex": "/ ([0-9\\.]+)/",
        "skipUrlSync": false,
        "sort": 5,
        "tagValuesQuery": "",
        "tagsQuery": "",
        "type": "query",
        "useTags": false
      },
      {
        "current": {},
        "datasource": "Metrics",
        "definition": "",
        "hide": 2,
        "includeAll": false,
        "multi": false,
        "name": "wal_segment_size",
        "options": [],
        "query": {
          "query": "query_result(pg_settings_wal_segment_size_bytes{service_name=~\"$service_name\"})",
          "refId": "Metrics-wal_segment_size-Variable-Query"
        },
        "refresh": 2,
        "regex": "/ ([0-9\\.]+)/",
        "skipUrlSync": false,
        "sort": 5,
        "tagValuesQuery": "",
        "tagsQuery": "",
        "type": "query",
        "useTags": false
      },
      {
        "current": {},
        "datasource": "Metrics",
        "definition": "",
        "hide": 2,
        "includeAll": false,
        "multi": false,
        "name": "maintenance_work_mem",
        "options": [],
        "query": {
          "query": "query_result(pg_settings_maintenance_work_mem_bytes{service_name=~\"$service_name\"})",
          "refId": "Metrics-maintenance_work_mem-Variable-Query"
        },
        "refresh": 2,
        "regex": "/ ([0-9\\.]+)/",
        "skipUrlSync": false,
        "sort": 5,
        "tagValuesQuery": "",
        "tagsQuery": "",
        "type": "query",
        "useTags": false
      },
      {
        "current": {},
        "datasource": "Metrics",
        "definition": "",
        "hide": 2,
        "includeAll": false,
        "multi": false,
        "name": "block_size",
        "options": [],
        "query": {
          "query": "query_result(pg_settings_block_size{service_name=~\"$service_name\"})",
          "refId": "Metrics-block_size-Variable-Query"
        },
        "refresh": 2,
        "regex": "/ ([0-9\\.]+)/",
        "skipUrlSync": false,
        "sort": 5,
        "tagValuesQuery": "",
        "tagsQuery": "",
        "type": "query",
        "useTags": false
      },
      {
        "current": {},
        "datasource": "Metrics",
        "definition": "",
        "hide": 2,
        "includeAll": false,
        "multi": false,
        "name": "checkpoint_segments",
        "options": [],
        "query": {
          "query": "query_result(pg_settings_checkpoint_segments{service_name=~\"$service_name\"})",
          "refId": "Metrics-checkpoint_segments-Variable-Query"
        },
        "refresh": 2,
        "regex": "/ ([0-9\\.]+)/",
        "skipUrlSync": false,
        "sort": 5,
        "tagValuesQuery": "",
        "tagsQuery": "",
        "type": "query",
        "useTags": false
      },
      {
        "current": {},
        "datasource": "Metrics",
        "definition": "",
        "hide": 2,
        "includeAll": false,
        "multi": false,
        "name": "checkpoint_timeout",
        "options": [],
        "query": {
          "query": "query_result(pg_settings_checkpoint_timeout_seconds{service_name=~\"$service_name\"})",
          "refId": "Metrics-checkpoint_timeout-Variable-Query"
        },
        "refresh": 2,
        "regex": "/ ([0-9\\.]+)/",
        "skipUrlSync": false,
        "sort": 5,
        "tagValuesQuery": "",
        "tagsQuery": "",
        "type": "query",
        "useTags": false
      },
      {
        "current": {},
        "datasource": "Metrics",
        "definition": "",
        "hide": 2,
        "includeAll": false,
        "multi": false,
        "name": "fsync",
        "options": [],
        "query": {
          "query": "query_result(pg_settings_fsync{service_name=~\"$service_name\"})",
          "refId": "Metrics-fsync-Variable-Query"
        },
        "refresh": 2,
        "regex": "/ ([0-9\\.]+)/",
        "skipUrlSync": false,
        "sort": 5,
        "tagValuesQuery": "",
        "tagsQuery": "",
        "type": "query",
        "useTags": false
      },
      {
        "current": {},
        "datasource": "Metrics",
        "definition": "",
        "hide": 2,
        "includeAll": false,
        "multi": false,
        "name": "default_statistics_target",
        "options": [],
        "query": {
          "query": "query_result(pg_settings_default_statistics_target{service_name=~\"$service_name\"})",
          "refId": "Metrics-default_statistics_target-Variable-Query"
        },
        "refresh": 2,
        "regex": "/ ([0-9\\.]+)/",
        "skipUrlSync": false,
        "sort": 5,
        "tagValuesQuery": "",
        "tagsQuery": "",
        "type": "query",
        "useTags": false
      },
      {
        "current": {},
        "datasource": "Metrics",
        "definition": "",
        "hide": 2,
        "includeAll": false,
        "multi": false,
        "name": "seq_page_cost",
        "options": [],
        "query": {
          "query": "query_result(pg_settings_seq_page_cost{service_name=~\"$service_name\"})",
          "refId": "Metrics-seq_page_cost-Variable-Query"
        },
        "refresh": 2,
        "regex": "/ ([0-9\\.]+)/",
        "skipUrlSync": false,
        "sort": 5,
        "tagValuesQuery": "",
        "tagsQuery": "",
        "type": "query",
        "useTags": false
      },
      {
        "current": {},
        "datasource": "Metrics",
        "definition": "",
        "hide": 2,
        "includeAll": false,
        "multi": false,
        "name": "random_page_cost",
        "options": [],
        "query": {
          "query": "query_result(pg_settings_random_page_cost{service_name=~\"$service_name\"})",
          "refId": "Metrics-random_page_cost-Variable-Query"
        },
        "refresh": 2,
        "regex": "/ ([0-9\\.]+)/",
        "skipUrlSync": false,
        "sort": 5,
        "tagValuesQuery": "",
        "tagsQuery": "",
        "type": "query",
        "useTags": false
      },
      {
        "current": {},
        "datasource": "Metrics",
        "definition": "",
        "hide": 2,
        "includeAll": false,
        "multi": false,
        "name": "effective_cache_size",
        "options": [],
        "query": {
          "query": "query_result(pg_settings_effective_cache_size_bytes{service_name=~\"$service_name\"})",
          "refId": "Metrics-effective_cache_size-Variable-Query"
        },
        "refresh": 2,
        "regex": "/ ([0-9\\.]+)/",
        "skipUrlSync": false,
        "sort": 5,
        "tagValuesQuery": "",
        "tagsQuery": "",
        "type": "query",
        "useTags": false
      },
      {
        "current": {},
        "datasource": "Metrics",
        "definition": "",
        "hide": 2,
        "includeAll": false,
        "multi": false,
        "name": "effective_io_concurrency",
        "options": [],
        "query": {
          "query": "query_result(pg_settings_effective_io_concurrency{service_name=~\"$service_name\"})",
          "refId": "Metrics-effective_io_concurrency-Variable-Query"
        },
        "refresh": 2,
        "regex": "/ ([0-9\\.]+)/",
        "skipUrlSync": false,
        "sort": 5,
        "tagValuesQuery": "",
        "tagsQuery": "",
        "type": "query",
        "useTags": false
      },
      {
        "current": {},
        "datasource": "Metrics",
        "definition": "",
        "hide": 2,
        "includeAll": false,
        "multi": false,
        "name": "autovacuum",
        "options": [],
        "query": {
          "query": "query_result(pg_settings_autovacuum{service_name=~\"$service_name\"})",
          "refId": "Metrics-autovacuum-Variable-Query"
        },
        "refresh": 2,
        "regex": "/ ([0-9\\.]+)/",
        "skipUrlSync": false,
        "sort": 5,
        "tagValuesQuery": "",
        "tagsQuery": "",
        "type": "query",
        "useTags": false
      },
      {
        "current": {},
        "datasource": "Metrics",
        "definition": "",
        "hide": 2,
        "includeAll": false,
        "multi": false,
        "name": "autovacuum_analyze_scale_factor",
        "options": [],
        "query": {
          "query": "query_result(pg_settings_autovacuum_analyze_scale_factor{service_name=~\"$service_name\"})",
          "refId": "Metrics-autovacuum_analyze_scale_factor-Variable-Query"
        },
        "refresh": 2,
        "regex": "/ ([0-9\\.]+)/",
        "skipUrlSync": false,
        "sort": 5,
        "tagValuesQuery": "",
        "tagsQuery": "",
        "type": "query",
        "useTags": false
      },
      {
        "current": {},
        "datasource": "Metrics",
        "definition": "",
        "hide": 2,
        "includeAll": false,
        "multi": false,
        "name": "autovacuum_analyze_threshold",
        "options": [],
        "query": {
          "query": "query_result(pg_settings_autovacuum_analyze_threshold{service_name=~\"$service_name\"})",
          "refId": "Metrics-autovacuum_analyze_threshold-Variable-Query"
        },
        "refresh": 2,
        "regex": "/ ([0-9\\.]+)/",
        "skipUrlSync": false,
        "sort": 5,
        "tagValuesQuery": "",
        "tagsQuery": "",
        "type": "query",
        "useTags": false
      },
      {
        "current": {},
        "datasource": "Metrics",
        "definition": "",
        "hide": 2,
        "includeAll": false,
        "multi": false,
        "name": "autovacuum_vacuum_scale_factor",
        "options": [],
        "query": {
          "query": "query_result(pg_settings_autovacuum_vacuum_scale_factor{service_name=~\"$service_name\"})",
          "refId": "Metrics-autovacuum_vacuum_scale_factor-Variable-Query"
        },
        "refresh": 2,
        "regex": "/ ([0-9\\.]+)/",
        "skipUrlSync": false,
        "sort": 5,
        "tagValuesQuery": "",
        "tagsQuery": "",
        "type": "query",
        "useTags": false
      },
      {
        "current": {},
        "datasource": "Metrics",
        "definition": "",
        "hide": 2,
        "includeAll": false,
        "multi": false,
        "name": "autovacuum_vacuum_threshold",
        "options": [],
        "query": {
          "query": "query_result(pg_settings_autovacuum_vacuum_threshold{service_name=~\"$service_name\"})",
          "refId": "Metrics-autovacuum_vacuum_threshold-Variable-Query"
        },
        "refresh": 2,
        "regex": "/ ([0-9\\.]+)/",
        "skipUrlSync": false,
        "sort": 5,
        "tagValuesQuery": "",
        "tagsQuery": "",
        "type": "query",
        "useTags": false
      },
      {
        "current": {},
        "datasource": "Metrics",
        "definition": "",
        "hide": 2,
        "includeAll": false,
        "multi": false,
        "name": "autovacuum_vacuum_cost_limit",
        "options": [],
        "query": {
          "query": "query_result(pg_settings_autovacuum_vacuum_cost_limit{service_name=~\"$service_name\"})",
          "refId": "Metrics-autovacuum_vacuum_cost_limit-Variable-Query"
        },
        "refresh": 2,
        "regex": "/ ([0-9\\.]+)/",
        "skipUrlSync": false,
        "sort": 5,
        "tagValuesQuery": "",
        "tagsQuery": "",
        "type": "query",
        "useTags": false
      },
      {
        "current": {},
        "datasource": "Metrics",
        "definition": "",
        "hide": 2,
        "includeAll": false,
        "multi": false,
        "name": "autovacuum_vacuum_cost_delay",
        "options": [],
        "query": {
          "query": "query_result(pg_settings_autovacuum_vacuum_cost_delay_seconds{service_name=~\"$service_name\"})",
          "refId": "Metrics-autovacuum_vacuum_cost_delay-Variable-Query"
        },
        "refresh": 2,
        "regex": "/ ([0-9\\.]+)/",
        "skipUrlSync": false,
        "sort": 5,
        "tagValuesQuery": "",
        "tagsQuery": "",
        "type": "query",
        "useTags": false
      },
      {
        "current": {},
        "datasource": "Metrics",
        "definition": "",
        "hide": 2,
        "includeAll": false,
        "multi": false,
        "name": "autovacuum_max_workers",
        "options": [],
        "query": {
          "query": "query_result(pg_settings_autovacuum_max_workers{service_name=~\"$service_name\"})",
          "refId": "Metrics-autovacuum_max_workers-Variable-Query"
        },
        "refresh": 2,
        "regex": "/ ([0-9\\.]+)/",
        "skipUrlSync": false,
        "sort": 5,
        "tagValuesQuery": "",
        "tagsQuery": "",
        "type": "query",
        "useTags": false
      },
      {
        "current": {},
        "datasource": "Metrics",
        "definition": "",
        "hide": 2,
        "includeAll": false,
        "multi": false,
        "name": "autovacuum_naptime",
        "options": [],
        "query": {
          "query": "query_result(pg_settings_autovacuum_naptime_seconds{service_name=~\"$service_name\"})",
          "refId": "Metrics-autovacuum_naptime-Variable-Query"
        },
        "refresh": 2,
        "regex": "/ ([0-9\\.]+)/",
        "skipUrlSync": false,
        "sort": 5,
        "tagValuesQuery": "",
        "tagsQuery": "",
        "type": "query",
        "useTags": false
      },
      {
        "current": {},
        "datasource": "Metrics",
        "definition": "",
        "hide": 2,
        "includeAll": false,
        "multi": false,
        "name": "autovacuum_freeze_max_age",
        "options": [],
        "query": {
          "query": "query_result(pg_settings_autovacuum_freeze_max_age{service_name=~\"$service_name\"})",
          "refId": "Metrics-autovacuum_freeze_max_age-Variable-Query"
        },
        "refresh": 2,
        "regex": "/ ([0-9\\.]+)/",
        "skipUrlSync": false,
        "sort": 5,
        "tagValuesQuery": "",
        "tagsQuery": "",
        "type": "query",
        "useTags": false
      },
      {
        "current": {},
        "datasource": "Metrics",
        "definition": "",
        "hide": 2,
        "includeAll": false,
        "multi": false,
        "name": "wal_compression",
        "options": [],
        "query": {
          "query": "query_result(pg_settings_wal_compression{service_name=~\"$service_name\"})",
          "refId": "Metrics-wal_compression-Variable-Query"
        },
        "refresh": 2,
        "regex": "/ ([0-9\\.]+)/",
        "skipUrlSync": false,
        "sort": 5,
        "tagValuesQuery": "",
        "tagsQuery": "",
        "type": "query",
        "useTags": false
      },
      {
        "current": {},
        "datasource": "Metrics",
        "definition": "",
        "hide": 2,
        "includeAll": false,
        "multi": false,
        "name": "logging_collector",
        "options": [],
        "query": {
          "query": "query_result(pg_settings_logging_collector{service_name=~\"$service_name\"})",
          "refId": "Metrics-logging_collector-Variable-Query"
        },
        "refresh": 2,
        "regex": "/ ([0-9\\.]+)/",
        "skipUrlSync": false,
        "sort": 5,
        "tagValuesQuery": "",
        "tagsQuery": "",
        "type": "query",
        "useTags": false
      },
      {
        "current": {},
        "datasource": "Metrics",
        "definition": "",
        "hide": 2,
        "includeAll": false,
        "multi": false,
        "name": "log_min_duration_statement",
        "options": [],
        "query": {
          "query": "query_result(pg_settings_log_min_duration_statement_seconds{service_name=~\"$service_name\"})",
          "refId": "Metrics-log_min_duration_statement-Variable-Query"
        },
        "refresh": 2,
        "regex": "/ ([0-9\\.]+)/",
        "skipUrlSync": false,
        "sort": 5,
        "tagValuesQuery": "",
        "tagsQuery": "",
        "type": "query",
        "useTags": false
      },
      {
        "current": {},
        "datasource": "Metrics",
        "definition": "",
        "hide": 2,
        "includeAll": false,
        "multi": false,
        "name": "log_duration",
        "options": [],
        "query": {
          "query": "query_result(pg_settings_log_duration{service_name=~\"$service_name\"})",
          "refId": "Metrics-log_duration-Variable-Query"
        },
        "refresh": 2,
        "regex": "/ ([0-9\\.]+)/",
        "skipUrlSync": false,
        "sort": 5,
        "tagValuesQuery": "",
        "tagsQuery": "",
        "type": "query",
        "useTags": false
      },
      {
        "current": {},
        "datasource": "Metrics",
        "definition": "",
        "hide": 2,
        "includeAll": false,
        "multi": false,
        "name": "log_lock_waits",
        "options": [],
        "query": {
          "query": "query_result(pg_settings_log_lock_waits{service_name=~\"$service_name\"})",
          "refId": "Metrics-log_lock_waits-Variable-Query"
        },
        "refresh": 2,
        "regex": "/ ([0-9\\.]+)/",
        "skipUrlSync": false,
        "sort": 5,
        "tagValuesQuery": "",
        "tagsQuery": "",
        "type": "query",
        "useTags": false
      },
      {
        "current": {},
        "datasource": "Metrics",
        "definition": "",
        "hide": 2,
        "includeAll": false,
        "multi": false,
        "name": "max_wal_senders",
        "options": [],
        "query": {
          "query": "query_result(pg_settings_max_wal_senders{service_name=~\"$service_name\"})",
          "refId": "Metrics-max_wal_senders-Variable-Query"
        },
        "refresh": 2,
        "regex": "/ ([0-9\\.]+)/",
        "skipUrlSync": false,
        "sort": 5,
        "tagValuesQuery": "",
        "tagsQuery": "",
        "type": "query",
        "useTags": false
      },
      {
        "current": {},
        "datasource": "Metrics",
        "definition": "",
        "hide": 2,
        "includeAll": false,
        "multi": false,
        "name": "max_wal_size",
        "options": [],
        "query": {
          "query": "query_result(pg_settings_max_wal_size_bytes{service_name=~\"$service_name\"})",
          "refId": "Metrics-max_wal_size-Variable-Query"
        },
        "refresh": 2,
        "regex": "/ ([0-9\\.]+)/",
        "skipUrlSync": false,
        "sort": 5,
        "tagValuesQuery": "",
        "tagsQuery": "",
        "type": "query",
        "useTags": false
      },
      {
        "current": {},
        "datasource": "Metrics",
        "definition": "",
        "hide": 2,
        "includeAll": false,
        "multi": false,
        "name": "min_wal_size",
        "options": [],
        "query": {
          "query": "query_result(pg_settings_min_wal_size_bytes{service_name=~\"$service_name\"})",
          "refId": "Metrics-min_wal_size-Variable-Query"
        },
        "refresh": 2,
        "regex": "/ ([0-9\\.]+)/",
        "skipUrlSync": false,
        "sort": 5,
        "tagValuesQuery": "",
        "tagsQuery": "",
        "type": "query",
        "useTags": false
      },
      {
        "current": {},
        "datasource": "Metrics",
        "definition": "",
        "hide": 2,
        "includeAll": false,
        "multi": false,
        "name": "max_parallel_workers_per_gather",
        "options": [],
        "query": {
          "query": "query_result(pg_settings_max_parallel_workers_per_gather{service_name=~\"$service_name\"})",
          "refId": "Metrics-max_parallel_workers_per_gather-Variable-Query"
        },
        "refresh": 2,
        "regex": "/ ([0-9\\.]+)/",
        "skipUrlSync": false,
        "sort": 5,
        "tagValuesQuery": "",
        "tagsQuery": "",
        "type": "query",
        "useTags": false
      },
      {
        "current": {},
        "datasource": "Metrics",
        "definition": "",
        "hide": 2,
        "includeAll": false,
        "multi": false,
        "name": "autovacuum_multixact_freeze_max_age",
        "options": [],
        "query": {
          "query": "query_result(pg_settings_autovacuum_multixact_freeze_max_age{service_name=~\"$service_name\"})",
          "refId": "Metrics-autovacuum_multixact_freeze_max_age-Variable-Query"
        },
        "refresh": 2,
        "regex": "/ ([0-9\\.]+)/",
        "skipUrlSync": false,
        "sort": 5,
        "tagValuesQuery": "",
        "tagsQuery": "",
        "type": "query",
        "useTags": false
      },
      {
        "current": {},
        "datasource": "Metrics",
        "definition": "label_values({__name__=~\"pg_up|mysql_up|mongodb_up|proxysql_mysql_status_active_transactions\"}, replication_set)",
        "hide": 2,
        "includeAll": true,
        "label": "Replication Set",
        "multi": true,
        "name": "replication_set",
        "options": [],
        "query": {
          "query": "label_values({__name__=~\"pg_up|mysql_up|mongodb_up|proxysql_mysql_status_active_transactions\"}, replication_set)",
          "refId": "Metrics-replication_set-Variable-Query"
        },
        "refresh": 2,
        "regex": "",
        "skipUrlSync": false,
        "sort": 5,
        "tagValuesQuery": "",
        "tagsQuery": "",
        "type": "query",
        "useTags": false
      },
      {
        "current": {},
        "datasource": "Metrics",
        "definition": "label_values({__name__=~\"pg_up|mysql_up|mongodb_up|proxysql_mysql_status_active_transactions\"}, node_type)",
        "hide": 2,
        "includeAll": true,
        "label": "Type",
        "multi": true,
        "name": "node_type",
        "options": [],
        "query": {
          "query": "label_values({__name__=~\"pg_up|mysql_up|mongodb_up|proxysql_mysql_status_active_transactions\"}, node_type)",
          "refId": "Metrics-node_type-Variable-Query"
        },
        "refresh": 1,
        "regex": "",
        "skipUrlSync": false,
        "sort": 5,
        "tagValuesQuery": "",
        "tagsQuery": "",
        "type": "query",
        "useTags": false
      },
      {
        "current": {},
        "datasource": "Metrics",
        "definition": "label_values({__name__=~\"pg_up|mysql_up|mongodb_up|proxysql_mysql_status_active_transactions\"}, service_type)",
        "hide": 2,
        "includeAll": true,
        "label": "Type",
        "multi": true,
        "name": "service_type",
        "options": [],
        "query": {
          "query": "label_values({__name__=~\"pg_up|mysql_up|mongodb_up|proxysql_mysql_status_active_transactions\"}, service_type)",
          "refId": "Metrics-service_type-Variable-Query"
        },
        "refresh": 1,
        "regex": "",
        "skipUrlSync": false,
        "sort": 5,
        "tagValuesQuery": "",
        "tagsQuery": "",
        "type": "query",
        "useTags": false
      },
      {
        "current": {},
        "datasource": "Metrics",
        "definition": "label_values(mysql_info_schema_user_statistics_connected_time_seconds_total{service_name=\"$service_name\"},user)",
        "hide": 2,
        "includeAll": true,
        "label": "Username",
        "multi": true,
        "name": "username",
        "options": [],
        "query": {
          "query": "label_values(mysql_info_schema_user_statistics_connected_time_seconds_total{service_name=\"$service_name\"},user)",
          "refId": "Metrics-username-Variable-Query"
        },
        "refresh": 1,
        "regex": "",
        "skipUrlSync": false,
        "sort": 5,
        "tagValuesQuery": "",
        "tagsQuery": "",
        "type": "query",
        "useTags": false
      },
      {
        "current": {},
        "datasource": "Metrics",
        "definition": "label_values({__name__=~\"pg_up|mysql_up|mongodb_up|proxysql_mysql_status_active_transactions\"}, schema)",
        "hide": 2,
        "includeAll": true,
        "label": "Schema",
        "multi": true,
        "name": "schema",
        "options": [],
        "query": {
          "query": "label_values({__name__=~\"pg_up|mysql_up|mongodb_up|proxysql_mysql_status_active_transactions\"}, schema)",
          "refId": "Metrics-schema-Variable-Query"
        },
        "refresh": 1,
        "regex": "",
        "skipUrlSync": false,
        "sort": 5,
        "tagValuesQuery": "",
        "tagsQuery": "",
        "type": "query",
        "useTags": false
      },
      {
        "current": {},
        "datasource": "Metrics",
        "definition": "label_values(pg_up{service_name=\"$service_name\"}, service_id)",
        "hide": 2,
        "includeAll": false,
        "label": "Service ID",
        "multi": false,
        "name": "service_id",
        "options": [],
        "query": {
          "query": "label_values(pg_up{service_name=\"$service_name\"}, service_id)",
          "refId": "Metrics-service_id-Variable-Query"
        },
        "refresh": 2,
        "regex": "",
        "skipUrlSync": false,
        "sort": 5,
        "tagValuesQuery": "",
        "tagsQuery": "",
        "type": "query",
        "useTags": false
      },
      {
        "current": {},
        "datasource": "Metrics",
        "definition": "label_values(patroni_version{environment=~\"$environment\",cluster=~\"$cluster\",service_name=\"$service_name\"}, scope)",
        "hide": 0,
        "includeAll": false,
        "label": "Scope Name",
        "multi": false,
        "name": "scope_name",
        "options": [],
        "query": {
          "query": "label_values(patroni_version{environment=~\"$environment\",cluster=~\"$cluster\",service_name=\"$service_name\"}, scope)",
          "refId": "StandardVariableQuery"
        },
        "refresh": 2,
        "regex": "",
        "skipUrlSync": false,
        "sort": 5,
        "tagValuesQuery": "",
        "tagsQuery": "",
        "type": "query",
        "useTags": false
      }
    ]
  },
  "time": {
    "from": "now-3h",
    "to": "now"
  },
  "timepicker": {
    "hidden": false,
    "refresh_intervals": [
      "5s",
      "10s",
      "30s",
      "1m",
      "5m",
      "15m",
      "30m",
      "1h",
      "2h",
      "1d"
    ],
    "time_options": [
      "5m",
      "15m",
      "1h",
      "6h",
      "12h",
      "24h",
      "2d",
      "7d",
      "30d"
    ]
  },
  "timezone": "",
  "title": "Patroni Details",
  "uid": null,
  "version": 1,
  "weekStart": ""
}