{
  "annotations": {
    "list": [
      {
        "builtIn": 1,
        "datasource": {
          "type": "datasource",
          "uid": "grafana"
        },
        "enable": true,
        "hide": false,
        "iconColor": "#e0752d",
        "limit": 100,
        "matchAny": true,
        "name": "PMM Annotations",
        "showIn": 0,
        "tags": [
          "pmm_annotation",
          "$service_name"
        ],
        "target": {
          "limit": 100,
          "matchAny": true,
          "tags": [
            "pmm_annotation",
            "$service_name"
          ],
          "type": "tags"
        },
        "type": "tags"
      },
      {
        "builtIn": 1,
        "datasource": {
          "type": "datasource",
          "uid": "grafana"
        },
        "enable": true,
        "hide": true,
        "iconColor": "#6ed0e0",
        "limit": 100,
        "name": "Annotations & Alerts",
        "showIn": 0,
        "tags": [],
        "target": {
          "limit": 100,
          "matchAny": false,
          "tags": [],
          "type": "dashboard"
        },
        "type": "dashboard"
      }
    ]
  },
  "description": "",
  "editable": true,
  "fiscalYearStartMonth": 0,
  "graphTooltip": 1,
  "id": 73,
  "links": [
    {
      "icon": "doc",
      "includeVars": true,
      "keepTime": true,
      "tags": [
        "Home"
      ],
      "targetBlank": false,
      "title": "Home",
      "type": "link",
      "url": "/graph/d/pmm-home/home-dashboard"
    },
    {
      "icon": "dashboard",
      "includeVars": true,
      "keepTime": true,
      "tags": [
        "Query Analytics"
      ],
      "targetBlank": false,
      "title": "Query Analytics",
      "type": "link",
      "url": "/graph/d/pmm-qan/pmm-query-analytics"
    },
    {
      "icon": "bolt",
      "includeVars": true,
      "keepTime": true,
      "tags": [
        "Compare"
      ],
      "targetBlank": false,
      "title": "Compare",
      "type": "link",
      "url": "/graph/d/postgresql-instance-compare/postgresql-instances-compare"
    },
    {
      "asDropdown": true,
      "includeVars": true,
      "keepTime": true,
      "tags": [
        "PostgreSQL"
      ],
      "targetBlank": false,
      "title": "PostgreSQL",
      "type": "dashboards"
    },
    {
      "asDropdown": true,
      "includeVars": false,
      "keepTime": true,
      "tags": [
        "Services"
      ],
      "targetBlank": false,
      "title": "Services",
      "type": "dashboards"
    },
    {
      "asDropdown": true,
      "includeVars": false,
      "keepTime": true,
      "tags": [
        "PMM"
      ],
      "targetBlank": false,
      "title": "PMM",
      "type": "dashboards"
    }
  ],
  "liveNow": false,
  "panels": [
    {
      "datasource": {
        "type": "prometheus",
        "uid": "PA58DA793C7250F1B"
      },
      "gridPos": {
        "h": 7,
        "w": 4,
        "x": 0,
        "y": 0
      },
      "id": 1011,
      "options": {
        "code": {
          "language": "plaintext",
          "showLineNumbers": false,
          "showMiniMap": false
        },
        "content": " <div style=\"\n          color: white; \n          font-family: -apple-system, BlinkMacSystemFont, Helvetica Neue,Helvetica,Arial,sans-serif; \n          letter-spacing: 0.011em; \n          font-weight: 600;\n          font-size: 16px;\n          -webkit-font-smoothing: antialiased;\n          background: #373B44;  /* fallback for old browsers */\n          background: -webkit-linear-gradient(to right, #4286f4, #373B44);  /* Chrome 10-25, Safari 5.1-6 */\n          background: linear-gradient(to right, #4286f4, #373B44); /* W3C, IE 10+/ Edge, Firefox 16+, Chrome 26+, Opera 12+, Safari 7+ */\n          border: 0px solid #ffffff;\n          border-radius: 10px;\n          padding: 10px;\n          display:block;\n          width:100%;\n          height:240px;\n          \"> <span style=\"\n          color: #eddea4; \n          font-size: 35px;\n          \"> ${service_name} </span><br/>\n          Version: $version\n          <br/>Uptime: ${uptimedecimal} days\n          <br/>Server: <a href=\"/graph/d/node-instance-summary/node-summary?var-node_name=$node_name\" target=\"_blank\">$node_name</a>\n          </div>",
        "mode": "html"
      },
      "pluginVersion": "9.2.20",
      "transparent": true,
      "type": "text"
    },
    {
      "datasource": {
        "type": "prometheus",
        "uid": "PA58DA793C7250F1B"
      },
      "gridPos": {
        "h": 3,
        "w": 5,
        "x": 4,
        "y": 0
      },
      "id": 1015,
      "options": {
        "code": {
          "language": "plaintext",
          "showLineNumbers": false,
          "showMiniMap": false
        },
        "content": " <div style=\"\n          color: #FFFFFF; \n          font-family: -apple-system, BlinkMacSystemFont, Helvetica Neue,Helvetica,Arial,sans-serif; \n          letter-spacing: 0.011em; \n          font-weight: 600;\n          font-size: 15px;\n          -webkit-font-smoothing: antialiased;\n          border: 0px solid #ffffff;\n          border-radius: 10px;\n          background: #141E30;  /* fallback for old browsers */\n          background: -webkit-linear-gradient(to right, #243B55, #141E30);  /* Chrome 10-25, Safari 5.1-6 */\n          background: linear-gradient(to right, #243B55, #141E30); /* W3C, IE 10+/ Edge, Firefox 16+, Chrome 26+, Opera 12+, Safari 7+ */\n          padding: 5px;\n          display:block;\n          width:100%;\n          height:85px;\n          \"> <span style=\"\n          color: #FBEEC1; \n          font-size: 23px;\n          \"> ${currentConn} </span>Open Connections\n          <br/><span style=\"\n          color: #FBEEC1; \n          font-size: 23px;\n          \">${activeConn} </span>Active Connections\n          </div>",
        "mode": "html"
      },
      "pluginVersion": "9.2.20",
      "transparent": true,
      "type": "text"
    },
    {
      "datasource": {
        "type": "prometheus",
        "uid": "PA58DA793C7250F1B"
      },
      "fieldConfig": {
        "defaults": {
          "color": {
            "mode": "palette-classic"
          },
          "custom": {
            "axisCenteredZero": false,
            "axisColorMode": "text",
            "axisGridShow": false,
            "axisLabel": "",
            "axisPlacement": "auto",
            "barAlignment": 0,
            "drawStyle": "line",
            "fillOpacity": 60,
            "gradientMode": "opacity",
            "hideFrom": {
              "legend": false,
              "tooltip": false,
              "viz": false
            },
            "lineInterpolation": "linear",
            "lineWidth": 2,
            "pointSize": 5,
            "scaleDistribution": {
              "type": "linear"
            },
            "showPoints": "never",
            "spanNulls": false,
            "stacking": {
              "group": "A",
              "mode": "none"
            },
            "thresholdsStyle": {
              "mode": "off"
            }
          },
          "decimals": 0,
          "links": [],
          "mappings": [],
          "min": 0,
          "thresholds": {
            "mode": "absolute",
            "steps": [
              {
                "color": "green",
                "value": null
              }
            ]
          },
          "unit": "short"
        },
        "overrides": [
          {
            "matcher": {
              "id": "byName",
              "options": "Total"
            },
            "properties": [
              {
                "id": "color",
                "value": {
                  "fixedColor": "purple",
                  "mode": "fixed"
                }
              },
              {
                "id": "custom.fillOpacity",
                "value": 0
              },
              {
                "id": "custom.stacking",
                "value": {
                  "group": false,
                  "mode": "normal"
                }
              },
              {
                "id": "custom.lineWidth",
                "value": 2
              }
            ]
          }
        ]
      },
      "gridPos": {
        "h": 7,
        "w": 9,
        "x": 9,
        "y": 0
      },
      "id": 23,
      "links": [],
      "options": {
        "legend": {
          "calcs": [
            "max"
          ],
          "displayMode": "table",
          "placement": "right",
          "showLegend": true,
          "sortBy": "Max",
          "sortDesc": true
        },
        "tooltip": {
          "mode": "multi",
          "sort": "desc"
        }
      },
      "pluginVersion": "9.2.20",
      "targets": [
        {
          "datasource": {
            "type": "prometheus",
            "uid": "PA58DA793C7250F1B"
          },
          "editorMode": "code",
          "expr": "avg by (service_name,state) (sum(max_over_time(pg_stat_activity_count{service_name=~\"$service_name\",datname=~\"$database\"}[$interval]) or\nmax_over_time(pg_stat_activity_count{service_name=~\"$service_name\",datname=~\"$database\"}[1m])) by (state))",
          "format": "time_series",
          "hide": false,
          "interval": "$interval",
          "intervalFactor": 1,
          "legendFormat": "{{state}}",
          "range": true,
          "refId": "A"
        },
        {
          "datasource": {
            "type": "prometheus",
            "uid": "PA58DA793C7250F1B"
          },
          "editorMode": "code",
          "expr": "sum(max_over_time(pg_stat_activity_count{service_name=~\"$service_name\",datname=~\"$database\"}[$interval]) or\nmax_over_time(pg_stat_activity_count{service_name=~\"$service_name\",datname=~\"$database\"}[1m]))",
          "format": "time_series",
          "hide": false,
          "interval": "$interval",
          "intervalFactor": 1,
          "legendFormat": "Total",
          "metric": "pg",
          "range": true,
          "refId": "C",
          "step": 2
        }
      ],
      "title": "Connections",
      "type": "timeseries"
    },
    {
      "datasource": {
        "type": "prometheus",
        "uid": "PA58DA793C7250F1B"
      },
      "fieldConfig": {
        "defaults": {
          "color": {
            "fixedColor": "transparent",
            "mode": "palette-classic"
          },
          "custom": {
            "hideFrom": {
              "legend": false,
              "tooltip": false,
              "viz": false
            }
          },
          "mappings": []
        },
        "overrides": []
      },
      "gridPos": {
        "h": 7,
        "w": 6,
        "x": 18,
        "y": 0
      },
      "id": 1019,
      "options": {
        "displayLabels": [
          "value"
        ],
        "legend": {
          "displayMode": "list",
          "placement": "right",
          "showLegend": true,
          "values": [
            "value"
          ]
        },
        "pieType": "donut",
        "reduceOptions": {
          "calcs": [
            "lastNotNull"
          ],
          "fields": "",
          "values": false
        },
        "tooltip": {
          "mode": "multi",
          "sort": "desc"
        }
      },
      "targets": [
        {
          "datasource": {
            "type": "prometheus",
            "uid": "PA58DA793C7250F1B"
          },
          "editorMode": "code",
          "expr": "sum by (datname )(pg_stat_activity_count{service_name=\"$service_name\", datname!~\"template0|template1\"})",
          "legendFormat": "__auto",
          "range": true,
          "refId": "A"
        }
      ],
      "title": "Connections per Database",
      "type": "piechart"
    },
    {
      "datasource": {
        "type": "prometheus",
        "uid": "PA58DA793C7250F1B"
      },
      "gridPos": {
        "h": 4,
        "w": 5,
        "x": 4,
        "y": 3
      },
      "id": 1013,
      "options": {
        "code": {
          "language": "plaintext",
          "showLineNumbers": false,
          "showMiniMap": false
        },
        "content": " <div style=\"\n          color: #FFFFFF; \n          font-family: -apple-system, BlinkMacSystemFont, Helvetica Neue,Helvetica,Arial,sans-serif; \n          letter-spacing: 0.011em; \n          font-weight: 600;\n          font-size: 16px;\n          -webkit-font-smoothing: antialiased;\n          border: 0px solid #ffffff;\n          border-radius: 10px;\n          background: #EECDA3;  /* fallback for old browsers */\n          background: -webkit-linear-gradient(to right, #EF629F, #EECDA3);  /* Chrome 10-25, Safari 5.1-6 */\n          background: linear-gradient(to right, #EF629F, #EECDA3); /* W3C, IE 10+/ Edge, Firefox 16+, Chrome 26+, Opera 12+, Safari 7+ */\n          padding: 10px;\n          display:block;\n          width:100%;\n          height:124px;\n          \"> <span style=\"\n          color: #FBEEC1; \n          font-size: 27px;\n          \"> ${slowq} </span>Queries slower than ${qthres} sec(s) <br/>In the last ${rangeCustom} minutes*\n          </br><span style=\"font-size: 9px;\">*Not real time. QAN is expected to have some minutes of lag</span></div>",
        "mode": "html"
      },
      "pluginVersion": "9.2.20",
      "transparent": true,
      "type": "text"
    },
    {
      "datasource": {
        "type": "prometheus",
        "uid": "PA58DA793C7250F1B"
      },
      "fieldConfig": {
        "defaults": {
          "color": {
            "fixedColor": "purple",
            "mode": "continuous-BlPu"
          },
          "custom": {
            "axisCenteredZero": false,
            "axisColorMode": "text",
            "axisGridShow": false,
            "axisLabel": "",
            "axisPlacement": "auto",
            "barAlignment": 0,
            "drawStyle": "line",
            "fillOpacity": 15,
            "gradientMode": "opacity",
            "hideFrom": {
              "legend": false,
              "tooltip": false,
              "viz": false
            },
            "lineInterpolation": "smooth",
            "lineWidth": 2,
            "pointSize": 5,
            "scaleDistribution": {
              "type": "linear"
            },
            "showPoints": "auto",
            "spanNulls": false,
            "stacking": {
              "group": "A",
              "mode": "none"
            },
            "thresholdsStyle": {
              "mode": "off"
            }
          },
          "decimals": 1,
          "mappings": [],
          "thresholds": {
            "mode": "absolute",
            "steps": [
              {
                "color": "blue",
                "value": null
              }
            ]
          },
          "unit": "short"
        },
        "overrides": []
      },
      "gridPos": {
        "h": 6,
        "w": 8,
        "x": 0,
        "y": 7
      },
      "id": 1025,
      "interval": "1s",
      "options": {
        "legend": {
          "calcs": [
            "max",
            "lastNotNull"
          ],
          "displayMode": "table",
          "placement": "right",
          "showLegend": true,
          "sortBy": "Last *",
          "sortDesc": true
        },
        "tooltip": {
          "mode": "multi",
          "sort": "desc"
        }
      },
      "pluginVersion": "9.2.20",
      "targets": [
        {
          "datasource": {
            "type": "prometheus",
            "uid": "PA58DA793C7250F1B"
          },
          "editorMode": "code",
          "expr": "topk(5, avg by (datname) (rate(pg_stat_database_xact_commit{service_name=~\"$service_name\", datname!~\"template1|template0\"}[$interval])))",
          "hide": false,
          "interval": "1s",
          "legendFormat": "{{datname}}",
          "range": true,
          "refId": "B"
        }
      ],
      "title": "QPS",
      "transformations": [],
      "type": "timeseries"
    },
    {
      "datasource": {
        "type": "prometheus",
        "uid": "PA58DA793C7250F1B"
      },
      "fieldConfig": {
        "defaults": {
          "color": {
            "mode": "continuous-YlBl"
          },
          "custom": {
            "axisCenteredZero": false,
            "axisColorMode": "text",
            "axisGridShow": false,
            "axisLabel": "",
            "axisPlacement": "auto",
            "barAlignment": 0,
            "drawStyle": "line",
            "fillOpacity": 40,
            "gradientMode": "opacity",
            "hideFrom": {
              "legend": false,
              "tooltip": false,
              "viz": false
            },
            "lineInterpolation": "linear",
            "lineWidth": 2,
            "pointSize": 5,
            "scaleDistribution": {
              "type": "linear"
            },
            "showPoints": "never",
            "spanNulls": true,
            "stacking": {
              "group": "A",
              "mode": "none"
            },
            "thresholdsStyle": {
              "mode": "off"
            }
          },
          "decimals": 0,
          "links": [],
          "mappings": [],
          "min": 0,
          "thresholds": {
            "mode": "absolute",
            "steps": [
              {
                "color": "green",
                "value": null
              }
            ]
          },
          "unit": "short"
        },
        "overrides": []
      },
      "gridPos": {
        "h": 6,
        "w": 8,
        "x": 8,
        "y": 7
      },
      "id": 61,
      "links": [],
      "options": {
        "legend": {
          "calcs": [
            "max"
          ],
          "displayMode": "table",
          "placement": "right",
          "showLegend": true,
          "sortBy": "Max",
          "sortDesc": true
        },
        "tooltip": {
          "mode": "multi",
          "sort": "desc"
        }
      },
      "pluginVersion": "9.2.20",
      "targets": [
        {
          "alias": "conflicts",
          "datasource": {
            "type": "prometheus",
            "uid": "PA58DA793C7250F1B"
          },
          "dsType": "prometheus",
          "editorMode": "code",
          "expr": "avg by (service_name,datname,mode) (max_over_time(pg_locks_count{datname=~\"$database\",service_name=~\"$service_name\",datname!~\"template.*\",datid!=\"0\"}[$interval]) or\nmax_over_time(pg_locks_count{datname=~\"$database\",service_name=~\"$service_name\",datname!~\"template.*\",datid!=\"0\"}[5m]))",
          "format": "time_series",
          "groupBy": [
            {
              "params": [
                "$interval"
              ],
              "type": "time"
            },
            {
              "params": [
                "null"
              ],
              "type": "fill"
            }
          ],
          "interval": "$interval",
          "intervalFactor": 1,
          "legendFormat": "{{mode}} - {{datname}}",
          "measurement": "postgresql",
          "policy": "default",
          "range": true,
          "refId": "A",
          "resultFormat": "time_series",
          "select": [
            [
              {
                "params": [
                  "conflicts"
                ],
                "type": "field"
              },
              {
                "params": [],
                "type": "mean"
              },
              {
                "params": [],
                "type": "difference"
              }
            ]
          ],
          "step": 2,
          "tags": [
            {
              "key": "node_name",
              "operator": "=~",
              "value": "/^$node_name$/"
            }
          ]
        }
      ],
      "title": "Number of Locks",
      "type": "timeseries"
    },
    {
      "datasource": {
        "type": "prometheus",
        "uid": "PA58DA793C7250F1B"
      },
      "fieldConfig": {
        "defaults": {
          "color": {
            "mode": "continuous-BlYlRd"
          },
          "links": [],
          "mappings": [],
          "thresholds": {
            "mode": "absolute",
            "steps": [
              {
                "color": "green",
                "value": null
              }
            ]
          }
        },
        "overrides": []
      },
      "gridPos": {
        "h": 6,
        "w": 8,
        "x": 16,
        "y": 7
      },
      "id": 36,
      "links": [],
      "options": {
        "displayMode": "lcd",
        "minVizHeight": 10,
        "minVizWidth": 0,
        "orientation": "horizontal",
        "reduceOptions": {
          "calcs": [
            "lastNotNull"
          ],
          "fields": "",
          "values": false
        },
        "showUnfilled": true
      },
      "pluginVersion": "9.2.20",
      "targets": [
        {
          "datasource": {
            "type": "prometheus",
            "uid": "PA58DA793C7250F1B"
          },
          "editorMode": "code",
          "expr": "sum(rate(pg_stat_database_tup_fetched{service_name=~\"$service_name\"}[$interval])) or\nsum(irate(pg_stat_database_tup_fetched{service_name=~\"$service_name\"}[5m]))",
          "hide": false,
          "legendFormat": "Fetched",
          "range": true,
          "refId": "A1"
        },
        {
          "datasource": {
            "type": "prometheus",
            "uid": "PA58DA793C7250F1B"
          },
          "editorMode": "code",
          "expr": "sum(rate(pg_stat_database_tup_returned{service_name=~\"$service_name\"}[$interval])) or\nsum(irate(pg_stat_database_tup_returned{service_name=~\"$service_name\"}[5m]))",
          "format": "time_series",
          "interval": "$interval",
          "intervalFactor": 1,
          "legendFormat": "Returned",
          "range": true,
          "refId": "B"
        },
        {
          "datasource": {
            "type": "prometheus",
            "uid": "PA58DA793C7250F1B"
          },
          "editorMode": "code",
          "expr": "sum(rate(pg_stat_database_tup_inserted{service_name=~\"$service_name\"}[$interval])) or\nsum(irate(pg_stat_database_tup_inserted{service_name=~\"$service_name\"}[5m]))",
          "format": "time_series",
          "interval": "$interval",
          "intervalFactor": 1,
          "legendFormat": "Inserted",
          "range": true,
          "refId": "C"
        },
        {
          "datasource": {
            "type": "prometheus",
            "uid": "PA58DA793C7250F1B"
          },
          "editorMode": "code",
          "expr": "sum(rate(pg_stat_database_tup_updated{service_name=~\"$service_name\"}[$interval])) or\nsum(irate(pg_stat_database_tup_updated{service_name=~\"$service_name\"}[5m]))",
          "format": "time_series",
          "interval": "$interval",
          "intervalFactor": 1,
          "legendFormat": "Updated",
          "range": true,
          "refId": "D"
        },
        {
          "datasource": {
            "type": "prometheus",
            "uid": "PA58DA793C7250F1B"
          },
          "editorMode": "code",
          "expr": "sum(rate(pg_stat_database_tup_deleted{service_name=~\"$service_name\"}[$interval])) or\nsum(irate(pg_stat_database_tup_deleted{service_name=~\"$service_name\"}[5m]))",
          "format": "time_series",
          "interval": "$interval",
          "intervalFactor": 1,
          "legendFormat": "Deleted",
          "range": true,
          "refId": "E"
        }
      ],
      "title": "Tuples",
      "type": "bargauge"
    },
    {
      "datasource": {
        "type": "grafana-clickhouse-datasource",
        "uid": "PDEE91DDB90597936"
      },
      "fieldConfig": {
        "defaults": {
          "color": {
            "mode": "continuous-GrYlRd"
          },
          "custom": {
            "align": "auto",
            "displayMode": "auto",
            "inspect": false
          },
          "mappings": [],
          "thresholds": {
            "mode": "absolute",
            "steps": [
              {
                "color": "green",
                "value": null
              }
            ]
          }
        },
        "overrides": [
          {
            "matcher": {
              "id": "byName",
              "options": "time"
            },
            "properties": [
              {
                "id": "custom.width",
                "value": 202
              },
              {
                "id": "custom.displayMode",
                "value": "color-background-solid"
              },
              {
                "id": "custom.align",
                "value": "center"
              }
            ]
          },
          {
            "matcher": {
              "id": "byName",
              "options": "Service"
            },
            "properties": [
              {
                "id": "custom.hidden",
                "value": true
              }
            ]
          },
          {
            "matcher": {
              "id": "byName",
              "options": "Query"
            },
            "properties": [
              {
                "id": "custom.inspect",
                "value": true
              },
              {
                "id": "custom.width",
                "value": 741
              },
              {
                "id": "custom.filterable",
                "value": true
              }
            ]
          },
          {
            "matcher": {
              "id": "byName",
              "options": "Execution_time"
            },
            "properties": [
              {
                "id": "custom.align",
                "value": "center"
              },
              {
                "id": "custom.displayMode",
                "value": "basic"
              }
            ]
          },
          {
            "matcher": {
              "id": "byName",
              "options": "fingerprint"
            },
            "properties": [
              {
                "id": "custom.width",
                "value": 704
              }
            ]
          },
          {
            "matcher": {
              "id": "byName",
              "options": "username"
            },
            "properties": [
              {
                "id": "custom.width",
                "value": 134
              },
              {
                "id": "custom.filterable",
                "value": true
              }
            ]
          },
          {
            "matcher": {
              "id": "byName",
              "options": "database"
            },
            "properties": [
              {
                "id": "custom.filterable",
                "value": true
              },
              {
                "id": "custom.width",
                "value": 269
              }
            ]
          }
        ]
      },
      "gridPos": {
        "h": 8,
        "w": 24,
        "x": 0,
        "y": 13
      },
      "id": 1021,
      "options": {
        "footer": {
          "enablePagination": true,
          "fields": "",
          "reducer": [
            "sum"
          ],
          "show": false
        },
        "showHeader": true,
        "sortBy": [
          {
            "desc": true,
            "displayName": "Execution_time"
          }
        ]
      },
      "pluginVersion": "9.2.20",
      "targets": [
        {
          "builderOptions": {
            "database": "pmm",
            "fields": [
              "fingerprint",
              "service_name"
            ],
            "filters": [
              {
                "condition": "AND",
                "filterType": "custom",
                "key": "period_start",
                "operator": "WITH IN DASHBOARD TIME RANGE",
                "restrictToFields": [
                  {
                    "label": "period_start",
                    "name": "period_start",
                    "picklistValues": [],
                    "type": "DateTime"
                  }
                ],
                "type": "datetime"
              },
              {
                "condition": "AND",
                "filterType": "custom",
                "key": "service_type",
                "operator": "LIKE",
                "type": "LowCardinality(String)",
                "value": "$service_type"
              }
            ],
            "groupBy": [
              "period_start",
              "service_name",
              "fingerprint",
              "m_query_time_sum"
            ],
            "limit": 10,
            "metrics": [
              {
                "aggregation": "avg",
                "alias": "\"Execution time\"",
                "field": "m_query_time_sum"
              }
            ],
            "mode": "trend",
            "orderBy": [
              {
                "dir": "ASC",
                "name": "period_start"
              }
            ],
            "table": "metrics",
            "timeField": "period_start",
            "timeFieldType": "DateTime"
          },
          "datasource": {
            "type": "grafana-clickhouse-datasource",
            "uid": "PDEE91DDB90597936"
          },
          "format": 1,
          "hide": false,
          "meta": {
            "builderOptions": {
              "database": "pmm",
              "fields": [
                "fingerprint",
                "service_name"
              ],
              "filters": [
                {
                  "condition": "AND",
                  "filterType": "custom",
                  "key": "period_start",
                  "operator": "WITH IN DASHBOARD TIME RANGE",
                  "restrictToFields": [
                    {
                      "label": "period_start",
                      "name": "period_start",
                      "picklistValues": [],
                      "type": "DateTime"
                    }
                  ],
                  "type": "datetime"
                },
                {
                  "condition": "AND",
                  "filterType": "custom",
                  "key": "service_type",
                  "operator": "LIKE",
                  "type": "LowCardinality(String)",
                  "value": "$service_type"
                }
              ],
              "groupBy": [
                "period_start",
                "service_name",
                "fingerprint",
                "m_query_time_sum"
              ],
              "limit": 10,
              "metrics": [
                {
                  "aggregation": "avg",
                  "alias": "\"Execution time\"",
                  "field": "m_query_time_sum"
                }
              ],
              "mode": "trend",
              "orderBy": [
                {
                  "dir": "ASC",
                  "name": "period_start"
                }
              ],
              "table": "metrics",
              "timeField": "period_start",
              "timeFieldType": "DateTime"
            }
          },
          "queryType": "sql",
          "rawSql": "SELECT $__timeInterval(period_start) as time, service_name \"Service\", username, database, fingerprint \"Query\", avg(m_query_time_sum/m_query_time_cnt) \"Execution_time\" FROM pmm.\"metrics\" WHERE ( period_start  >= $__fromTime AND period_start <= $__toTime ) AND ( service_name LIKE '%$service_name%' ) GROUP BY service_name, username, database, fingerprint , m_query_time_sum, time ORDER BY time DESC LIMIT 10000",
          "refId": "A",
          "selectedFormat": 1
        }
      ],
      "title": "Queries",
      "transformations": [],
      "transparent": true,
      "type": "table"
    },
    {
      "datasource": {
        "type": "prometheus",
        "uid": "PA58DA793C7250F1B"
      },
      "fieldConfig": {
        "defaults": {
          "color": {
            "mode": "palette-classic"
          },
          "mappings": [],
          "thresholds": {
            "mode": "absolute",
            "steps": [
              {
                "color": "green",
                "value": null
              }
            ]
          },
          "unit": "dateTimeAsSystem"
        },
        "overrides": []
      },
      "gridPos": {
        "h": 6,
        "w": 8,
        "x": 0,
        "y": 21
      },
      "id": 1029,
      "options": {
        "colorMode": "value",
        "graphMode": "none",
        "justifyMode": "auto",
        "orientation": "horizontal",
        "reduceOptions": {
          "calcs": [
            "last"
          ],
          "fields": "",
          "values": false
        },
        "text": {
          "titleSize": 18,
          "valueSize": 16
        },
        "textMode": "value_and_name"
      },
      "pluginVersion": "9.2.20",
      "targets": [
        {
          "datasource": {
            "type": "prometheus",
            "uid": "PA58DA793C7250F1B"
          },
          "editorMode": "code",
          "exemplar": false,
          "expr": "bottomk(3,pg_stat_user_tables_last_autovacuum{service_name=\"$service_name\"}[$interval]*1000)",
          "format": "time_series",
          "instant": false,
          "legendFormat": "{{datname}}.{{schemaname}}.{{relname}}",
          "range": true,
          "refId": "A"
        }
      ],
      "title": "Oldest Autovacuum",
      "transformations": [],
      "type": "stat"
    },
    {
      "datasource": {
        "type": "prometheus",
        "uid": "PA58DA793C7250F1B"
      },
      "fieldConfig": {
        "defaults": {
          "color": {
            "mode": "continuous-reds"
          },
          "custom": {
            "axisCenteredZero": false,
            "axisColorMode": "text",
            "axisGridShow": false,
            "axisLabel": "",
            "axisPlacement": "auto",
            "barAlignment": 0,
            "drawStyle": "line",
            "fillOpacity": 19,
            "gradientMode": "opacity",
            "hideFrom": {
              "legend": false,
              "tooltip": false,
              "viz": false
            },
            "lineInterpolation": "linear",
            "lineStyle": {
              "dash": [
                10,
                10
              ],
              "fill": "dash"
            },
            "lineWidth": 1,
            "pointSize": 5,
            "scaleDistribution": {
              "type": "linear"
            },
            "showPoints": "auto",
            "spanNulls": false,
            "stacking": {
              "group": "A",
              "mode": "none"
            },
            "thresholdsStyle": {
              "mode": "off"
            }
          },
          "decimals": 2,
          "mappings": [],
          "min": 1,
          "thresholds": {
            "mode": "absolute",
            "steps": [
              {
                "color": "green",
                "value": null
              }
            ]
          },
          "unit": "percent"
        },
        "overrides": []
      },
      "gridPos": {
        "h": 6,
        "w": 8,
        "x": 8,
        "y": 21
      },
      "id": 1031,
      "options": {
        "legend": {
          "calcs": [
            "lastNotNull"
          ],
          "displayMode": "table",
          "placement": "right",
          "showLegend": true,
          "sortBy": "Last *",
          "sortDesc": true
        },
        "tooltip": {
          "mode": "multi",
          "sort": "desc"
        }
      },
      "pluginVersion": "9.2.20",
      "targets": [
        {
          "datasource": {
            "type": "prometheus",
            "uid": "PA58DA793C7250F1B"
          },
          "editorMode": "code",
          "exemplar": false,
          "expr": "topk(5,(pg_stat_user_tables_n_dead_tup{service_name=\"$service_name\"} * 100) / pg_stat_user_tables_n_live_tup{service_name=\"$service_name\"} AND (pg_stat_user_tables_n_live_tup{service_name=\"$service_name\"} > 10000))",
          "format": "time_series",
          "hide": false,
          "instant": false,
          "legendFormat": "{{datname}}.{{schemaname}}.{{relname}}",
          "range": true,
          "refId": "C"
        }
      ],
      "title": "Dead Tuples %",
      "type": "timeseries"
    },
    {
      "datasource": {
        "type": "prometheus",
        "uid": "PA58DA793C7250F1B"
      },
      "description": "How close are databases to the autovacuum_freeze_max_age value",
      "fieldConfig": {
        "defaults": {
          "color": {
            "mode": "continuous-purples"
          },
          "custom": {
            "axisCenteredZero": false,
            "axisColorMode": "text",
            "axisGridShow": false,
            "axisLabel": "",
            "axisPlacement": "auto",
            "barAlignment": 0,
            "drawStyle": "line",
            "fillOpacity": 15,
            "gradientMode": "opacity",
            "hideFrom": {
              "legend": false,
              "tooltip": false,
              "viz": false
            },
            "lineInterpolation": "smooth",
            "lineWidth": 2,
            "pointSize": 5,
            "scaleDistribution": {
              "type": "linear"
            },
            "showPoints": "auto",
            "spanNulls": false,
            "stacking": {
              "group": "A",
              "mode": "none"
            },
            "thresholdsStyle": {
              "mode": "off"
            }
          },
          "decimals": 1,
          "mappings": [],
          "min": 0,
          "thresholds": {
            "mode": "absolute",
            "steps": [
              {
                "color": "blue",
                "value": null
              }
            ]
          },
          "unit": "short"
        },
        "overrides": [
          {
            "matcher": {
              "id": "byFrameRefID",
              "options": "A"
            },
            "properties": [
              {
                "id": "color",
                "value": {
                  "fixedColor": "red",
                  "mode": "fixed"
                }
              },
              {
                "id": "custom.lineWidth",
                "value": 8
              }
            ]
          }
        ]
      },
      "gridPos": {
        "h": 6,
        "w": 8,
        "x": 16,
        "y": 21
      },
      "id": 1027,
      "options": {
        "legend": {
          "calcs": [
            "max"
          ],
          "displayMode": "table",
          "placement": "right",
          "showLegend": true,
          "sortBy": "Max",
          "sortDesc": true
        },
        "tooltip": {
          "mode": "multi",
          "sort": "desc"
        }
      },
      "pluginVersion": "9.2.20",
      "targets": [
        {
          "datasource": {
            "type": "prometheus",
            "uid": "PA58DA793C7250F1B"
          },
          "editorMode": "code",
          "expr": "topk(5, max by (datname) (pg_database_wraparound_age_datfrozenxid_seconds{service_name=~\"$service_name\", datname!~\"template1|template0\"}[$interval]))",
          "hide": false,
          "legendFormat": "{{datname}}",
          "range": true,
          "refId": "B"
        },
        {
          "datasource": {
            "type": "prometheus",
            "uid": "PA58DA793C7250F1B"
          },
          "editorMode": "code",
          "expr": "pg_settings_autovacuum_freeze_max_age{service_name=~\"$service_name\"}",
          "hide": false,
          "legendFormat": "Autovacuum Freeze MAX age",
          "range": true,
          "refId": "A"
        }
      ],
      "title": "Transaction Wraparound",
      "transformations": [],
      "type": "timeseries"
    },
    {
      "datasource": {
        "type": "prometheus",
        "uid": "PA58DA793C7250F1B"
      },
      "description": "The CPU time is measured in clock ticks or seconds. It is useful to measure CPU time as a percentage of the CPU's capacity, which is called the CPU usage.",
      "fieldConfig": {
        "defaults": {
          "color": {
            "mode": "palette-classic"
          },
          "custom": {
            "axisCenteredZero": false,
            "axisColorMode": "text",
            "axisGridShow": false,
            "axisLabel": "",
            "axisPlacement": "auto",
            "barAlignment": 0,
            "drawStyle": "line",
            "fillOpacity": 50,
            "gradientMode": "opacity",
            "hideFrom": {
              "legend": false,
              "tooltip": false,
              "viz": false
            },
            "lineInterpolation": "smooth",
            "lineWidth": 1,
            "pointSize": 5,
            "scaleDistribution": {
              "type": "linear"
            },
            "showPoints": "never",
            "spanNulls": false,
            "stacking": {
              "group": "A",
              "mode": "none"
            },
            "thresholdsStyle": {
              "mode": "off"
            }
          },
          "decimals": 2,
          "links": [
            {
              "targetBlank": true,
              "title": "CPU Utilization Details - ${__field.labels.node_name}",
              "url": "/graph/d/node-cpu/cpu-utilization-details?var-node_name=${__field.labels.node_name}&$__url_time_range"
            }
          ],
          "mappings": [],
          "max": 100,
          "min": 0,
          "thresholds": {
            "mode": "absolute",
            "steps": [
              {
                "color": "green",
                "value": null
              }
            ]
          },
          "unit": "percent"
        },
        "overrides": [
          {
            "matcher": {
              "id": "byName",
              "options": "Max Core Utilization"
            },
            "properties": [
              {
                "id": "color",
                "value": {
                  "fixedColor": "#bf1b00",
                  "mode": "fixed"
                }
              }
            ]
          },
          {
            "matcher": {
              "id": "byName",
              "options": "idle"
            },
            "properties": [
              {
                "id": "color",
                "value": {
                  "fixedColor": "#806EB7",
                  "mode": "fixed"
                }
              }
            ]
          },
          {
            "matcher": {
              "id": "byName",
              "options": "iowait"
            },
            "properties": [
              {
                "id": "color",
                "value": {
                  "fixedColor": "#E24D42",
                  "mode": "fixed"
                }
              }
            ]
          },
          {
            "matcher": {
              "id": "byName",
              "options": "nice"
            },
            "properties": [
              {
                "id": "color",
                "value": {
                  "fixedColor": "#1F78C1",
                  "mode": "fixed"
                }
              }
            ]
          },
          {
            "matcher": {
              "id": "byName",
              "options": "softirq"
            },
            "properties": [
              {
                "id": "color",
                "value": {
                  "fixedColor": "#FFFFFF",
                  "mode": "fixed"
                }
              }
            ]
          },
          {
            "matcher": {
              "id": "byName",
              "options": "steal"
            },
            "properties": [
              {
                "id": "color",
                "value": {
                  "fixedColor": "#8F3BB8",
                  "mode": "fixed"
                }
              }
            ]
          },
          {
            "matcher": {
              "id": "byName",
              "options": "system"
            },
            "properties": [
              {
                "id": "color",
                "value": {
                  "fixedColor": "#EAB839",
                  "mode": "fixed"
                }
              }
            ]
          },
          {
            "matcher": {
              "id": "byName",
              "options": "user"
            },
            "properties": [
              {
                "id": "color",
                "value": {
                  "fixedColor": "#508642",
                  "mode": "fixed"
                }
              }
            ]
          },
          {
            "matcher": {
              "id": "byName",
              "options": "Max Core Utilization"
            },
            "properties": [
              {
                "id": "custom.lineWidth",
                "value": 0
              },
              {
                "id": "custom.pointSize",
                "value": 4
              },
              {
                "id": "custom.showPoints",
                "value": "always"
              },
              {
                "id": "custom.stacking",
                "value": {
                  "group": false,
                  "mode": "normal"
                }
              }
            ]
          },
          {
            "matcher": {
              "id": "byName",
              "options": "steal"
            },
            "properties": [
              {
                "id": "color",
                "value": {
                  "fixedColor": "#FFEE52",
                  "mode": "fixed"
                }
              }
            ]
          }
        ]
      },
      "gridPos": {
        "h": 6,
        "w": 12,
        "x": 0,
        "y": 27
      },
      "id": 1039,
      "links": [],
      "options": {
        "legend": {
          "calcs": [
            "lastNotNull"
          ],
          "displayMode": "table",
          "placement": "right",
          "showLegend": true,
          "sortBy": "Last *",
          "sortDesc": true
        },
        "tooltip": {
          "mode": "multi",
          "sort": "desc"
        }
      },
      "pluginVersion": "9.2.20",
      "targets": [
        {
          "datasource": {
            "type": "prometheus",
            "uid": "PA58DA793C7250F1B"
          },
          "editorMode": "code",
          "expr": "avg by (node_name,mode) (clamp_max(((avg by (mode,node_name) ( (clamp_max(rate(node_cpu_seconds_total{node_name=~\"$node_name\",mode!=\"idle\"}[$interval]),1)) or (clamp_max(irate(node_cpu_seconds_total{node_name=~\"$node_name\",mode!=\"idle\"}[5m]),1)) ))*100 or (avg_over_time(node_cpu_average{node_name=~\"$node_name\", mode=~\"user|system|wait|steal|irq|nice\"}[$interval]) or avg_over_time(node_cpu_average{node_name=~\"$node_name\", mode=~\"user|system|wait|steal|irq|nice\"}[5m]))),100))",
          "format": "time_series",
          "interval": "1m",
          "intervalFactor": 1,
          "legendFormat": "{{ mode }}",
          "range": true,
          "refId": "B"
        }
      ],
      "title": "CPU",
      "type": "timeseries"
    },
    {
      "datasource": {
        "type": "prometheus",
        "uid": "PA58DA793C7250F1B"
      },
      "description": "Shows average latency for Reads and Writes IO Devices.  Higher than typical latency for highly loaded storage indicates saturation (overload) and is frequent cause of performance problems.  Higher than normal latency also can indicate internal storage problems.",
      "fieldConfig": {
        "defaults": {
          "color": {
            "mode": "palette-classic"
          },
          "custom": {
            "axisCenteredZero": false,
            "axisColorMode": "text",
            "axisLabel": "",
            "axisPlacement": "auto",
            "barAlignment": 0,
            "drawStyle": "bars",
            "fillOpacity": 20,
            "gradientMode": "none",
            "hideFrom": {
              "legend": false,
              "tooltip": false,
              "viz": false
            },
            "lineInterpolation": "linear",
            "lineWidth": 0,
            "pointSize": 4,
            "scaleDistribution": {
              "log": 2,
              "type": "log"
            },
            "showPoints": "always",
            "spanNulls": false,
            "stacking": {
              "group": "A",
              "mode": "none"
            },
            "thresholdsStyle": {
              "mode": "off"
            }
          },
          "decimals": 2,
          "links": [
            {
              "targetBlank": true,
              "title": "Disk Details - ${__field.labels.node_name}",
              "url": "/graph/d/node-disk/disk-details?var-node_name=${__field.labels.node_name}&$__url_time_range"
            }
          ],
          "mappings": [],
          "thresholds": {
            "mode": "absolute",
            "steps": [
              {
                "color": "green",
                "value": null
              }
            ]
          },
          "unit": "s"
        },
        "overrides": [
          {
            "matcher": {
              "id": "byName",
              "options": "Read Latency"
            },
            "properties": [
              {
                "id": "color",
                "value": {
                  "fixedColor": "#1f78c1",
                  "mode": "fixed"
                }
              }
            ]
          },
          {
            "matcher": {
              "id": "byName",
              "options": "Write Latency"
            },
            "properties": [
              {
                "id": "color",
                "value": {
                  "fixedColor": "orange",
                  "mode": "fixed"
                }
              }
            ]
          }
        ]
      },
      "gridPos": {
        "h": 6,
        "w": 12,
        "x": 12,
        "y": 27
      },
      "id": 1033,
      "links": [],
      "options": {
        "legend": {
          "calcs": [
            "max"
          ],
          "displayMode": "table",
          "placement": "right",
          "showLegend": true,
          "sortBy": "Max",
          "sortDesc": true
        },
        "tooltip": {
          "mode": "multi",
          "sort": "desc"
        }
      },
      "pluginVersion": "9.2.20",
      "targets": [
        {
          "datasource": {
            "type": "prometheus",
            "uid": "PA58DA793C7250F1B"
          },
          "editorMode": "code",
          "expr": "avg by (node_name) ((sum by (node_name) (rate(node_disk_read_time_seconds_total{node_name=~\"$node_name\"}[$interval])) / sum by (node_name) (rate(node_disk_reads_completed_total{node_name=~\"$node_name\"}[$interval]) > 0 )) or (sum by (node_name) (irate(node_disk_read_time_seconds_total{node_name=~\"$node_name\"}[1m])) / \nsum by (node_name) (irate(node_disk_reads_completed_total{node_name=~\"$node_name\"}[1m]) > 0 ))\nor avg_over_time(aws_rds_read_latency_average{node_name=~\"$node_name\"}[$interval])/1000 or avg_over_time(aws_rds_read_latency_average{node_name=~\"$node_name\"}[1m])/1000 or\navg_over_time(rdsosmetrics_diskIO_readLatency{node_name=~\"$node_name\"}[$interval])/1000 or avg_over_time(rdsosmetrics_diskIO_readLatency{node_name=~\"$node_name\"}[1m])/1000)",
          "format": "time_series",
          "interval": "$interval",
          "intervalFactor": 1,
          "legendFormat": "Read Latency",
          "range": true,
          "refId": "A"
        },
        {
          "datasource": {
            "type": "prometheus",
            "uid": "PA58DA793C7250F1B"
          },
          "editorMode": "code",
          "expr": "avg by (node_name) ((sum by (node_name) (rate(node_disk_write_time_seconds_total{node_name=~\"$node_name\"}[$interval])) / sum by (node_name) (rate(node_disk_writes_completed_total{node_name=~\"$node_name\"}[$interval]) > 0 )) or (sum by (node_name) (irate(node_disk_write_time_seconds_total{node_name=~\"$node_name\"}[1m])) / \nsum by (node_name) (irate(node_disk_writes_completed_total{node_name=~\"$node_name\"}[1m]) > 0 ))\nor (avg_over_time(aws_rds_write_latency_average{node_name=~\"$node_name\"}[$interval])/1000 or avg_over_time(aws_rds_write_latency_average{node_name=~\"$node_name\"}[1m])/1000) or\n(avg_over_time(rdsosmetrics_diskIO_writeLatency{node_name=~\"$node_name\"}[$interval]) or avg_over_time(rdsosmetrics_diskIO_writeLatency{node_name=~\"$node_name\"}[1m]))/1000)",
          "format": "time_series",
          "interval": "$interval",
          "intervalFactor": 1,
          "legendFormat": "Write Latency",
          "range": true,
          "refId": "B"
        }
      ],
      "title": "Disk IO Latency",
      "type": "timeseries"
    }
  ],
  "refresh": "30s",
  "schemaVersion": 37,
  "style": "dark",
  "tags": [
    "Percona",
    "PostgreSQL"
  ],
  "templating": {
    "list": [
      {
        "auto": true,
        "auto_count": 200,
        "auto_min": "1s",
        "current": {
          "selected": false,
          "text": "auto",
          "value": "$__auto_interval_interval"
        },
        "hide": 0,
        "label": "Interval",
        "name": "interval",
        "options": [
          {
            "selected": true,
            "text": "auto",
            "value": "$__auto_interval_interval"
          },
          {
            "selected": false,
            "text": "1s",
            "value": "1s"
          },
          {
            "selected": false,
            "text": "5s",
            "value": "5s"
          },
          {
            "selected": false,
            "text": "1m",
            "value": "1m"
          },
          {
            "selected": false,
            "text": "5m",
            "value": "5m"
          },
          {
            "selected": false,
            "text": "1h",
            "value": "1h"
          },
          {
            "selected": false,
            "text": "6h",
            "value": "6h"
          },
          {
            "selected": false,
            "text": "1d",
            "value": "1d"
          }
        ],
        "query": "1s,5s,1m,5m,1h,6h,1d",
        "queryValue": "",
        "refresh": 2,
        "skipUrlSync": false,
        "type": "interval"
      },
      {
        "current": {
          "selected": false,
          "text": "pmm-server",
          "value": "pmm-server"
        },
        "datasource": {
          "type": "prometheus",
          "uid": "PA58DA793C7250F1B"
        },
        "definition": "label_values(pg_up{service_name=~\"$service_name\"},node_name)",
        "hide": 2,
        "includeAll": false,
        "label": "Node Name",
        "multi": false,
        "name": "node_name",
        "options": [],
        "query": {
          "query": "label_values(pg_up{service_name=~\"$service_name\"},node_name)",
          "refId": "StandardVariableQuery"
        },
        "refresh": 2,
        "regex": "",
        "skipUrlSync": false,
        "sort": 5,
        "tagValuesQuery": "",
        "tagsQuery": "",
        "type": "query",
        "useTags": false
      },
      {
        "current": {
          "selected": false,
          "text": "pmm-server-postgresql",
          "value": "pmm-server-postgresql"
        },
        "datasource": {
          "type": "prometheus",
          "uid": "PA58DA793C7250F1B"
        },
        "definition": "label_values(pg_up, service_name)",
        "hide": 0,
        "includeAll": false,
        "label": "Service Name",
        "multi": false,
        "name": "service_name",
        "options": [],
        "query": {
          "query": "label_values(pg_up, service_name)",
          "refId": "Metrics-service_name-Variable-Query"
        },
        "refresh": 2,
        "regex": "",
        "skipUrlSync": false,
        "sort": 5,
        "tagValuesQuery": "",
        "tagsQuery": "",
        "type": "query",
        "useTags": false
      },
      {
        "allValue": "",
        "current": {
          "selected": false,
          "text": "All",
          "value": "$__all"
        },
        "datasource": {
          "type": "prometheus",
          "uid": "PA58DA793C7250F1B"
        },
        "definition": "",
        "hide": 2,
        "includeAll": true,
        "label": "DB",
        "multi": false,
        "name": "database",
        "options": [],
        "query": {
          "query": "label_values(pg_stat_database_tup_fetched{service_name=~\"$service_name\",datname!~\"template.*|postgres\"},datname)",
          "refId": "Metrics-database-Variable-Query"
        },
        "refresh": 2,
        "regex": "",
        "skipUrlSync": false,
        "sort": 5,
        "tagValuesQuery": "",
        "tagsQuery": "",
        "type": "query",
        "useTags": false
      },
      {
        "current": {
          "selected": false,
          "text": "14.10",
          "value": "14.10"
        },
        "datasource": {
          "type": "prometheus",
          "uid": "PA58DA793C7250F1B"
        },
        "definition": "",
        "hide": 2,
        "includeAll": false,
        "multi": false,
        "name": "version",
        "options": [],
        "query": {
          "query": "label_values(pg_static{service_name=~\"$service_name\"},version)",
          "refId": "Metrics-version-Variable-Query"
        },
        "refresh": 2,
        "regex": "/ ([0-9\\.]+)/",
        "skipUrlSync": false,
        "sort": 2,
        "tagValuesQuery": "",
        "tagsQuery": "",
        "type": "query",
        "useTags": false
      },
      {
        "current": {
          "selected": false,
          "text": [
            "All"
          ],
          "value": [
            "$__all"
          ]
        },
        "datasource": {
          "type": "prometheus",
          "uid": "PA58DA793C7250F1B"
        },
        "definition": "label_values({__name__=~\"pg_up|mysql_up|mongodb_up|proxysql_mysql_status_active_transactions\"}, service_type)",
        "hide": 2,
        "includeAll": true,
        "label": "Type",
        "multi": true,
        "name": "service_type",
        "options": [],
        "query": {
          "query": "label_values({__name__=~\"pg_up|mysql_up|mongodb_up|proxysql_mysql_status_active_transactions\"}, service_type)",
          "refId": "Metrics-service_type-Variable-Query"
        },
        "refresh": 1,
        "regex": "",
        "skipUrlSync": false,
        "sort": 5,
        "tagValuesQuery": "",
        "tagsQuery": "",
        "type": "query",
        "useTags": false
      },
      {
        "current": {
          "selected": false,
          "text": "7.350088809953704",
          "value": "7.350088809953704"
        },
        "datasource": {
          "type": "prometheus",
          "uid": "PA58DA793C7250F1B"
        },
        "definition": "query_result(pg_postmaster_uptime_seconds{service_name=~\"$service_name\"}/60/60/24)",
        "hide": 2,
        "includeAll": false,
        "multi": false,
        "name": "uptime",
        "options": [],
        "query": {
          "query": "query_result(pg_postmaster_uptime_seconds{service_name=~\"$service_name\"}/60/60/24)",
          "refId": "StandardVariableQuery"
        },
        "refresh": 1,
        "regex": "/.* ([^\\ ]*) .*/",
        "skipUrlSync": false,
        "sort": 0,
        "type": "query"
      },
      {
        "current": {
          "selected": false,
          "text": "9",
          "value": "9"
        },
        "datasource": {
          "type": "grafana-clickhouse-datasource",
          "uid": "PDEE91DDB90597936"
        },
        "definition": "SELECT count(*)\n   FROM pmm.metrics\n   WHERE service_name = '${service_name}'\n     AND ( period_start  >= $__fromTime AND period_start <= $__toTime )\n    AND m_query_time_sum/m_query_time_cnt > ${qthres}",
        "hide": 2,
        "includeAll": false,
        "label": "slowq",
        "multi": false,
        "name": "slowq",
        "options": [],
        "query": "SELECT count(*)\n   FROM pmm.metrics\n   WHERE service_name = '${service_name}'\n     AND ( period_start  >= $__fromTime AND period_start <= $__toTime )\n    AND m_query_time_sum/m_query_time_cnt > ${qthres}",
        "refresh": 2,
        "regex": "",
        "skipUrlSync": false,
        "sort": 0,
        "type": "query"
      },
      {
        "current": {
          "selected": false,
          "text": "0.010",
          "value": "0.010"
        },
        "hide": 0,
        "includeAll": false,
        "label": "Query Time",
        "multi": false,
        "name": "qthres",
        "options": [
          {
            "selected": false,
            "text": "0.001",
            "value": "0.001"
          },
          {
            "selected": true,
            "text": "0.010",
            "value": "0.010"
          },
          {
            "selected": false,
            "text": "0.100",
            "value": "0.100"
          },
          {
            "selected": false,
            "text": "1",
            "value": "1"
          },
          {
            "selected": false,
            "text": "10",
            "value": "10"
          }
        ],
        "query": "0.001,0.010,0.100,1,10",
        "queryValue": "",
        "skipUrlSync": false,
        "type": "custom"
      },
      {
        "current": {
          "selected": false,
          "text": "15",
          "value": "15"
        },
        "datasource": {
          "type": "grafana-clickhouse-datasource",
          "uid": "PDEE91DDB90597936"
        },
        "definition": "select ($__toTime - $__fromTime)/60",
        "hide": 2,
        "includeAll": false,
        "multi": false,
        "name": "rangeCustom",
        "options": [],
        "query": "select ($__toTime - $__fromTime)/60",
        "refresh": 2,
        "regex": "",
        "skipUrlSync": false,
        "sort": 0,
        "type": "query"
      },
      {
        "current": {
          "selected": false,
          "text": "8",
          "value": "8"
        },
        "datasource": {
          "type": "prometheus",
          "uid": "PA58DA793C7250F1B"
        },
        "definition": "query_result(sum(pg_stat_activity_count{service_name=\"$service_name\"}))",
        "hide": 2,
        "includeAll": false,
        "multi": false,
        "name": "currentConn",
        "options": [],
        "query": {
          "query": "query_result(sum(pg_stat_activity_count{service_name=\"$service_name\"}))",
          "refId": "StandardVariableQuery"
        },
        "refresh": 1,
        "regex": "/.* ([^\\ ]*) .*/",
        "skipUrlSync": false,
        "sort": 0,
        "type": "query"
      },
      {
        "current": {
          "selected": false,
          "text": "1",
          "value": "1"
        },
        "datasource": {
          "type": "prometheus",
          "uid": "PA58DA793C7250F1B"
        },
        "definition": "query_result(sum(pg_stat_activity_count{service_name=\"$service_name\",state=\"active\"}))",
        "hide": 2,
        "includeAll": false,
        "multi": false,
        "name": "activeConn",
        "options": [],
        "query": {
          "query": "query_result(sum(pg_stat_activity_count{service_name=\"$service_name\",state=\"active\"}))",
          "refId": "StandardVariableQuery"
        },
        "refresh": 1,
        "regex": "/.* ([^\\ ]*) .*/",
        "skipUrlSync": false,
        "sort": 0,
        "type": "query"
      },
      {
        "current": {
          "selected": false,
          "text": "pmm-server",
          "value": "pmm-server"
        },
        "datasource": {
          "type": "prometheus",
          "uid": "PA58DA793C7250F1B"
        },
        "definition": "label_values(pg_up{service_name=~\"$service_name\"},node_id)",
        "hide": 2,
        "includeAll": false,
        "label": "Node ID",
        "multi": false,
        "name": "node_id",
        "options": [],
        "query": {
          "query": "label_values(pg_up{service_name=~\"$service_name\"},node_id)",
          "refId": "StandardVariableQuery"
        },
        "refresh": 2,
        "regex": "",
        "skipUrlSync": false,
        "sort": 5,
        "tagValuesQuery": "",
        "tagsQuery": "",
        "type": "query",
        "useTags": false
      },
      {
        "current": {
          "selected": false,
          "text": "7.35",
          "value": "7.35"
        },
        "datasource": {
          "type": "grafana-clickhouse-datasource",
          "uid": "PDEE91DDB90597936"
        },
        "definition": "select round($uptime, 2)",
        "hide": 2,
        "includeAll": false,
        "multi": false,
        "name": "uptimedecimal",
        "options": [],
        "query": "select round($uptime, 2)",
        "refresh": 1,
        "regex": "",
        "skipUrlSync": false,
        "sort": 0,
        "type": "query"
      }
    ]
  },
  "time": {
    "from": "now-15m",
    "to": "now"
  },
  "timepicker": {
    "hidden": false,
    "refresh_intervals": [
      "5s",
      "10s",
      "30s",
      "1m",
      "5m",
      "15m",
      "30m",
      "1h",
      "2h",
      "1d"
    ],
    "time_options": [
      "5m",
      "15m",
      "1h",
      "6h",
      "12h",
      "24h",
      "2d",
      "7d",
      "30d"
    ]
  },
  "timezone": "",
  "title": "PostgreSQL Instance",
  "uid": "Q09d8k7Ik",
  "version": 77,
  "weekStart": ""
}
