{
  "annotations": {
    "list": [
      {
        "builtIn": 1,
        "datasource": "-- Grafana --",
        "enable": true,
        "hide": false,
        "iconColor": "#e0752d",
        "limit": 100,
        "matchAny": true,
        "name": "PMM Annotations",
        "showIn": 0,
        "tags": [
          "pmm_annotation",
          "$service_name"
        ],
        "target": {
          "limit": 100,
          "matchAny": true,
          "tags": [
            "pmm_annotation",
            "$service_name"
          ],
          "type": "tags"
        },
        "type": "tags"
      },
      {
        "builtIn": 1,
        "datasource": "-- Grafana --",
        "enable": true,
        "hide": true,
        "iconColor": "#6ed0e0",
        "limit": 100,
        "name": "Annotations & Alerts",
        "showIn": 0,
        "tags": [],
        "target": {
          "limit": 100,
          "matchAny": false,
          "tags": [],
          "type": "dashboard"
        },
        "type": "dashboard"
      }
    ]
  },
  "description": "",
  "editable": false,
  "fiscalYearStartMonth": 0,
  "graphTooltip": 1,
  "id": null,
  "iteration": 1662975360506,
  "links": [
    {
      "icon": "doc",
      "includeVars": true,
      "keepTime": true,
      "tags": [
        "Home"
      ],
      "targetBlank": false,
      "title": "Home",
      "type": "link",
      "url": "/graph/d/pmm-home/home-dashboard"
    },
    {
      "icon": "dashboard",
      "includeVars": true,
      "keepTime": true,
      "tags": [
        "Query Analytics"
      ],
      "targetBlank": false,
      "title": "Query Analytics",
      "type": "link",
      "url": "/graph/d/pmm-qan/pmm-query-analytics"
    },
    {
      "icon": "bolt",
      "includeVars": true,
      "keepTime": true,
      "tags": [
        "Compare"
      ],
      "targetBlank": false,
      "title": "Compare",
      "type": "link",
      "url": "/graph/d/postgresql-instance-compare/postgresql-instances-compare"
    },
    {
      "asDropdown": true,
      "includeVars": true,
      "keepTime": true,
      "tags": [
        "PostgreSQL"
      ],
      "targetBlank": false,
      "title": "PostgreSQL",
      "type": "dashboards"
    },
    {
      "asDropdown": true,
      "includeVars": false,
      "keepTime": true,
      "tags": [
        "Services"
      ],
      "targetBlank": false,
      "title": "Services",
      "type": "dashboards"
    },
    {
      "asDropdown": true,
      "includeVars": false,
      "keepTime": true,
      "tags": [
        "PMM"
      ],
      "targetBlank": false,
      "title": "PMM",
      "type": "dashboards"
    }
  ],
  "liveNow": false,
  "panels": [
    {
      "collapsed": true,
      "gridPos": {
        "h": 1,
        "w": 24,
        "x": 0,
        "y": 0
      },
      "id": 78,
      "panels": [
        {
          "description": "",
          "gridPos": {
            "h": 4,
            "w": 24,
            "x": 0,
            "y": 4
          },
          "id": 80,
          "options": {
            "content": "#### 🛎️ Important\n\nThis Dashboard is an experimental PostgreSQL Vacuum Monitoring dashboard in Percona Monitoring and Management (PMM) that is not a part of the official PMM deployment and might be updated.\nWe ship this Dashboard to obtain feedback from our users. Once we officially release this Dashboard, it will be moved to the appropriate folder. \n\nTo provide feedback on the Dashboard, please use [our](https://forums.percona.com) forum.🙏",
            "mode": "markdown"
          },
          "pluginVersion": "8.3.10",
          "transparent": true,
          "type": "text"
        }
      ],
      "title": "⚠️ Disclaimer",
      "type": "row"
    },
    {
      "collapsed": false,
      "gridPos": {
        "h": 1,
        "w": 24,
        "x": 0,
        "y": 1
      },
      "id": 74,
      "panels": [],
      "title": "Vacuum",
      "type": "row"
    },
    {
      "gridPos": {
        "h": 3,
        "w": 24,
        "x": 0,
        "y": 2
      },
      "id": 30,
      "links": [],
      "options": {
        "content": "<h1 style='color:#5991A7;font-weight:bold;text-align:center;font-style:italic'>Data for <span style='color:#e68a00'>$service_name</span> with <span style='color:#e68a00'>$interval</span> resolution</h1>",
        "mode": "html"
      },
      "pluginVersion": "8.3.10",
      "type": "text"
    },
    {
      "fieldConfig": {
        "defaults": {
          "color": {
            "mode": "palette-classic"
          },
          "links": [],
          "mappings": [],
          "thresholds": {
            "mode": "absolute",
            "steps": [
              {
                "color": "green",
                "value": null
              }
            ]
          },
          "unit": "percent"
        },
        "overrides": []
      },
      "gridPos": {
        "h": 8,
        "w": 24,
        "x": 0,
        "y": 5
      },
      "id": 23,
      "links": [],
      "options": {
        "displayMode": "gradient",
        "orientation": "auto",
        "reduceOptions": {
          "calcs": [
            "lastNotNull"
          ],
          "fields": "",
          "values": false
        },
        "showUnfilled": true
      },
      "pluginVersion": "8.3.10",
      "targets": [
        {
          "datasource": "Metrics",
          "exemplar": false,
          "expr": "topk(5,sum by (service_name, datname, relname) (pg_stat_user_tables_n_dead_tup{service_name=~\"$service_name\",datname=~\"$database\",relname=~\"$tablename\"}) > 0 /(sum by (service_name, datname, relname) (pg_stat_user_tables_n_live_tup{service_name=~\"$service_name\",datname=~\"$database\",relname=~\"$tablename\"}) + sum by (service_name, datname, relname) (pg_stat_user_tables_n_dead_tup{service_name=~\"$service_name\",datname=~\"$database\",relname=~\"$tablename\"})) * 100)",
          "format": "time_series",
          "hide": false,
          "instant": true,
          "interval": "$interval",
          "intervalFactor": 1,
          "legendFormat": "{{datname}} - {{relname}}",
          "refId": "C"
        }
      ],
      "title": "Dead Tuples",
      "type": "bargauge"
    },
    {
      "description": "",
      "fieldConfig": {
        "defaults": {
          "mappings": [
            {
              "options": {
                "0": {
                  "index": 0,
                  "text": "Never"
                }
              },
              "type": "value"
            }
          ],
          "thresholds": {
            "mode": "absolute",
            "steps": [
              {
                "color": "yellow",
                "value": null
              }
            ]
          },
          "unit": "dateTimeAsIso"
        },
        "overrides": []
      },
      "gridPos": {
        "h": 8,
        "w": 24,
        "x": 0,
        "y": 13
      },
      "id": 34,
      "links": [],
      "options": {
        "colorMode": "background",
        "graphMode": "none",
        "justifyMode": "auto",
        "orientation": "auto",
        "reduceOptions": {
          "calcs": [
            "max"
          ],
          "fields": "",
          "values": false
        },
        "text": {
          "titleSize": 24,
          "valueSize": 24
        },
        "textMode": "auto"
      },
      "pluginVersion": "8.3.10",
      "targets": [
        {
          "datasource": "Metrics",
          "exemplar": true,
          "expr": "bottomk(5,max by (service_name,datname,relname) (pg_stat_user_tables_last_vacuum{service_name=~\"$service_name\",datname=~\"$database\",relname=~\"$tablename\"}*1000) or max by (service_name,datname,relname) (pg_stat_user_tables_last_autovacuum{service_name=~\"$service_name\",datname=~\"$database\",relname=~\"$tablename\"}*1000))",
          "format": "time_series",
          "hide": false,
          "interval": "$interval",
          "intervalFactor": 1,
          "legendFormat": "{{datname}} - {{relname}}",
          "refId": "C"
        },
        {
          "datasource": "Metrics",
          "exemplar": true,
          "expr": "topk(5,time() - max by (service_name,datname,relname) (pg_stat_user_tables_last_vacuum{service_name=~\"$service_name\",datname=~\"$database\",relname=~\"$tablename\"}*1000) > 3600)",
          "format": "time_series",
          "hide": true,
          "interval": "$interval",
          "intervalFactor": 1,
          "legendFormat": "{{datname}} - {{relname}}",
          "refId": "A"
        }
      ],
      "timeFrom": "1h",
      "title": "Last Vacuum",
      "transformations": [
        {
          "id": "convertFieldType",
          "options": {
            "conversions": [],
            "fields": {}
          }
        }
      ],
      "type": "stat"
    },
    {
      "description": "",
      "fieldConfig": {
        "defaults": {
          "mappings": [
            {
              "options": {
                "0": {
                  "index": 0,
                  "text": "Never"
                }
              },
              "type": "value"
            }
          ],
          "thresholds": {
            "mode": "absolute",
            "steps": [
              {
                "color": "purple",
                "value": null
              }
            ]
          },
          "unit": "dateTimeAsIso"
        },
        "overrides": []
      },
      "gridPos": {
        "h": 8,
        "w": 24,
        "x": 0,
        "y": 21
      },
      "id": 76,
      "links": [],
      "options": {
        "colorMode": "background",
        "graphMode": "none",
        "justifyMode": "auto",
        "orientation": "auto",
        "reduceOptions": {
          "calcs": [
            "max"
          ],
          "fields": "",
          "values": false
        },
        "text": {
          "titleSize": 24,
          "valueSize": 24
        },
        "textMode": "auto"
      },
      "pluginVersion": "8.3.10",
      "targets": [
        {
          "datasource": "Metrics",
          "exemplar": true,
          "expr": "bottomk(5,max by (service_name,datname,relname) (pg_stat_user_tables_last_analyze{service_name=~\"$service_name\",datname=~\"$database\",relname=~\"$tablename\"}*1000) or max by (service_name,datname,relname) (pg_stat_user_tables_last_autovanalyze{service_name=~\"$service_name\",datname=~\"$database\",relname=~\"$tablename\"}*1000))",
          "format": "time_series",
          "hide": false,
          "interval": "$interval",
          "intervalFactor": 1,
          "legendFormat": "{{datname}} - {{relname}}",
          "refId": "C"
        }
      ],
      "timeFrom": "1h",
      "title": "Last Analyze",
      "transformations": [
        {
          "id": "convertFieldType",
          "options": {
            "conversions": [],
            "fields": {}
          }
        }
      ],
      "type": "stat"
    },
    {
      "collapsed": false,
      "gridPos": {
        "h": 1,
        "w": 24,
        "x": 0,
        "y": 29
      },
      "id": 60,
      "panels": [],
      "title": "Settings",
      "type": "row"
    },
    {
      "gridPos": {
        "h": 7,
        "w": 24,
        "x": 0,
        "y": 30
      },
      "id": 58,
      "links": [],
      "options": {
        "content": "<table style=\"width:100%; border: 2px solid grey;\">\n  <tr><td></td><td></td><td></td><td></td></tr>\n  <tr><td> Starts the autovacuum subprocess </td><td>${autovacuum}</td><td>Number of tuple inserts, updates, or deletes prior to analyze as a fraction of reltuples</td><td>${autovacuum_analyze_scale_factor}</td></tr>\n  <tr><td> Minimum number of tuple inserts, updates, or deletes prior to analyze </td><td>${autovacuum_analyze_threshold}</td><td>Number of tuple updates or deletes prior to vacuum as a fraction of reltuples</td><td>${autovacuum_vacuum_scale_factor}</td></tr>\n  <tr><td> Minimum number of tuple updates or deletes prior to vacuum </td><td>${autovacuum_vacuum_threshold}</td><td>Vacuum cost amount available before napping, for autovacuum </td><td>${autovacuum_vacuum_cost_limit}</td></tr>\n  <tr><td> Vacuum cost delay in milliseconds, for autovacuum (seconds) </td><td>${autovacuum_vacuum_cost_delay}</td><td> The maximum number of simultaneously running autovacuum worker processes </td><td>${autovacuum_max_workers}</td></tr>\n  <tr><td> Time to sleep between autovacuum runs (seconds) </td><td>${autovacuum_naptime}</td><td>Age at which to autovacuum a table to prevent transaction ID wraparound </td><td>${autovacuum_freeze_max_age}</td></tr>\n  <tr><td> The maximum memory to be used by each autovacuum worker process (bytes)</td><td>${autovacuum_work_mem}</td><td>Multixact age at which to autovacuum a table to prevent multixact wraparound</td><td>${autovacuum_multixact_freeze_max_age}</td></tr>\n  <tr><td></td><td></td><td></td><td></td></tr>\n</table>\n\n",
        "mode": "html"
      },
      "pluginVersion": "8.3.10",
      "title": "PostgreSQL Vacuum Settings",
      "type": "text"
    }
  ],
  "refresh": "1m",
  "schemaVersion": 34,
  "style": "dark",
  "tags": [
    "Percona",
    "PostgreSQL"
  ],
  "templating": {
    "list": [
      {
        "auto": true,
        "auto_count": 200,
        "auto_min": "1s",
        "current": {
          "selected": false,
          "text": "auto",
          "value": "$__auto_interval_interval"
        },
        "hide": 0,
        "label": "Interval",
        "name": "interval",
        "options": [
          {
            "selected": true,
            "text": "auto",
            "value": "$__auto_interval_interval"
          },
          {
            "selected": false,
            "text": "1s",
            "value": "1s"
          },
          {
            "selected": false,
            "text": "5s",
            "value": "5s"
          },
          {
            "selected": false,
            "text": "1m",
            "value": "1m"
          },
          {
            "selected": false,
            "text": "5m",
            "value": "5m"
          },
          {
            "selected": false,
            "text": "1h",
            "value": "1h"
          },
          {
            "selected": false,
            "text": "6h",
            "value": "6h"
          },
          {
            "selected": false,
            "text": "1d",
            "value": "1d"
          }
        ],
        "query": "1s,5s,1m,5m,1h,6h,1d",
        "refresh": 2,
        "skipUrlSync": false,
        "type": "interval"
      },
      {
        "current": {
          "selected": false,
          "text": "",
          "value": ""
        },
        "datasource": "Metrics",
        "definition": "label_values(pg_up{service_name=~\"$service_name\"},node_name)",
        "hide": 2,
        "includeAll": false,
        "label": "Node Name",
        "multi": false,
        "name": "node_name",
        "options": [],
        "query": {
          "query": "label_values(pg_up{service_name=~\"$service_name\"},node_name)",
          "refId": "Metrics-node_name-Variable-Query"
        },
        "refresh": 2,
        "regex": "",
        "skipUrlSync": false,
        "sort": 5,
        "tagValuesQuery": "",
        "tagsQuery": "",
        "type": "query",
        "useTags": false
      },
      {
        "current": {
          "selected": false,
          "text": "",
          "value": ""
        },
        "datasource": "Metrics",
        "definition": "label_values(pg_up, service_name)",
        "hide": 0,
        "includeAll": false,
        "label": "Service Name",
        "multi": false,
        "name": "service_name",
        "options": [],
        "query": {
          "query": "label_values(pg_up, service_name)",
          "refId": "Metrics-service_name-Variable-Query"
        },
        "refresh": 2,
        "regex": "",
        "skipUrlSync": false,
        "sort": 5,
        "tagValuesQuery": "",
        "tagsQuery": "",
        "type": "query",
        "useTags": false
      },
      {
        "allValue": "",
        "current": {
          "selected": false,
          "text": "All",
          "value": "$__all"
        },
        "datasource": "Metrics",
        "definition": "label_values(pg_stat_database_tup_fetched{service_name=~\"$service_name\",datname!~\"template.*|postgres\"},datname)",
        "hide": 0,
        "includeAll": true,
        "label": "DB",
        "multi": false,
        "name": "database",
        "options": [],
        "query": {
          "query": "label_values(pg_stat_database_tup_fetched{service_name=~\"$service_name\",datname!~\"template.*|postgres\"},datname)",
          "refId": "StandardVariableQuery"
        },
        "refresh": 2,
        "regex": "",
        "skipUrlSync": false,
        "sort": 5,
        "tagValuesQuery": "",
        "tagsQuery": "",
        "type": "query",
        "useTags": false
      },
      {
        "allValue": "",
        "current": {
          "selected": false,
          "text": "All",
          "value": "$__all"
        },
        "datasource": "Metrics",
        "definition": "label_values(pg_stat_user_tables_n_live_tup{service_name=~\"$service_name\",datname!~\"template.*|postgres\"},relname)",
        "hide": 0,
        "includeAll": true,
        "label": "Table",
        "multi": false,
        "name": "tablename",
        "options": [],
        "query": {
          "query": "label_values(pg_stat_user_tables_n_live_tup{service_name=~\"$service_name\",datname!~\"template.*|postgres\"},relname)",
          "refId": "StandardVariableQuery"
        },
        "refresh": 2,
        "regex": "",
        "skipUrlSync": false,
        "sort": 5,
        "tagValuesQuery": "",
        "tagsQuery": "",
        "type": "query",
        "useTags": false
      },
      {
        "current": {
          "selected": false,
          "text": "",
          "value": ""
        },
        "datasource": "Metrics",
        "definition": "",
        "hide": 2,
        "includeAll": false,
        "multi": false,
        "name": "autovacuum",
        "options": [],
        "query": {
          "query": "query_result(pg_settings_autovacuum{service_name=~\"$service_name\"})",
          "refId": "Metrics-autovacuum-Variable-Query"
        },
        "refresh": 2,
        "regex": "/ ([0-9\\.]+)/",
        "skipUrlSync": false,
        "sort": 5,
        "tagValuesQuery": "",
        "tagsQuery": "",
        "type": "query",
        "useTags": false
      },
      {
        "current": {
          "selected": false,
          "text": "",
          "value": ""
        },
        "datasource": "Metrics",
        "definition": "",
        "hide": 2,
        "includeAll": false,
        "multi": false,
        "name": "autovacuum_analyze_scale_factor",
        "options": [],
        "query": {
          "query": "query_result(pg_settings_autovacuum_analyze_scale_factor{service_name=~\"$service_name\"})",
          "refId": "Metrics-autovacuum_analyze_scale_factor-Variable-Query"
        },
        "refresh": 2,
        "regex": "/ ([0-9\\.]+)/",
        "skipUrlSync": false,
        "sort": 5,
        "tagValuesQuery": "",
        "tagsQuery": "",
        "type": "query",
        "useTags": false
      },
      {
        "current": {
          "selected": false,
          "text": "",
          "value": ""
        },
        "datasource": "Metrics",
        "definition": "",
        "hide": 2,
        "includeAll": false,
        "multi": false,
        "name": "autovacuum_analyze_threshold",
        "options": [],
        "query": {
          "query": "query_result(pg_settings_autovacuum_analyze_threshold{service_name=~\"$service_name\"})",
          "refId": "Metrics-autovacuum_analyze_threshold-Variable-Query"
        },
        "refresh": 2,
        "regex": "/ ([0-9\\.]+)/",
        "skipUrlSync": false,
        "sort": 5,
        "tagValuesQuery": "",
        "tagsQuery": "",
        "type": "query",
        "useTags": false
      },
      {
        "current": {
          "selected": false,
          "text": "",
          "value": ""
        },
        "datasource": "Metrics",
        "definition": "",
        "hide": 2,
        "includeAll": false,
        "multi": false,
        "name": "autovacuum_vacuum_scale_factor",
        "options": [],
        "query": {
          "query": "query_result(pg_settings_autovacuum_vacuum_scale_factor{service_name=~\"$service_name\"})",
          "refId": "Metrics-autovacuum_vacuum_scale_factor-Variable-Query"
        },
        "refresh": 2,
        "regex": "/ ([0-9\\.]+)/",
        "skipUrlSync": false,
        "sort": 5,
        "tagValuesQuery": "",
        "tagsQuery": "",
        "type": "query",
        "useTags": false
      },
      {
        "current": {
          "selected": false,
          "text": "",
          "value": ""
        },
        "datasource": "Metrics",
        "definition": "",
        "hide": 2,
        "includeAll": false,
        "multi": false,
        "name": "autovacuum_vacuum_threshold",
        "options": [],
        "query": {
          "query": "query_result(pg_settings_autovacuum_vacuum_threshold{service_name=~\"$service_name\"})",
          "refId": "Metrics-autovacuum_vacuum_threshold-Variable-Query"
        },
        "refresh": 2,
        "regex": "/ ([0-9\\.]+)/",
        "skipUrlSync": false,
        "sort": 5,
        "tagValuesQuery": "",
        "tagsQuery": "",
        "type": "query",
        "useTags": false
      },
      {
        "current": {
          "selected": false,
          "text": "",
          "value": ""
        },
        "datasource": "Metrics",
        "definition": "",
        "hide": 2,
        "includeAll": false,
        "multi": false,
        "name": "autovacuum_vacuum_cost_limit",
        "options": [],
        "query": {
          "query": "query_result(pg_settings_autovacuum_vacuum_cost_limit{service_name=~\"$service_name\"})",
          "refId": "Metrics-autovacuum_vacuum_cost_limit-Variable-Query"
        },
        "refresh": 2,
        "regex": "/ ([0-9\\.]+)/",
        "skipUrlSync": false,
        "sort": 5,
        "tagValuesQuery": "",
        "tagsQuery": "",
        "type": "query",
        "useTags": false
      },
      {
        "current": {
          "selected": false,
          "text": "",
          "value": ""
        },
        "datasource": "Metrics",
        "definition": "",
        "hide": 2,
        "includeAll": false,
        "multi": false,
        "name": "autovacuum_vacuum_cost_delay",
        "options": [],
        "query": {
          "query": "query_result(pg_settings_autovacuum_vacuum_cost_delay_seconds{service_name=~\"$service_name\"})",
          "refId": "Metrics-autovacuum_vacuum_cost_delay-Variable-Query"
        },
        "refresh": 2,
        "regex": "/ ([0-9\\.]+)/",
        "skipUrlSync": false,
        "sort": 5,
        "tagValuesQuery": "",
        "tagsQuery": "",
        "type": "query",
        "useTags": false
      },
      {
        "current": {
          "selected": false,
          "text": "",
          "value": ""
        },
        "datasource": "Metrics",
        "definition": "",
        "hide": 2,
        "includeAll": false,
        "multi": false,
        "name": "autovacuum_max_workers",
        "options": [],
        "query": {
          "query": "query_result(pg_settings_autovacuum_max_workers{service_name=~\"$service_name\"})",
          "refId": "Metrics-autovacuum_max_workers-Variable-Query"
        },
        "refresh": 2,
        "regex": "/ ([0-9\\.]+)/",
        "skipUrlSync": false,
        "sort": 5,
        "tagValuesQuery": "",
        "tagsQuery": "",
        "type": "query",
        "useTags": false
      },
      {
        "current": {
          "selected": false,
          "text": "",
          "value": ""
        },
        "datasource": "Metrics",
        "definition": "",
        "hide": 2,
        "includeAll": false,
        "multi": false,
        "name": "autovacuum_naptime",
        "options": [],
        "query": {
          "query": "query_result(pg_settings_autovacuum_naptime_seconds{service_name=~\"$service_name\"})",
          "refId": "Metrics-autovacuum_naptime-Variable-Query"
        },
        "refresh": 2,
        "regex": "/ ([0-9\\.]+)/",
        "skipUrlSync": false,
        "sort": 5,
        "tagValuesQuery": "",
        "tagsQuery": "",
        "type": "query",
        "useTags": false
      },
      {
        "current": {
          "selected": false,
          "text": "",
          "value": ""
        },
        "datasource": "Metrics",
        "definition": "",
        "hide": 2,
        "includeAll": false,
        "multi": false,
        "name": "autovacuum_freeze_max_age",
        "options": [],
        "query": {
          "query": "query_result(pg_settings_autovacuum_freeze_max_age{service_name=~\"$service_name\"})",
          "refId": "Metrics-autovacuum_freeze_max_age-Variable-Query"
        },
        "refresh": 2,
        "regex": "/ ([0-9\\.]+)/",
        "skipUrlSync": false,
        "sort": 5,
        "tagValuesQuery": "",
        "tagsQuery": "",
        "type": "query",
        "useTags": false
      },
      {
        "current": {
          "selected": false,
          "text": "",
          "value": ""
        },
        "datasource": "Metrics",
        "definition": "",
        "hide": 2,
        "includeAll": false,
        "multi": false,
        "name": "autovacuum_work_mem",
        "options": [],
        "query": {
          "query": "query_result(pg_settings_autovacuum_work_mem_bytes{service_name=~\"$service_name\"})",
          "refId": "Metrics-autovacuum_work_mem-Variable-Query"
        },
        "refresh": 2,
        "regex": "/ ([0-9\\.]+)/",
        "skipUrlSync": false,
        "sort": 5,
        "tagValuesQuery": "",
        "tagsQuery": "",
        "type": "query",
        "useTags": false
      },
      {
        "current": {
          "selected": false,
          "text": "",
          "value": ""
        },
        "datasource": "Metrics",
        "definition": "query_result(pg_settings_autovacuum_multixact_freeze_max_age{service_name=~\"$service_name\"})",
        "hide": 2,
        "includeAll": false,
        "multi": false,
        "name": "autovacuum_multixact_freeze_max_age",
        "options": [],
        "query": {
          "query": "query_result(pg_settings_autovacuum_multixact_freeze_max_age{service_name=~\"$service_name\"})",
          "refId": "StandardVariableQuery"
        },
        "refresh": 2,
        "regex": "/ ([0-9\\.]+)/",
        "skipUrlSync": false,
        "sort": 5,
        "tagValuesQuery": "",
        "tagsQuery": "",
        "type": "query",
        "useTags": false
      }
    ]
  },
  "time": {
    "from": "now-12h",
    "to": "now"
  },
  "timepicker": {
    "hidden": false,
    "refresh_intervals": [
      "5s",
      "10s",
      "30s",
      "1m",
      "5m",
      "15m",
      "30m",
      "1h",
      "2h",
      "1d"
    ],
    "time_options": [
      "5m",
      "15m",
      "1h",
      "6h",
      "12h",
      "24h",
      "2d",
      "7d",
      "30d"
    ]
  },
  "timezone": "",
  "title": "PostgreSQL Vacuum Monitoring",
  "uid": "postgres_vacuum_monitoring",
  "version": 1,
  "weekStart": ""
}
